date,expected_bars,observed_bars,missing_bars,coverage,symbol
2023-01-03,390,390,0,1.0,BAC
2023-01-04,390,390,0,1.0,BAC
2023-01-05,390,390,0,1.0,BAC
2023-01-06,390,390,0,1.0,BAC
2023-01-09,390,390,0,1.0,BAC
2023-01-10,390,390,0,1.0,BAC
2023-01-11,390,390,0,1.0,BAC
2023-01-12,390,390,0,1.0,BAC
2023-01-13,390,390,0,1.0,BAC
2023-01-17,390,390,0,1.0,BAC
2023-01-18,390,390,0,1.0,BAC
2023-01-19,390,390,0,1.0,BAC
2023-01-20,390,390,0,1.0,BAC
2023-01-23,390,390,0,1.0,BAC
2023-01-24,390,390,0,1.0,BAC
2023-01-25,390,390,0,1.0,BAC
2023-01-26,390,390,0,1.0,BAC
2023-01-27,390,390,0,1.0,BAC
2023-01-30,390,390,0,1.0,BAC
2023-01-31,390,390,0,1.0,BAC
2023-02-01,390,390,0,1.0,BAC
2023-02-02,390,390,0,1.0,BAC
2023-02-03,390,390,0,1.0,BAC
2023-02-06,390,390,0,1.0,BAC
2023-02-07,390,390,0,1.0,BAC
2023-02-08,390,390,0,1.0,BAC
2023-02-09,390,390,0,1.0,BAC
2023-02-10,390,390,0,1.0,BAC
2023-02-13,390,390,0,1.0,BAC
2023-02-14,390,390,0,1.0,BAC
2023-02-15,390,390,0,1.0,BAC
2023-02-16,390,390,0,1.0,BAC
2023-02-17,390,390,0,1.0,BAC
2023-02-21,390,390,0,1.0,BAC
2023-02-22,390,390,0,1.0,BAC
2023-02-23,390,390,0,1.0,BAC
2023-02-24,390,390,0,1.0,BAC
2023-02-27,390,390,0,1.0,BAC
2023-02-28,390,390,0,1.0,BAC
2023-03-01,390,390,0,1.0,BAC
2023-03-02,390,390,0,1.0,BAC
2023-03-03,390,390,0,1.0,BAC
2023-03-06,390,390,0,1.0,BAC
2023-03-07,390,390,0,1.0,BAC
2023-03-08,390,390,0,1.0,BAC
2023-03-09,390,390,0,1.0,BAC
2023-03-10,390,390,0,1.0,BAC
2023-03-13,390,390,0,1.0,BAC
2023-03-14,390,390,0,1.0,BAC
2023-03-15,390,390,0,1.0,BAC
2023-03-16,390,390,0,1.0,BAC
2023-03-17,390,390,0,1.0,BAC
2023-03-20,390,390,0,1.0,BAC
2023-03-21,390,390,0,1.0,BAC
2023-03-22,390,390,0,1.0,BAC
2023-03-23,390,390,0,1.0,BAC
2023-03-24,390,390,0,1.0,BAC
2023-03-27,390,390,0,1.0,BAC
2023-03-28,390,390,0,1.0,BAC
2023-03-29,390,390,0,1.0,BAC
2023-03-30,390,390,0,1.0,BAC
2023-03-31,390,390,0,1.0,BAC
2023-04-03,390,390,0,1.0,BAC
2023-04-04,390,390,0,1.0,BAC
2023-04-05,390,390,0,1.0,BAC
2023-04-06,390,390,0,1.0,BAC
2023-04-10,390,390,0,1.0,BAC
2023-04-11,390,390,0,1.0,BAC
2023-04-12,390,390,0,1.0,BAC
2023-04-13,390,390,0,1.0,BAC
2023-04-14,390,390,0,1.0,BAC
2023-04-17,390,390,0,1.0,BAC
2023-04-18,390,390,0,1.0,BAC
2023-04-19,390,390,0,1.0,BAC
2023-04-20,390,390,0,1.0,BAC
2023-04-21,390,390,0,1.0,BAC
2023-04-24,390,390,0,1.0,BAC
2023-04-25,390,390,0,1.0,BAC
2023-04-26,390,390,0,1.0,BAC
2023-04-27,390,390,0,1.0,BAC
2023-04-28,390,390,0,1.0,BAC
2023-05-01,390,390,0,1.0,BAC
2023-05-02,390,390,0,1.0,BAC
2023-05-03,390,390,0,1.0,BAC
2023-05-04,390,390,0,1.0,BAC
2023-05-05,390,390,0,1.0,BAC
2023-05-08,390,390,0,1.0,BAC
2023-05-09,390,390,0,1.0,BAC
2023-05-10,390,390,0,1.0,BAC
2023-05-11,390,390,0,1.0,BAC
2023-05-12,390,390,0,1.0,BAC
2023-05-15,390,390,0,1.0,BAC
2023-05-16,390,390,0,1.0,BAC
2023-05-17,390,390,0,1.0,BAC
2023-05-18,390,390,0,1.0,BAC
2023-05-19,390,390,0,1.0,BAC
2023-05-22,390,390,0,1.0,BAC
2023-05-23,390,390,0,1.0,BAC
2023-05-24,390,390,0,1.0,BAC
2023-05-25,390,390,0,1.0,BAC
2023-05-26,390,390,0,1.0,BAC
2023-05-30,390,390,0,1.0,BAC
2023-05-31,390,390,0,1.0,BAC
2023-06-01,390,390,0,1.0,BAC
2023-06-02,390,390,0,1.0,BAC
2023-06-05,390,386,4,0.9897435897435898,BAC
2023-06-06,390,390,0,1.0,BAC
2023-06-07,390,390,0,1.0,BAC
2023-06-08,390,390,0,1.0,BAC
2023-06-09,390,390,0,1.0,BAC
2023-06-12,390,390,0,1.0,BAC
2023-06-13,390,390,0,1.0,BAC
2023-06-14,390,390,0,1.0,BAC
2023-06-15,390,390,0,1.0,BAC
2023-06-16,390,390,0,1.0,BAC
2023-06-20,390,390,0,1.0,BAC
2023-06-21,390,390,0,1.0,BAC
2023-06-22,390,390,0,1.0,BAC
2023-06-23,390,390,0,1.0,BAC
2023-06-26,390,390,0,1.0,BAC
2023-06-27,390,390,0,1.0,BAC
2023-06-28,390,390,0,1.0,BAC
2023-06-29,390,390,0,1.0,BAC
2023-06-30,390,390,0,1.0,BAC
2023-07-03,210,210,0,1.0,BAC
2023-07-05,390,390,0,1.0,BAC
2023-07-06,390,390,0,1.0,BAC
2023-07-07,390,390,0,1.0,BAC
2023-07-10,390,390,0,1.0,BAC
2023-07-11,390,390,0,1.0,BAC
2023-07-12,390,390,0,1.0,BAC
2023-07-13,390,390,0,1.0,BAC
2023-07-14,390,390,0,1.0,BAC
2023-07-17,390,390,0,1.0,BAC
2023-07-18,390,390,0,1.0,BAC
2023-07-19,390,390,0,1.0,BAC
2023-07-20,390,390,0,1.0,BAC
2023-07-21,390,390,0,1.0,BAC
2023-07-24,390,390,0,1.0,BAC
2023-07-25,390,390,0,1.0,BAC
2023-07-26,390,390,0,1.0,BAC
2023-07-27,390,390,0,1.0,BAC
2023-07-28,390,390,0,1.0,BAC
2023-07-31,390,390,0,1.0,BAC
2023-08-01,390,390,0,1.0,BAC
2023-08-02,390,390,0,1.0,BAC
2023-08-03,390,390,0,1.0,BAC
2023-08-04,390,390,0,1.0,BAC
2023-08-07,390,390,0,1.0,BAC
2023-08-08,390,390,0,1.0,BAC
2023-08-09,390,390,0,1.0,BAC
2023-08-10,390,390,0,1.0,BAC
2023-08-11,390,390,0,1.0,BAC
2023-08-14,390,390,0,1.0,BAC
2023-08-15,390,390,0,1.0,BAC
2023-08-16,390,390,0,1.0,BAC
2023-08-17,390,390,0,1.0,BAC
2023-08-18,390,390,0,1.0,BAC
2023-08-21,390,390,0,1.0,BAC
2023-08-22,390,390,0,1.0,BAC
2023-08-23,390,390,0,1.0,BAC
2023-08-24,390,390,0,1.0,BAC
2023-08-25,390,390,0,1.0,BAC
2023-08-28,390,390,0,1.0,BAC
2023-08-29,390,390,0,1.0,BAC
2023-08-30,390,390,0,1.0,BAC
2023-08-31,390,390,0,1.0,BAC
2023-09-01,390,390,0,1.0,BAC
2023-09-05,390,390,0,1.0,BAC
2023-09-06,390,390,0,1.0,BAC
2023-09-07,390,390,0,1.0,BAC
2023-09-08,390,390,0,1.0,BAC
2023-09-11,390,390,0,1.0,BAC
2023-09-12,390,390,0,1.0,BAC
2023-09-13,390,390,0,1.0,BAC
2023-09-14,390,390,0,1.0,BAC
2023-09-15,390,390,0,1.0,BAC
2023-09-18,390,390,0,1.0,BAC
2023-09-19,390,390,0,1.0,BAC
2023-09-20,390,390,0,1.0,BAC
2023-09-21,390,390,0,1.0,BAC
2023-09-22,390,390,0,1.0,BAC
2023-09-25,390,390,0,1.0,BAC
2023-09-26,390,390,0,1.0,BAC
2023-09-27,390,390,0,1.0,BAC
2023-09-28,390,390,0,1.0,BAC
2023-09-29,390,390,0,1.0,BAC
2023-10-02,390,390,0,1.0,BAC
2023-10-03,390,390,0,1.0,BAC
2023-10-04,390,390,0,1.0,BAC
2023-10-05,390,390,0,1.0,BAC
2023-10-06,390,390,0,1.0,BAC
2023-10-09,390,390,0,1.0,BAC
2023-10-10,390,390,0,1.0,BAC
2023-10-11,390,390,0,1.0,BAC
2023-10-12,390,390,0,1.0,BAC
2023-10-13,390,390,0,1.0,BAC
2023-10-16,390,390,0,1.0,BAC
2023-10-17,390,390,0,1.0,BAC
2023-10-18,390,390,0,1.0,BAC
2023-10-19,390,390,0,1.0,BAC
2023-10-20,390,390,0,1.0,BAC
2023-10-23,390,390,0,1.0,BAC
2023-10-24,390,390,0,1.0,BAC
2023-10-25,390,390,0,1.0,BAC
2023-10-26,390,390,0,1.0,BAC
2023-10-27,390,390,0,1.0,BAC
2023-10-30,390,390,0,1.0,BAC
2023-10-31,390,390,0,1.0,BAC
2023-11-01,390,390,0,1.0,BAC
2023-11-02,390,390,0,1.0,BAC
2023-11-03,390,390,0,1.0,BAC
2023-11-06,390,390,0,1.0,BAC
2023-11-07,390,390,0,1.0,BAC
2023-11-08,390,390,0,1.0,BAC
2023-11-09,390,390,0,1.0,BAC
2023-11-10,390,390,0,1.0,BAC
2023-11-13,390,390,0,1.0,BAC
2023-11-14,390,390,0,1.0,BAC
2023-11-15,390,390,0,1.0,BAC
2023-11-16,390,390,0,1.0,BAC
2023-11-17,390,390,0,1.0,BAC
2023-11-20,390,390,0,1.0,BAC
2023-11-21,390,390,0,1.0,BAC
2023-11-22,390,390,0,1.0,BAC
2023-11-24,210,210,0,1.0,BAC
2023-11-27,390,390,0,1.0,BAC
2023-11-28,390,390,0,1.0,BAC
2023-11-29,390,390,0,1.0,BAC
2023-11-30,390,390,0,1.0,BAC
2023-12-01,390,390,0,1.0,BAC
2023-12-04,390,390,0,1.0,BAC
2023-12-05,390,390,0,1.0,BAC
2023-12-06,390,390,0,1.0,BAC
2023-12-07,390,390,0,1.0,BAC
2023-12-08,390,390,0,1.0,BAC
2023-12-11,390,390,0,1.0,BAC
2023-12-12,390,390,0,1.0,BAC
2023-12-13,390,390,0,1.0,BAC
2023-12-14,390,390,0,1.0,BAC
2023-12-15,390,390,0,1.0,BAC
2023-12-18,390,390,0,1.0,BAC
2023-12-19,390,390,0,1.0,BAC
2023-12-20,390,390,0,1.0,BAC
2023-12-21,390,390,0,1.0,BAC
2023-12-22,390,390,0,1.0,BAC
2023-12-26,390,390,0,1.0,BAC
2023-12-27,390,390,0,1.0,BAC
2023-12-28,390,390,0,1.0,BAC
2023-12-29,390,390,0,1.0,BAC
2024-01-02,390,390,0,1.0,BAC
2024-01-03,390,390,0,1.0,BAC
2024-01-04,390,390,0,1.0,BAC
2024-01-05,390,390,0,1.0,BAC
2024-01-08,390,390,0,1.0,BAC
2024-01-09,390,390,0,1.0,BAC
2024-01-10,390,390,0,1.0,BAC
2024-01-11,390,390,0,1.0,BAC
2024-01-12,390,390,0,1.0,BAC
2024-01-16,390,390,0,1.0,BAC
2024-01-17,390,390,0,1.0,BAC
2024-01-18,390,390,0,1.0,BAC
2024-01-19,390,390,0,1.0,BAC
2024-01-22,390,390,0,1.0,BAC
2024-01-23,390,390,0,1.0,BAC
2024-01-24,390,390,0,1.0,BAC
2024-01-25,390,390,0,1.0,BAC
2024-01-26,390,390,0,1.0,BAC
2024-01-29,390,390,0,1.0,BAC
2024-01-30,390,390,0,1.0,BAC
2024-01-31,390,390,0,1.0,BAC
2024-02-01,390,390,0,1.0,BAC
2024-02-02,390,390,0,1.0,BAC
2024-02-05,390,390,0,1.0,BAC
2024-02-06,390,390,0,1.0,BAC
2024-02-07,390,390,0,1.0,BAC
2024-02-08,390,390,0,1.0,BAC
2024-02-09,390,390,0,1.0,BAC
2024-02-12,390,390,0,1.0,BAC
2024-02-13,390,390,0,1.0,BAC
2024-02-14,390,390,0,1.0,BAC
2024-02-15,390,390,0,1.0,BAC
2024-02-16,390,390,0,1.0,BAC
2024-02-20,390,390,0,1.0,BAC
2024-02-21,390,390,0,1.0,BAC
2024-02-22,390,390,0,1.0,BAC
2024-02-23,390,390,0,1.0,BAC
2024-02-26,390,390,0,1.0,BAC
2024-02-27,390,390,0,1.0,BAC
2024-02-28,390,390,0,1.0,BAC
2024-02-29,390,390,0,1.0,BAC
2024-03-01,390,390,0,1.0,BAC
2024-03-04,390,390,0,1.0,BAC
2024-03-05,390,390,0,1.0,BAC
2024-03-06,390,390,0,1.0,BAC
2024-03-07,390,390,0,1.0,BAC
2024-03-08,390,390,0,1.0,BAC
2024-03-11,390,390,0,1.0,BAC
2024-03-12,390,390,0,1.0,BAC
2024-03-13,390,390,0,1.0,BAC
2024-03-14,390,390,0,1.0,BAC
2024-03-15,390,390,0,1.0,BAC
2024-03-18,390,390,0,1.0,BAC
2024-03-19,390,390,0,1.0,BAC
2024-03-20,390,390,0,1.0,BAC
2024-03-21,390,390,0,1.0,BAC
2024-03-22,390,390,0,1.0,BAC
2024-03-25,390,390,0,1.0,BAC
2024-03-26,390,390,0,1.0,BAC
2024-03-27,390,390,0,1.0,BAC
2024-03-28,390,390,0,1.0,BAC
2024-04-01,390,390,0,1.0,BAC
2024-04-02,390,390,0,1.0,BAC
2024-04-03,390,390,0,1.0,BAC
2024-04-04,390,390,0,1.0,BAC
2024-04-05,390,390,0,1.0,BAC
2024-04-08,390,390,0,1.0,BAC
2024-04-09,390,390,0,1.0,BAC
2024-04-10,390,390,0,1.0,BAC
2024-04-11,390,390,0,1.0,BAC
2024-04-12,390,390,0,1.0,BAC
2024-04-15,390,390,0,1.0,BAC
2024-04-16,390,390,0,1.0,BAC
2024-04-17,390,390,0,1.0,BAC
2024-04-18,390,390,0,1.0,BAC
2024-04-19,390,390,0,1.0,BAC
2024-04-22,390,390,0,1.0,BAC
2024-04-23,390,390,0,1.0,BAC
2024-04-24,390,390,0,1.0,BAC
2024-04-25,390,390,0,1.0,BAC
2024-04-26,390,390,0,1.0,BAC
2024-04-29,390,390,0,1.0,BAC
2024-04-30,390,390,0,1.0,BAC
2024-05-01,390,390,0,1.0,BAC
2024-05-02,390,390,0,1.0,BAC
2024-05-03,390,390,0,1.0,BAC
2024-05-06,390,390,0,1.0,BAC
2024-05-07,390,390,0,1.0,BAC
2024-05-08,390,390,0,1.0,BAC
2024-05-09,390,390,0,1.0,BAC
2024-05-10,390,390,0,1.0,BAC
2024-05-13,390,390,0,1.0,BAC
2024-05-14,390,390,0,1.0,BAC
2024-05-15,390,390,0,1.0,BAC
2024-05-16,390,390,0,1.0,BAC
2024-05-17,390,390,0,1.0,BAC
2024-05-20,390,390,0,1.0,BAC
2024-05-21,390,390,0,1.0,BAC
2024-05-22,390,390,0,1.0,BAC
2024-05-23,390,390,0,1.0,BAC
2024-05-24,390,390,0,1.0,BAC
2024-05-28,390,390,0,1.0,BAC
2024-05-29,390,390,0,1.0,BAC
2024-05-30,390,390,0,1.0,BAC
2024-05-31,390,390,0,1.0,BAC
2024-06-03,390,390,0,1.0,BAC
2024-06-04,390,390,0,1.0,BAC
2024-06-05,390,390,0,1.0,BAC
2024-06-06,390,390,0,1.0,BAC
2024-06-07,390,390,0,1.0,BAC
2024-06-10,390,390,0,1.0,BAC
2024-06-11,390,390,0,1.0,BAC
2024-06-12,390,390,0,1.0,BAC
2024-06-13,390,390,0,1.0,BAC
2024-06-14,390,390,0,1.0,BAC
2024-06-17,390,390,0,1.0,BAC
2024-06-18,390,390,0,1.0,BAC
2024-06-20,390,390,0,1.0,BAC
2024-06-21,390,390,0,1.0,BAC
2024-06-24,390,390,0,1.0,BAC
2024-06-25,390,390,0,1.0,BAC
2024-06-26,390,390,0,1.0,BAC
2024-06-27,390,390,0,1.0,BAC
2024-06-28,390,390,0,1.0,BAC
2024-07-01,390,390,0,1.0,BAC
2024-07-02,390,390,0,1.0,BAC
2024-07-03,210,210,0,1.0,BAC
2024-07-05,390,390,0,1.0,BAC
2024-07-08,390,390,0,1.0,BAC
2024-07-09,390,390,0,1.0,BAC
2024-07-10,390,390,0,1.0,BAC
2024-07-11,390,390,0,1.0,BAC
2024-07-12,390,390,0,1.0,BAC
2024-07-15,390,390,0,1.0,BAC
2024-07-16,390,390,0,1.0,BAC
2024-07-17,390,390,0,1.0,BAC
2024-07-18,390,390,0,1.0,BAC
2024-07-19,390,390,0,1.0,BAC
2024-07-22,390,390,0,1.0,BAC
2024-07-23,390,390,0,1.0,BAC
2024-07-24,390,390,0,1.0,BAC
2024-07-25,390,390,0,1.0,BAC
2024-07-26,390,390,0,1.0,BAC
2024-07-29,390,390,0,1.0,BAC
2024-07-30,390,390,0,1.0,BAC
2024-07-31,390,390,0,1.0,BAC
2024-08-01,390,390,0,1.0,BAC
2024-08-02,390,390,0,1.0,BAC
2024-08-05,390,390,0,1.0,BAC
2024-08-06,390,390,0,1.0,BAC
2024-08-07,390,390,0,1.0,BAC
2024-08-08,390,390,0,1.0,BAC
2024-08-09,390,390,0,1.0,BAC
2024-08-12,390,390,0,1.0,BAC
2024-08-13,390,390,0,1.0,BAC
2024-08-14,390,390,0,1.0,BAC
2024-08-15,390,390,0,1.0,BAC
2024-08-16,390,390,0,1.0,BAC
2024-08-19,390,390,0,1.0,BAC
2024-08-20,390,390,0,1.0,BAC
2024-08-21,390,390,0,1.0,BAC
2024-08-22,390,390,0,1.0,BAC
2024-08-23,390,390,0,1.0,BAC
2024-08-26,390,390,0,1.0,BAC
2024-08-27,390,390,0,1.0,BAC
2024-08-28,390,390,0,1.0,BAC
2024-08-29,390,390,0,1.0,BAC
2024-08-30,390,390,0,1.0,BAC
2024-09-03,390,390,0,1.0,BAC
2024-09-04,390,390,0,1.0,BAC
2024-09-05,390,390,0,1.0,BAC
2024-09-06,390,390,0,1.0,BAC
2024-09-09,390,390,0,1.0,BAC
2024-09-10,390,390,0,1.0,BAC
2024-09-11,390,390,0,1.0,BAC
2024-09-12,390,390,0,1.0,BAC
2024-09-13,390,390,0,1.0,BAC
2024-09-16,390,390,0,1.0,BAC
2024-09-17,390,390,0,1.0,BAC
2024-09-18,390,390,0,1.0,BAC
2024-09-19,390,390,0,1.0,BAC
2024-09-20,390,390,0,1.0,BAC
2024-09-23,390,390,0,1.0,BAC
2024-09-24,390,390,0,1.0,BAC
2024-09-25,390,390,0,1.0,BAC
2024-09-26,390,390,0,1.0,BAC
2024-09-27,390,390,0,1.0,BAC
2024-09-30,390,390,0,1.0,BAC
2024-10-01,390,390,0,1.0,BAC
2024-10-02,390,390,0,1.0,BAC
2024-10-03,390,390,0,1.0,BAC
2024-10-04,390,390,0,1.0,BAC
2024-10-07,390,390,0,1.0,BAC
2024-10-08,390,390,0,1.0,BAC
2024-10-09,390,390,0,1.0,BAC
2024-10-10,390,390,0,1.0,BAC
2024-10-11,390,390,0,1.0,BAC
2024-10-14,390,390,0,1.0,BAC
2024-10-15,390,390,0,1.0,BAC
2024-10-16,390,390,0,1.0,BAC
2024-10-17,390,390,0,1.0,BAC
2024-10-18,390,390,0,1.0,BAC
2024-10-21,390,390,0,1.0,BAC
2024-10-22,390,390,0,1.0,BAC
2024-10-23,390,390,0,1.0,BAC
2024-10-24,390,390,0,1.0,BAC
2024-10-25,390,390,0,1.0,BAC
2024-10-28,390,390,0,1.0,BAC
2024-10-29,390,390,0,1.0,BAC
2024-10-30,390,390,0,1.0,BAC
2024-10-31,390,390,0,1.0,BAC
2024-11-01,390,390,0,1.0,BAC
2024-11-04,390,390,0,1.0,BAC
2024-11-05,390,390,0,1.0,BAC
2024-11-06,390,390,0,1.0,BAC
2024-11-07,390,390,0,1.0,BAC
2024-11-08,390,390,0,1.0,BAC
2024-11-11,390,390,0,1.0,BAC
2024-11-12,390,390,0,1.0,BAC
2024-11-13,390,390,0,1.0,BAC
2024-11-14,390,390,0,1.0,BAC
2024-11-15,390,390,0,1.0,BAC
2024-11-18,390,390,0,1.0,BAC
2024-11-19,390,390,0,1.0,BAC
2024-11-20,390,390,0,1.0,BAC
2024-11-21,390,390,0,1.0,BAC
2024-11-22,390,390,0,1.0,BAC
2024-11-25,390,390,0,1.0,BAC
2024-11-26,390,390,0,1.0,BAC
2024-11-27,390,390,0,1.0,BAC
2024-11-29,210,210,0,1.0,BAC
2024-12-02,390,390,0,1.0,BAC
2024-12-03,390,390,0,1.0,BAC
2024-12-04,390,390,0,1.0,BAC
2024-12-05,390,390,0,1.0,BAC
2024-12-06,390,390,0,1.0,BAC
2024-12-09,390,390,0,1.0,BAC
2024-12-10,390,390,0,1.0,BAC
2024-12-11,390,390,0,1.0,BAC
2024-12-12,390,390,0,1.0,BAC
2024-12-13,390,390,0,1.0,BAC
2024-12-16,390,390,0,1.0,BAC
2024-12-17,390,390,0,1.0,BAC
2024-12-18,390,390,0,1.0,BAC
2024-12-19,390,390,0,1.0,BAC
2024-12-20,390,390,0,1.0,BAC
2024-12-23,390,390,0,1.0,BAC
2024-12-24,210,210,0,1.0,BAC
2024-12-26,390,390,0,1.0,BAC
2024-12-27,390,390,0,1.0,BAC
2024-12-30,390,390,0,1.0,BAC
2024-12-31,390,390,0,1.0,BAC
2025-01-02,390,390,0,1.0,BAC
2025-01-03,390,390,0,1.0,BAC
2025-01-06,390,390,0,1.0,BAC
2025-01-07,390,390,0,1.0,BAC
2025-01-08,390,390,0,1.0,BAC
2025-01-10,390,390,0,1.0,BAC
2025-01-13,390,390,0,1.0,BAC
2025-01-14,390,390,0,1.0,BAC
2025-01-15,390,390,0,1.0,BAC
2025-01-16,390,390,0,1.0,BAC
2025-01-17,390,390,0,1.0,BAC
2025-01-21,390,390,0,1.0,BAC
2025-01-22,390,390,0,1.0,BAC
2025-01-23,390,390,0,1.0,BAC
2025-01-24,390,390,0,1.0,BAC
2025-01-27,390,390,0,1.0,BAC
2025-01-28,390,390,0,1.0,BAC
2025-01-29,390,390,0,1.0,BAC
2025-01-30,390,390,0,1.0,BAC
2025-01-31,390,390,0,1.0,BAC
2025-02-03,390,390,0,1.0,BAC
2025-02-04,390,390,0,1.0,BAC
2025-02-05,390,390,0,1.0,BAC
2025-02-06,390,390,0,1.0,BAC
2025-02-07,390,390,0,1.0,BAC
2025-02-10,390,390,0,1.0,BAC
2025-02-11,390,390,0,1.0,BAC
2025-02-12,390,390,0,1.0,BAC
2025-02-13,390,390,0,1.0,BAC
2025-02-14,390,390,0,1.0,BAC
2025-02-18,390,390,0,1.0,BAC
2025-02-19,390,390,0,1.0,BAC
2025-02-20,390,390,0,1.0,BAC
2025-02-21,390,390,0,1.0,BAC
2025-02-24,390,390,0,1.0,BAC
2025-02-25,390,390,0,1.0,BAC
2025-02-26,390,390,0,1.0,BAC
2025-02-27,390,390,0,1.0,BAC
2025-02-28,390,390,0,1.0,BAC
2025-03-03,390,390,0,1.0,BAC
2025-03-04,390,390,0,1.0,BAC
2025-03-05,390,390,0,1.0,BAC
2025-03-06,390,390,0,1.0,BAC
2025-03-07,390,390,0,1.0,BAC
2025-03-10,390,390,0,1.0,BAC
2025-03-11,390,390,0,1.0,BAC
2025-03-12,390,390,0,1.0,BAC
2025-03-13,390,390,0,1.0,BAC
2025-03-14,390,390,0,1.0,BAC
2025-03-17,390,390,0,1.0,BAC
2025-03-18,390,390,0,1.0,BAC
2025-03-19,390,390,0,1.0,BAC
2025-03-20,390,390,0,1.0,BAC
2025-03-21,390,390,0,1.0,BAC
2025-03-24,390,390,0,1.0,BAC
2025-03-25,390,390,0,1.0,BAC
2025-03-26,390,390,0,1.0,BAC
2025-03-27,390,390,0,1.0,BAC
2025-03-28,390,390,0,1.0,BAC
2025-03-31,390,390,0,1.0,BAC
2025-04-01,390,390,0,1.0,BAC
2025-04-02,390,390,0,1.0,BAC
2025-04-03,390,390,0,1.0,BAC
2025-04-04,390,390,0,1.0,BAC
2025-04-07,390,390,0,1.0,BAC
2025-04-08,390,390,0,1.0,BAC
2025-04-09,390,390,0,1.0,BAC
2025-04-10,390,390,0,1.0,BAC
2025-04-11,390,390,0,1.0,BAC
2025-04-14,390,390,0,1.0,BAC
2025-04-15,390,390,0,1.0,BAC
2025-04-16,390,390,0,1.0,BAC
2025-04-17,390,390,0,1.0,BAC
2025-04-21,390,390,0,1.0,BAC
2025-04-22,390,390,0,1.0,BAC
2025-04-23,390,390,0,1.0,BAC
2025-04-24,390,390,0,1.0,BAC
2025-04-25,390,390,0,1.0,BAC
2025-04-28,390,390,0,1.0,BAC
2025-04-29,390,390,0,1.0,BAC
2025-04-30,390,390,0,1.0,BAC
2025-05-01,390,390,0,1.0,BAC
2025-05-02,390,390,0,1.0,BAC
2025-05-05,390,390,0,1.0,BAC
2025-05-06,390,390,0,1.0,BAC
2025-05-07,390,390,0,1.0,BAC
2025-05-08,390,390,0,1.0,BAC
2025-05-09,390,390,0,1.0,BAC
2025-05-12,390,390,0,1.0,BAC
2025-05-13,390,390,0,1.0,BAC
2025-05-14,390,390,0,1.0,BAC
2025-05-15,390,390,0,1.0,BAC
2025-05-16,390,390,0,1.0,BAC
2025-05-19,390,390,0,1.0,BAC
2025-05-20,390,390,0,1.0,BAC
2025-05-21,390,390,0,1.0,BAC
2025-05-22,390,390,0,1.0,BAC
2025-05-23,390,390,0,1.0,BAC
2025-05-27,390,390,0,1.0,BAC
2025-05-28,390,390,0,1.0,BAC
2025-05-29,390,390,0,1.0,BAC
2025-05-30,390,390,0,1.0,BAC
2025-06-02,390,390,0,1.0,BAC
2025-06-03,390,390,0,1.0,BAC
2025-06-04,390,390,0,1.0,BAC
2025-06-05,390,390,0,1.0,BAC
2025-06-06,390,390,0,1.0,BAC
2025-06-09,390,390,0,1.0,BAC
2025-06-10,390,390,0,1.0,BAC
2025-06-11,390,390,0,1.0,BAC
2025-06-12,390,390,0,1.0,BAC
2025-06-13,390,390,0,1.0,BAC
2025-06-16,390,390,0,1.0,BAC
2025-06-17,390,390,0,1.0,BAC
2025-06-18,390,390,0,1.0,BAC
2025-06-20,390,390,0,1.0,BAC
2025-06-23,390,390,0,1.0,BAC
2025-06-24,390,390,0,1.0,BAC
2025-06-25,390,390,0,1.0,BAC
2025-06-26,390,390,0,1.0,BAC
2025-06-27,390,390,0,1.0,BAC
2025-06-30,390,390,0,1.0,BAC
2025-07-01,390,390,0,1.0,BAC
2025-07-02,390,390,0,1.0,BAC
2025-07-03,210,210,0,1.0,BAC
2025-07-07,390,390,0,1.0,BAC
2025-07-08,390,390,0,1.0,BAC
2025-07-09,390,390,0,1.0,BAC
2025-07-10,390,390,0,1.0,BAC
2025-07-11,390,390,0,1.0,BAC
2025-07-14,390,390,0,1.0,BAC
2025-07-15,390,390,0,1.0,BAC
2025-07-16,390,390,0,1.0,BAC
2025-07-17,390,390,0,1.0,BAC
2025-07-18,390,390,0,1.0,BAC
2025-07-21,390,390,0,1.0,BAC
2025-07-22,390,390,0,1.0,BAC
2025-07-23,390,390,0,1.0,BAC
2025-07-24,390,390,0,1.0,BAC
2025-07-25,390,390,0,1.0,BAC
2025-07-28,390,390,0,1.0,BAC
2025-07-29,390,390,0,1.0,BAC
2025-07-30,390,390,0,1.0,BAC
2025-07-31,390,390,0,1.0,BAC
2025-08-01,390,390,0,1.0,BAC
2025-08-04,390,390,0,1.0,BAC
2025-08-05,390,390,0,1.0,BAC
2025-08-06,390,390,0,1.0,BAC
2025-08-07,390,390,0,1.0,BAC
2025-08-08,390,390,0,1.0,BAC
2025-08-11,390,390,0,1.0,BAC
2025-08-12,390,390,0,1.0,BAC
2025-08-13,390,390,0,1.0,BAC
2025-08-14,390,390,0,1.0,BAC
2025-08-15,390,390,0,1.0,BAC
2025-08-18,390,390,0,1.0,BAC
2025-08-19,390,390,0,1.0,BAC
2025-08-20,390,390,0,1.0,BAC
2025-08-21,390,390,0,1.0,BAC
2025-08-22,390,390,0,1.0,BAC
2025-08-25,390,390,0,1.0,BAC
2025-08-26,390,390,0,1.0,BAC
2025-08-27,390,390,0,1.0,BAC
2025-08-28,390,390,0,1.0,BAC
2025-08-29,390,390,0,1.0,BAC
2025-09-02,390,390,0,1.0,BAC
2025-09-03,390,390,0,1.0,BAC
2025-09-04,390,390,0,1.0,BAC
2025-09-05,390,390,0,1.0,BAC
2025-09-08,390,390,0,1.0,BAC
2025-09-09,390,390,0,1.0,BAC
2025-09-10,390,390,0,1.0,BAC
2025-09-11,390,390,0,1.0,BAC
2025-09-12,390,390,0,1.0,BAC
2025-09-15,390,390,0,1.0,BAC
2025-09-16,390,390,0,1.0,BAC
2025-09-17,390,390,0,1.0,BAC
2025-09-18,390,390,0,1.0,BAC
2025-09-19,390,390,0,1.0,BAC
2025-09-22,390,390,0,1.0,BAC
2025-09-23,390,390,0,1.0,BAC
2025-09-24,390,390,0,1.0,BAC
2025-09-25,390,390,0,1.0,BAC
2025-09-26,390,390,0,1.0,BAC
2025-09-29,390,390,0,1.0,BAC
2025-09-30,390,390,0,1.0,BAC
2025-10-01,390,390,0,1.0,BAC
2025-10-02,390,390,0,1.0,BAC
2025-10-03,390,390,0,1.0,BAC
2025-10-06,390,390,0,1.0,BAC
2025-10-07,390,390,0,1.0,BAC
2025-10-08,390,390,0,1.0,BAC
2025-10-09,390,390,0,1.0,BAC
2025-10-10,390,390,0,1.0,BAC
2025-10-13,390,390,0,1.0,BAC
2025-10-14,390,390,0,1.0,BAC
2025-10-15,390,390,0,1.0,BAC
2025-10-16,390,390,0,1.0,BAC
2025-10-17,390,390,0,1.0,BAC
2025-10-20,390,390,0,1.0,BAC
2025-10-21,390,390,0,1.0,BAC
2025-10-22,390,390,0,1.0,BAC
2025-10-23,390,390,0,1.0,BAC
2025-10-24,390,390,0,1.0,BAC
2025-10-27,390,390,0,1.0,BAC
2025-10-28,390,390,0,1.0,BAC
2025-10-29,390,390,0,1.0,BAC
2025-10-30,390,390,0,1.0,BAC
2025-10-31,390,390,0,1.0,BAC
2025-11-03,390,390,0,1.0,BAC
2025-11-04,390,390,0,1.0,BAC
2025-11-05,390,390,0,1.0,BAC
2025-11-06,390,390,0,1.0,BAC
2025-11-07,390,390,0,1.0,BAC
2025-11-10,390,390,0,1.0,BAC
2025-11-11,390,390,0,1.0,BAC
2025-11-12,390,390,0,1.0,BAC
2025-11-13,390,390,0,1.0,BAC
2025-11-14,390,390,0,1.0,BAC
2025-11-17,390,390,0,1.0,BAC
2025-11-18,390,390,0,1.0,BAC
2025-11-19,390,390,0,1.0,BAC
2025-11-20,390,390,0,1.0,BAC
2025-11-21,390,390,0,1.0,BAC
2025-11-24,390,390,0,1.0,BAC
2025-11-25,390,390,0,1.0,BAC
2025-11-26,390,390,0,1.0,BAC
2025-11-28,210,210,0,1.0,BAC
2025-12-01,390,390,0,1.0,BAC
2025-12-02,390,390,0,1.0,BAC
2025-12-03,390,390,0,1.0,BAC
2025-12-04,390,390,0,1.0,BAC
2025-12-05,390,390,0,1.0,BAC
2025-12-08,390,390,0,1.0,BAC
2025-12-09,390,390,0,1.0,BAC
2025-12-10,390,390,0,1.0,BAC
2025-12-11,390,390,0,1.0,BAC
2025-12-12,390,390,0,1.0,BAC
2025-12-15,390,390,0,1.0,BAC
2025-12-16,390,390,0,1.0,BAC
2025-12-17,390,390,0,1.0,BAC
2025-12-18,390,390,0,1.0,BAC
2025-12-19,390,390,0,1.0,BAC
2025-12-22,390,390,0,1.0,BAC
2025-12-23,390,390,0,1.0,BAC
2025-12-24,210,210,0,1.0,BAC
2025-12-26,390,390,0,1.0,BAC
2025-12-29,390,390,0,1.0,BAC
2025-12-30,390,390,0,1.0,BAC
2025-12-31,390,390,0,1.0,BAC
2026-01-02,390,390,0,1.0,BAC
2026-01-05,390,390,0,1.0,BAC
2026-01-06,390,390,0,1.0,BAC
2026-01-07,390,390,0,1.0,BAC
2026-01-08,390,390,0,1.0,BAC
2026-01-09,390,390,0,1.0,BAC
2026-01-12,390,390,0,1.0,BAC
2026-01-13,390,390,0,1.0,BAC
2026-01-14,390,390,0,1.0,BAC
2026-01-15,390,390,0,1.0,BAC
2026-01-16,390,390,0,1.0,BAC
2026-01-20,390,390,0,1.0,BAC
2026-01-21,390,390,0,1.0,BAC
2026-01-22,390,390,0,1.0,BAC
2026-01-23,390,390,0,1.0,BAC
2026-01-26,390,390,0,1.0,BAC
2026-01-27,390,390,0,1.0,BAC
2026-01-28,390,390,0,1.0,BAC
2026-01-29,390,390,0,1.0,BAC
2026-01-30,390,390,0,1.0,BAC
2026-02-02,390,390,0,1.0,BAC
2026-02-03,390,390,0,1.0,BAC
2026-02-04,390,390,0,1.0,BAC
2026-02-05,390,390,0,1.0,BAC
2026-02-06,390,390,0,1.0,BAC
2026-02-09,390,390,0,1.0,BAC
2026-02-10,390,390,0,1.0,BAC
2026-02-11,390,390,0,1.0,BAC
2026-02-12,390,390,0,1.0,BAC
2026-02-13,390,390,0,1.0,BAC
2026-02-17,390,390,0,1.0,BAC
2026-02-18,390,390,0,1.0,BAC
2026-02-19,390,390,0,1.0,BAC
2026-02-20,390,390,0,1.0,BAC
2026-02-23,390,390,0,1.0,BAC
2026-02-24,390,390,0,1.0,BAC
2026-02-25,390,390,0,1.0,BAC
2026-02-26,390,390,0,1.0,BAC
2026-02-27,390,390,0,1.0,BAC
2026-03-02,390,390,0,1.0,BAC
2026-03-03,390,390,0,1.0,BAC
2026-03-04,390,390,0,1.0,BAC
2026-03-05,390,390,0,1.0,BAC
2026-03-06,390,390,0,1.0,BAC
2026-03-09,390,390,0,1.0,BAC
2026-03-10,390,390,0,1.0,BAC
2026-03-11,390,390,0,1.0,BAC
2026-03-12,390,390,0,1.0,BAC
2026-03-13,390,390,0,1.0,BAC
2026-03-16,390,390,0,1.0,BAC
2026-03-17,390,390,0,1.0,BAC
2026-03-18,390,390,0,1.0,BAC
2026-03-19,390,390,0,1.0,BAC
2026-03-20,390,390,0,1.0,BAC
2026-03-23,390,390,0,1.0,BAC
2026-03-24,390,390,0,1.0,BAC
2026-03-25,390,390,0,1.0,BAC
2026-03-26,390,390,0,1.0,BAC
2026-03-27,390,390,0,1.0,BAC
2026-03-30,390,390,0,1.0,BAC
2026-03-31,390,390,0,1.0,BAC
2026-04-01,390,390,0,1.0,BAC
2026-04-02,390,390,0,1.0,BAC
2026-04-06,390,390,0,1.0,BAC
2026-04-07,390,390,0,1.0,BAC
2026-04-08,390,390,0,1.0,BAC
2026-04-09,390,390,0,1.0,BAC
2026-04-10,390,390,0,1.0,BAC
2026-04-13,390,390,0,1.0,BAC
2026-04-14,390,390,0,1.0,BAC
2026-04-15,390,390,0,1.0,BAC
2026-04-16,390,390,0,1.0,BAC
2026-04-17,390,390,0,1.0,BAC
2026-04-20,390,390,0,1.0,BAC
2026-04-21,390,390,0,1.0,BAC
2026-04-22,390,390,0,1.0,BAC
2026-04-23,390,390,0,1.0,BAC
2026-04-24,390,390,0,1.0,BAC
2026-04-27,390,390,0,1.0,BAC
2026-04-28,390,390,0,1.0,BAC
2026-04-29,390,390,0,1.0,BAC
2026-04-30,390,390,0,1.0,BAC
2026-05-01,390,390,0,1.0,BAC
2026-05-04,390,390,0,1.0,BAC
2026-05-05,390,390,0,1.0,BAC
2026-05-06,390,390,0,1.0,BAC
2026-05-07,390,390,0,1.0,BAC
2026-05-08,390,390,0,1.0,BAC
2026-05-11,390,390,0,1.0,BAC
2026-05-12,390,390,0,1.0,BAC
2026-05-13,390,390,0,1.0,BAC
2026-05-14,390,390,0,1.0,BAC
2026-05-15,390,390,0,1.0,BAC
2026-05-18,390,390,0,1.0,BAC
2026-05-19,390,390,0,1.0,BAC
2026-05-20,390,390,0,1.0,BAC
2026-05-21,390,390,0,1.0,BAC
2026-05-22,390,390,0,1.0,BAC
2026-05-26,390,390,0,1.0,BAC
2026-05-27,390,390,0,1.0,BAC
2026-05-28,390,390,0,1.0,BAC
2026-05-29,390,390,0,1.0,BAC
2026-06-01,390,390,0,1.0,BAC
2026-06-02,390,390,0,1.0,BAC
2026-06-03,390,390,0,1.0,BAC
2026-06-04,390,390,0,1.0,BAC
2026-06-05,390,390,0,1.0,BAC
2026-06-08,390,390,0,1.0,BAC
2026-06-09,390,390,0,1.0,BAC
2026-06-10,390,390,0,1.0,BAC
2026-06-11,390,390,0,1.0,BAC
2026-06-12,390,390,0,1.0,BAC
2026-06-15,390,390,0,1.0,BAC
2026-06-16,390,390,0,1.0,BAC
2026-06-17,390,390,0,1.0,BAC
2026-06-18,390,390,0,1.0,BAC
2026-06-22,390,390,0,1.0,BAC
2026-06-23,390,390,0,1.0,BAC
2026-06-24,390,390,0,1.0,BAC
2026-06-25,390,390,0,1.0,BAC
2026-06-26,390,390,0,1.0,BAC
2026-06-29,390,390,0,1.0,BAC
2026-06-30,390,390,0,1.0,BAC
2026-07-01,390,390,0,1.0,BAC
2026-07-02,390,390,0,1.0,BAC
2026-07-06,390,390,0,1.0,BAC
2026-07-07,390,390,0,1.0,BAC
2026-07-08,390,390,0,1.0,BAC
2026-07-09,390,390,0,1.0,BAC
2026-07-10,390,390,0,1.0,BAC
2026-07-13,390,390,0,1.0,BAC
2026-07-14,390,390,0,1.0,BAC
2026-07-15,390,390,0,1.0,BAC
2026-07-16,390,390,0,1.0,BAC
2026-07-17,390,390,0,1.0,BAC
2026-07-20,390,390,0,1.0,BAC
2026-07-21,390,390,0,1.0,BAC
2026-07-22,390,390,0,1.0,BAC
2026-07-23,390,390,0,1.0,BAC
2026-07-24,390,390,0,1.0,BAC
2026-07-27,390,390,0,1.0,BAC
2026-07-28,390,390,0,1.0,BAC
2026-07-29,390,390,0,1.0,BAC
2026-07-30,390,390,0,1.0,BAC
2026-07-31,390,390,0,1.0,BAC
2026-08-03,390,390,0,1.0,BAC
2026-08-04,390,390,0,1.0,BAC
2026-08-05,390,390,0,1.0,BAC
2026-08-06,390,390,0,1.0,BAC
2026-08-07,390,390,0,1.0,BAC
2026-08-10,390,390,0,1.0,BAC
2026-08-11,390,390,0,1.0,BAC
2026-08-12,390,390,0,1.0,BAC
2026-08-13,390,390,0,1.0,BAC
2026-08-14,390,390,0,1.0,BAC
2026-08-17,390,390,0,1.0,BAC
2026-08-18,390,390,0,1.0,BAC
2026-08-19,390,390,0,1.0,BAC
2026-08-20,390,390,0,1.0,BAC
2026-08-21,390,390,0,1.0,BAC
2026-08-24,390,390,0,1.0,BAC
2026-08-25,390,390,0,1.0,BAC
2026-08-26,390,390,0,1.0,BAC
2026-08-27,390,390,0,1.0,BAC
2026-08-28,390,390,0,1.0,BAC
2026-08-31,390,390,0,1.0,BAC
2026-09-01,390,390,0,1.0,BAC
2026-09-02,390,390,0,1.0,BAC
2026-09-03,390,390,0,1.0,BAC
2026-09-04,390,390,0,1.0,BAC
2026-09-08,390,390,0,1.0,BAC
2026-09-09,390,390,0,1.0,BAC
2023-01-03,390,390,0,1.0,COF
2023-01-04,390,390,0,1.0,COF
2023-01-05,390,390,0,1.0,COF
2023-01-06,390,390,0,1.0,COF
2023-01-09,390,390,0,1.0,COF
2023-01-10,390,390,0,1.0,COF
2023-01-11,390,390,0,1.0,COF
2023-01-12,390,390,0,1.0,COF
2023-01-13,390,390,0,1.0,COF
2023-01-17,390,390,0,1.0,COF
2023-01-18,390,388,2,0.9948717948717949,COF
2023-01-19,390,390,0,1.0,COF
2023-01-20,390,390,0,1.0,COF
2023-01-23,390,390,0,1.0,COF
2023-01-24,390,390,0,1.0,COF
2023-01-25,390,390,0,1.0,COF
2023-01-26,390,390,0,1.0,COF
2023-01-27,390,390,0,1.0,COF
2023-01-30,390,390,0,1.0,COF
2023-01-31,390,390,0,1.0,COF
2023-02-01,390,390,0,1.0,COF
2023-02-02,390,390,0,1.0,COF
2023-02-03,390,390,0,1.0,COF
2023-02-06,390,390,0,1.0,COF
2023-02-07,390,390,0,1.0,COF
2023-02-08,390,387,3,0.9923076923076923,COF
2023-02-09,390,389,1,0.9974358974358974,COF
2023-02-10,390,383,7,0.982051282051282,COF
2023-02-13,390,387,3,0.9923076923076923,COF
2023-02-14,390,390,0,1.0,COF
2023-02-15,390,389,1,0.9974358974358974,COF
2023-02-16,390,390,0,1.0,COF
2023-02-17,390,390,0,1.0,COF
2023-02-21,390,390,0,1.0,COF
2023-02-22,390,389,1,0.9974358974358974,COF
2023-02-23,390,389,1,0.9974358974358974,COF
2023-02-24,390,389,1,0.9974358974358974,COF
2023-02-27,390,389,1,0.9974358974358974,COF
2023-02-28,390,390,0,1.0,COF
2023-03-01,390,390,0,1.0,COF
2023-03-02,390,390,0,1.0,COF
2023-03-03,390,381,9,0.9769230769230769,COF
2023-03-06,390,388,2,0.9948717948717949,COF
2023-03-07,390,390,0,1.0,COF
2023-03-08,390,390,0,1.0,COF
2023-03-09,390,390,0,1.0,COF
2023-03-10,390,390,0,1.0,COF
2023-03-13,390,390,0,1.0,COF
2023-03-14,390,390,0,1.0,COF
2023-03-15,390,390,0,1.0,COF
2023-03-16,390,390,0,1.0,COF
2023-03-17,390,390,0,1.0,COF
2023-03-20,390,390,0,1.0,COF
2023-03-21,390,390,0,1.0,COF
2023-03-22,390,386,4,0.9897435897435898,COF
2023-03-23,390,390,0,1.0,COF
2023-03-24,390,390,0,1.0,COF
2023-03-27,390,390,0,1.0,COF
2023-03-28,390,389,1,0.9974358974358974,COF
2023-03-29,390,390,0,1.0,COF
2023-03-30,390,390,0,1.0,COF
2023-03-31,390,389,1,0.9974358974358974,COF
2023-04-03,390,390,0,1.0,COF
2023-04-04,390,390,0,1.0,COF
2023-04-05,390,390,0,1.0,COF
2023-04-06,390,390,0,1.0,COF
2023-04-10,390,390,0,1.0,COF
2023-04-11,390,390,0,1.0,COF
2023-04-12,390,390,0,1.0,COF
2023-04-13,390,390,0,1.0,COF
2023-04-14,390,390,0,1.0,COF
2023-04-17,390,390,0,1.0,COF
2023-04-18,390,389,1,0.9974358974358974,COF
2023-04-19,390,390,0,1.0,COF
2023-04-20,390,390,0,1.0,COF
2023-04-21,390,390,0,1.0,COF
2023-04-24,390,383,7,0.982051282051282,COF
2023-04-25,390,390,0,1.0,COF
2023-04-26,390,389,1,0.9974358974358974,COF
2023-04-27,390,390,0,1.0,COF
2023-04-28,390,390,0,1.0,COF
2023-05-01,390,390,0,1.0,COF
2023-05-02,390,390,0,1.0,COF
2023-05-03,390,390,0,1.0,COF
2023-05-04,390,390,0,1.0,COF
2023-05-05,390,390,0,1.0,COF
2023-05-08,390,390,0,1.0,COF
2023-05-09,390,390,0,1.0,COF
2023-05-10,390,389,1,0.9974358974358974,COF
2023-05-11,390,389,1,0.9974358974358974,COF
2023-05-12,390,390,0,1.0,COF
2023-05-15,390,390,0,1.0,COF
2023-05-16,390,390,0,1.0,COF
2023-05-17,390,390,0,1.0,COF
2023-05-18,390,390,0,1.0,COF
2023-05-19,390,390,0,1.0,COF
2023-05-22,390,390,0,1.0,COF
2023-05-23,390,390,0,1.0,COF
2023-05-24,390,389,1,0.9974358974358974,COF
2023-05-25,390,390,0,1.0,COF
2023-05-26,390,390,0,1.0,COF
2023-05-30,390,390,0,1.0,COF
2023-05-31,390,390,0,1.0,COF
2023-06-01,390,390,0,1.0,COF
2023-06-02,390,390,0,1.0,COF
2023-06-05,390,385,5,0.9871794871794872,COF
2023-06-06,390,390,0,1.0,COF
2023-06-07,390,389,1,0.9974358974358974,COF
2023-06-08,390,390,0,1.0,COF
2023-06-09,390,387,3,0.9923076923076923,COF
2023-06-12,390,388,2,0.9948717948717949,COF
2023-06-13,390,389,1,0.9974358974358974,COF
2023-06-14,390,389,1,0.9974358974358974,COF
2023-06-15,390,390,0,1.0,COF
2023-06-16,390,388,2,0.9948717948717949,COF
2023-06-20,390,390,0,1.0,COF
2023-06-21,390,387,3,0.9923076923076923,COF
2023-06-22,390,386,4,0.9897435897435898,COF
2023-06-23,390,388,2,0.9948717948717949,COF
2023-06-26,390,378,12,0.9692307692307692,COF
2023-06-27,390,385,5,0.9871794871794872,COF
2023-06-28,390,390,0,1.0,COF
2023-06-29,390,390,0,1.0,COF
2023-06-30,390,387,3,0.9923076923076923,COF
2023-07-03,210,210,0,1.0,COF
2023-07-05,390,390,0,1.0,COF
2023-07-06,390,389,1,0.9974358974358974,COF
2023-07-07,390,384,6,0.9846153846153847,COF
2023-07-10,390,388,2,0.9948717948717949,COF
2023-07-11,390,390,0,1.0,COF
2023-07-12,390,381,9,0.9769230769230769,COF
2023-07-13,390,385,5,0.9871794871794872,COF
2023-07-14,390,387,3,0.9923076923076923,COF
2023-07-17,390,390,0,1.0,COF
2023-07-18,390,390,0,1.0,COF
2023-07-19,390,390,0,1.0,COF
2023-07-20,390,390,0,1.0,COF
2023-07-21,390,390,0,1.0,COF
2023-07-24,390,390,0,1.0,COF
2023-07-25,390,389,1,0.9974358974358974,COF
2023-07-26,390,388,2,0.9948717948717949,COF
2023-07-27,390,390,0,1.0,COF
2023-07-28,390,385,5,0.9871794871794872,COF
2023-07-31,390,389,1,0.9974358974358974,COF
2023-08-01,390,390,0,1.0,COF
2023-08-02,390,388,2,0.9948717948717949,COF
2023-08-03,390,381,9,0.9769230769230769,COF
2023-08-04,390,388,2,0.9948717948717949,COF
2023-08-07,390,377,13,0.9666666666666667,COF
2023-08-08,390,383,7,0.982051282051282,COF
2023-08-09,390,388,2,0.9948717948717949,COF
2023-08-10,390,388,2,0.9948717948717949,COF
2023-08-11,390,385,5,0.9871794871794872,COF
2023-08-14,390,389,1,0.9974358974358974,COF
2023-08-15,390,390,0,1.0,COF
2023-08-16,390,388,2,0.9948717948717949,COF
2023-08-17,390,386,4,0.9897435897435898,COF
2023-08-18,390,387,3,0.9923076923076923,COF
2023-08-21,390,379,11,0.9717948717948718,COF
2023-08-22,390,390,0,1.0,COF
2023-08-23,390,381,9,0.9769230769230769,COF
2023-08-24,390,382,8,0.9794871794871794,COF
2023-08-25,390,385,5,0.9871794871794872,COF
2023-08-28,390,372,18,0.9538461538461539,COF
2023-08-29,390,389,1,0.9974358974358974,COF
2023-08-30,390,390,0,1.0,COF
2023-08-31,390,387,3,0.9923076923076923,COF
2023-09-01,390,386,4,0.9897435897435898,COF
2023-09-05,390,388,2,0.9948717948717949,COF
2023-09-06,390,389,1,0.9974358974358974,COF
2023-09-07,390,388,2,0.9948717948717949,COF
2023-09-08,390,389,1,0.9974358974358974,COF
2023-09-11,390,384,6,0.9846153846153847,COF
2023-09-12,390,388,2,0.9948717948717949,COF
2023-09-13,390,381,9,0.9769230769230769,COF
2023-09-14,390,380,10,0.9743589743589743,COF
2023-09-15,390,389,1,0.9974358974358974,COF
2023-09-18,390,388,2,0.9948717948717949,COF
2023-09-19,390,388,2,0.9948717948717949,COF
2023-09-20,390,383,7,0.982051282051282,COF
2023-09-21,390,387,3,0.9923076923076923,COF
2023-09-22,390,389,1,0.9974358974358974,COF
2023-09-25,390,382,8,0.9794871794871794,COF
2023-09-26,390,388,2,0.9948717948717949,COF
2023-09-27,390,388,2,0.9948717948717949,COF
2023-09-28,390,381,9,0.9769230769230769,COF
2023-09-29,390,386,4,0.9897435897435898,COF
2023-10-02,390,390,0,1.0,COF
2023-10-03,390,388,2,0.9948717948717949,COF
2023-10-04,390,388,2,0.9948717948717949,COF
2023-10-05,390,387,3,0.9923076923076923,COF
2023-10-06,390,390,0,1.0,COF
2023-10-09,390,390,0,1.0,COF
2023-10-10,390,389,1,0.9974358974358974,COF
2023-10-11,390,384,6,0.9846153846153847,COF
2023-10-12,390,389,1,0.9974358974358974,COF
2023-10-13,390,389,1,0.9974358974358974,COF
2023-10-16,390,387,3,0.9923076923076923,COF
2023-10-17,390,389,1,0.9974358974358974,COF
2023-10-18,390,388,2,0.9948717948717949,COF
2023-10-19,390,390,0,1.0,COF
2023-10-20,390,389,1,0.9974358974358974,COF
2023-10-23,390,389,1,0.9974358974358974,COF
2023-10-24,390,390,0,1.0,COF
2023-10-25,390,390,0,1.0,COF
2023-10-26,390,390,0,1.0,COF
2023-10-27,390,390,0,1.0,COF
2023-10-30,390,390,0,1.0,COF
2023-10-31,390,390,0,1.0,COF
2023-11-01,390,388,2,0.9948717948717949,COF
2023-11-02,390,389,1,0.9974358974358974,COF
2023-11-03,390,390,0,1.0,COF
2023-11-06,390,389,1,0.9974358974358974,COF
2023-11-07,390,386,4,0.9897435897435898,COF
2023-11-08,390,390,0,1.0,COF
2023-11-09,390,388,2,0.9948717948717949,COF
2023-11-10,390,388,2,0.9948717948717949,COF
2023-11-13,390,389,1,0.9974358974358974,COF
2023-11-14,390,390,0,1.0,COF
2023-11-15,390,390,0,1.0,COF
2023-11-16,390,390,0,1.0,COF
2023-11-17,390,387,3,0.9923076923076923,COF
2023-11-20,390,385,5,0.9871794871794872,COF
2023-11-21,390,376,14,0.9641025641025641,COF
2023-11-22,390,384,6,0.9846153846153847,COF
2023-11-24,210,201,9,0.9571428571428572,COF
2023-11-27,390,383,7,0.982051282051282,COF
2023-11-28,390,378,12,0.9692307692307692,COF
2023-11-29,390,380,10,0.9743589743589743,COF
2023-11-30,390,381,9,0.9769230769230769,COF
2023-12-01,390,390,0,1.0,COF
2023-12-04,390,390,0,1.0,COF
2023-12-05,390,390,0,1.0,COF
2023-12-06,390,389,1,0.9974358974358974,COF
2023-12-07,390,390,0,1.0,COF
2023-12-08,390,390,0,1.0,COF
2023-12-11,390,389,1,0.9974358974358974,COF
2023-12-12,390,390,0,1.0,COF
2023-12-13,390,390,0,1.0,COF
2023-12-14,390,390,0,1.0,COF
2023-12-15,390,390,0,1.0,COF
2023-12-18,390,389,1,0.9974358974358974,COF
2023-12-19,390,390,0,1.0,COF
2023-12-20,390,388,2,0.9948717948717949,COF
2023-12-21,390,390,0,1.0,COF
2023-12-22,390,385,5,0.9871794871794872,COF
2023-12-26,390,356,34,0.9128205128205128,COF
2023-12-27,390,379,11,0.9717948717948718,COF
2023-12-28,390,375,15,0.9615384615384616,COF
2023-12-29,390,381,9,0.9769230769230769,COF
2024-01-02,390,390,0,1.0,COF
2024-01-03,390,389,1,0.9974358974358974,COF
2024-01-04,390,390,0,1.0,COF
2024-01-05,390,390,0,1.0,COF
2024-01-08,390,385,5,0.9871794871794872,COF
2024-01-09,390,389,1,0.9974358974358974,COF
2024-01-10,390,390,0,1.0,COF
2024-01-11,390,390,0,1.0,COF
2024-01-12,390,387,3,0.9923076923076923,COF
2024-01-16,390,389,1,0.9974358974358974,COF
2024-01-17,390,390,0,1.0,COF
2024-01-18,390,390,0,1.0,COF
2024-01-19,390,390,0,1.0,COF
2024-01-22,390,390,0,1.0,COF
2024-01-23,390,390,0,1.0,COF
2024-01-24,390,390,0,1.0,COF
2024-01-25,390,390,0,1.0,COF
2024-01-26,390,390,0,1.0,COF
2024-01-29,390,388,2,0.9948717948717949,COF
2024-01-30,390,390,0,1.0,COF
2024-01-31,390,389,1,0.9974358974358974,COF
2024-02-01,390,390,0,1.0,COF
2024-02-02,390,390,0,1.0,COF
2024-02-05,390,389,1,0.9974358974358974,COF
2024-02-06,390,390,0,1.0,COF
2024-02-07,390,386,4,0.9897435897435898,COF
2024-02-08,390,387,3,0.9923076923076923,COF
2024-02-09,390,388,2,0.9948717948717949,COF
2024-02-12,390,389,1,0.9974358974358974,COF
2024-02-13,390,383,7,0.982051282051282,COF
2024-02-14,390,386,4,0.9897435897435898,COF
2024-02-15,390,388,2,0.9948717948717949,COF
2024-02-16,390,380,10,0.9743589743589743,COF
2024-02-20,390,390,0,1.0,COF
2024-02-21,390,390,0,1.0,COF
2024-02-22,390,390,0,1.0,COF
2024-02-23,390,390,0,1.0,COF
2024-02-26,390,390,0,1.0,COF
2024-02-27,390,390,0,1.0,COF
2024-02-28,390,390,0,1.0,COF
2024-02-29,390,390,0,1.0,COF
2024-03-01,390,390,0,1.0,COF
2024-03-04,390,390,0,1.0,COF
2024-03-05,390,390,0,1.0,COF
2024-03-06,390,390,0,1.0,COF
2024-03-07,390,387,3,0.9923076923076923,COF
2024-03-08,390,390,0,1.0,COF
2024-03-11,390,389,1,0.9974358974358974,COF
2024-03-12,390,390,0,1.0,COF
2024-03-13,390,390,0,1.0,COF
2024-03-14,390,388,2,0.9948717948717949,COF
2024-03-15,390,389,1,0.9974358974358974,COF
2024-03-18,390,390,0,1.0,COF
2024-03-19,390,390,0,1.0,COF
2024-03-20,390,386,4,0.9897435897435898,COF
2024-03-21,390,388,2,0.9948717948717949,COF
2024-03-22,390,389,1,0.9974358974358974,COF
2024-03-25,390,388,2,0.9948717948717949,COF
2024-03-26,390,389,1,0.9974358974358974,COF
2024-03-27,390,390,0,1.0,COF
2024-03-28,390,390,0,1.0,COF
2024-04-01,390,389,1,0.9974358974358974,COF
2024-04-02,390,381,9,0.9769230769230769,COF
2024-04-03,390,383,7,0.982051282051282,COF
2024-04-04,390,389,1,0.9974358974358974,COF
2024-04-05,390,388,2,0.9948717948717949,COF
2024-04-08,390,384,6,0.9846153846153847,COF
2024-04-09,390,381,9,0.9769230769230769,COF
2024-04-10,390,387,3,0.9923076923076923,COF
2024-04-11,390,389,1,0.9974358974358974,COF
2024-04-12,390,388,2,0.9948717948717949,COF
2024-04-15,390,382,8,0.9794871794871794,COF
2024-04-16,390,390,0,1.0,COF
2024-04-17,390,389,1,0.9974358974358974,COF
2024-04-18,390,390,0,1.0,COF
2024-04-19,390,390,0,1.0,COF
2024-04-22,390,390,0,1.0,COF
2024-04-23,390,388,2,0.9948717948717949,COF
2024-04-24,390,389,1,0.9974358974358974,COF
2024-04-25,390,390,0,1.0,COF
2024-04-26,390,389,1,0.9974358974358974,COF
2024-04-29,390,385,5,0.9871794871794872,COF
2024-04-30,390,384,6,0.9846153846153847,COF
2024-05-01,390,383,7,0.982051282051282,COF
2024-05-02,390,383,7,0.982051282051282,COF
2024-05-03,390,383,7,0.982051282051282,COF
2024-05-06,390,382,8,0.9794871794871794,COF
2024-05-07,390,380,10,0.9743589743589743,COF
2024-05-08,390,379,11,0.9717948717948718,COF
2024-05-09,390,382,8,0.9794871794871794,COF
2024-05-10,390,386,4,0.9897435897435898,COF
2024-05-13,390,380,10,0.9743589743589743,COF
2024-05-14,390,385,5,0.9871794871794872,COF
2024-05-15,390,389,1,0.9974358974358974,COF
2024-05-16,390,388,2,0.9948717948717949,COF
2024-05-17,390,381,9,0.9769230769230769,COF
2024-05-20,390,375,15,0.9615384615384616,COF
2024-05-21,390,375,15,0.9615384615384616,COF
2024-05-22,390,382,8,0.9794871794871794,COF
2024-05-23,390,388,2,0.9948717948717949,COF
2024-05-24,390,375,15,0.9615384615384616,COF
2024-05-28,390,382,8,0.9794871794871794,COF
2024-05-29,390,378,12,0.9692307692307692,COF
2024-05-30,390,389,1,0.9974358974358974,COF
2024-05-31,390,381,9,0.9769230769230769,COF
2024-06-03,390,383,7,0.982051282051282,COF
2024-06-04,390,387,3,0.9923076923076923,COF
2024-06-05,390,384,6,0.9846153846153847,COF
2024-06-06,390,389,1,0.9974358974358974,COF
2024-06-07,390,386,4,0.9897435897435898,COF
2024-06-10,390,387,3,0.9923076923076923,COF
2024-06-11,390,387,3,0.9923076923076923,COF
2024-06-12,390,389,1,0.9974358974358974,COF
2024-06-13,390,386,4,0.9897435897435898,COF
2024-06-14,390,390,0,1.0,COF
2024-06-17,390,387,3,0.9923076923076923,COF
2024-06-18,390,370,20,0.9487179487179487,COF
2024-06-20,390,384,6,0.9846153846153847,COF
2024-06-21,390,381,9,0.9769230769230769,COF
2024-06-24,390,388,2,0.9948717948717949,COF
2024-06-25,390,376,14,0.9641025641025641,COF
2024-06-26,390,388,2,0.9948717948717949,COF
2024-06-27,390,390,0,1.0,COF
2024-06-28,390,389,1,0.9974358974358974,COF
2024-07-01,390,389,1,0.9974358974358974,COF
2024-07-02,390,385,5,0.9871794871794872,COF
2024-07-03,210,210,0,1.0,COF
2024-07-05,390,386,4,0.9897435897435898,COF
2024-07-08,390,380,10,0.9743589743589743,COF
2024-07-09,390,383,7,0.982051282051282,COF
2024-07-10,390,385,5,0.9871794871794872,COF
2024-07-11,390,384,6,0.9846153846153847,COF
2024-07-12,390,379,11,0.9717948717948718,COF
2024-07-15,390,386,4,0.9897435897435898,COF
2024-07-16,390,390,0,1.0,COF
2024-07-17,390,387,3,0.9923076923076923,COF
2024-07-18,390,390,0,1.0,COF
2024-07-19,390,387,3,0.9923076923076923,COF
2024-07-22,390,389,1,0.9974358974358974,COF
2024-07-23,390,390,0,1.0,COF
2024-07-24,390,390,0,1.0,COF
2024-07-25,390,390,0,1.0,COF
2024-07-26,390,385,5,0.9871794871794872,COF
2024-07-29,390,389,1,0.9974358974358974,COF
2024-07-30,390,390,0,1.0,COF
2024-07-31,390,384,6,0.9846153846153847,COF
2024-08-01,390,389,1,0.9974358974358974,COF
2024-08-02,390,390,0,1.0,COF
2024-08-05,390,388,2,0.9948717948717949,COF
2024-08-06,390,390,0,1.0,COF
2024-08-07,390,379,11,0.9717948717948718,COF
2024-08-08,390,386,4,0.9897435897435898,COF
2024-08-09,390,375,15,0.9615384615384616,COF
2024-08-12,390,383,7,0.982051282051282,COF
2024-08-13,390,370,20,0.9487179487179487,COF
2024-08-14,390,375,15,0.9615384615384616,COF
2024-08-15,390,386,4,0.9897435897435898,COF
2024-08-16,390,384,6,0.9846153846153847,COF
2024-08-19,390,376,14,0.9641025641025641,COF
2024-08-20,390,365,25,0.9358974358974359,COF
2024-08-21,390,382,8,0.9794871794871794,COF
2024-08-22,390,386,4,0.9897435897435898,COF
2024-08-23,390,385,5,0.9871794871794872,COF
2024-08-26,390,346,44,0.8871794871794871,COF
2024-08-27,390,353,37,0.9051282051282051,COF
2024-08-28,390,380,10,0.9743589743589743,COF
2024-08-29,390,373,17,0.9564102564102565,COF
2024-08-30,390,380,10,0.9743589743589743,COF
2024-09-03,390,371,19,0.9512820512820512,COF
2024-09-04,390,379,11,0.9717948717948718,COF
2024-09-05,390,385,5,0.9871794871794872,COF
2024-09-06,390,390,0,1.0,COF
2024-09-09,390,388,2,0.9948717948717949,COF
2024-09-10,390,390,0,1.0,COF
2024-09-11,390,389,1,0.9974358974358974,COF
2024-09-12,390,383,7,0.982051282051282,COF
2024-09-13,390,385,5,0.9871794871794872,COF
2024-09-16,390,390,0,1.0,COF
2024-09-17,390,390,0,1.0,COF
2024-09-18,390,380,10,0.9743589743589743,COF
2024-09-19,390,390,0,1.0,COF
2024-09-20,390,386,4,0.9897435897435898,COF
2024-09-23,390,382,8,0.9794871794871794,COF
2024-09-24,390,389,1,0.9974358974358974,COF
2024-09-25,390,383,7,0.982051282051282,COF
2024-09-26,390,368,22,0.9435897435897436,COF
2024-09-27,390,368,22,0.9435897435897436,COF
2024-09-30,390,346,44,0.8871794871794871,COF
2024-10-01,390,386,4,0.9897435897435898,COF
2024-10-02,390,387,3,0.9923076923076923,COF
2024-10-03,390,381,9,0.9769230769230769,COF
2024-10-04,390,389,1,0.9974358974358974,COF
2024-10-07,390,387,3,0.9923076923076923,COF
2024-10-08,390,387,3,0.9923076923076923,COF
2024-10-09,390,385,5,0.9871794871794872,COF
2024-10-10,390,375,15,0.9615384615384616,COF
2024-10-11,390,390,0,1.0,COF
2024-10-14,390,387,3,0.9923076923076923,COF
2024-10-15,390,385,5,0.9871794871794872,COF
2024-10-16,390,389,1,0.9974358974358974,COF
2024-10-17,390,389,1,0.9974358974358974,COF
2024-10-18,390,380,10,0.9743589743589743,COF
2024-10-21,390,386,4,0.9897435897435898,COF
2024-10-22,390,382,8,0.9794871794871794,COF
2024-10-23,390,386,4,0.9897435897435898,COF
2024-10-24,390,386,4,0.9897435897435898,COF
2024-10-25,390,390,0,1.0,COF
2024-10-28,390,389,1,0.9974358974358974,COF
2024-10-29,390,389,1,0.9974358974358974,COF
2024-10-30,390,385,5,0.9871794871794872,COF
2024-10-31,390,389,1,0.9974358974358974,COF
2024-11-01,390,390,0,1.0,COF
2024-11-04,390,387,3,0.9923076923076923,COF
2024-11-05,390,386,4,0.9897435897435898,COF
2024-11-06,390,390,0,1.0,COF
2024-11-07,390,390,0,1.0,COF
2024-11-08,390,390,0,1.0,COF
2024-11-11,390,390,0,1.0,COF
2024-11-12,390,390,0,1.0,COF
2024-11-13,390,390,0,1.0,COF
2024-11-14,390,390,0,1.0,COF
2024-11-15,390,390,0,1.0,COF
2024-11-18,390,390,0,1.0,COF
2024-11-19,390,378,12,0.9692307692307692,COF
2024-11-20,390,386,4,0.9897435897435898,COF
2024-11-21,390,388,2,0.9948717948717949,COF
2024-11-22,390,384,6,0.9846153846153847,COF
2024-11-25,390,390,0,1.0,COF
2024-11-26,390,390,0,1.0,COF
2024-11-27,390,384,6,0.9846153846153847,COF
2024-11-29,210,210,0,1.0,COF
2024-12-02,390,386,4,0.9897435897435898,COF
2024-12-03,390,385,5,0.9871794871794872,COF
2024-12-04,390,386,4,0.9897435897435898,COF
2024-12-05,390,383,7,0.982051282051282,COF
2024-12-06,390,387,3,0.9923076923076923,COF
2024-12-09,390,383,7,0.982051282051282,COF
2024-12-10,390,388,2,0.9948717948717949,COF
2024-12-11,390,387,3,0.9923076923076923,COF
2024-12-12,390,385,5,0.9871794871794872,COF
2024-12-13,390,381,9,0.9769230769230769,COF
2024-12-16,390,379,11,0.9717948717948718,COF
2024-12-17,390,386,4,0.9897435897435898,COF
2024-12-18,390,385,5,0.9871794871794872,COF
2024-12-19,390,390,0,1.0,COF
2024-12-20,390,389,1,0.9974358974358974,COF
2024-12-23,390,390,0,1.0,COF
2024-12-24,210,205,5,0.9761904761904762,COF
2024-12-26,390,374,16,0.958974358974359,COF
2024-12-27,390,375,15,0.9615384615384616,COF
2024-12-30,390,376,14,0.9641025641025641,COF
2024-12-31,390,363,27,0.9307692307692308,COF
2025-01-02,390,383,7,0.982051282051282,COF
2025-01-03,390,380,10,0.9743589743589743,COF
2025-01-06,390,385,5,0.9871794871794872,COF
2025-01-07,390,386,4,0.9897435897435898,COF
2025-01-08,390,386,4,0.9897435897435898,COF
2025-01-10,390,389,1,0.9974358974358974,COF
2025-01-13,390,390,0,1.0,COF
2025-01-14,390,390,0,1.0,COF
2025-01-15,390,390,0,1.0,COF
2025-01-16,390,388,2,0.9948717948717949,COF
2025-01-17,390,388,2,0.9948717948717949,COF
2025-01-21,390,390,0,1.0,COF
2025-01-22,390,390,0,1.0,COF
2025-01-23,390,390,0,1.0,COF
2025-01-24,390,390,0,1.0,COF
2025-01-27,390,385,5,0.9871794871794872,COF
2025-01-28,390,388,2,0.9948717948717949,COF
2025-01-29,390,385,5,0.9871794871794872,COF
2025-01-30,390,384,6,0.9846153846153847,COF
2025-01-31,390,388,2,0.9948717948717949,COF
2025-02-03,390,386,4,0.9897435897435898,COF
2025-02-04,390,389,1,0.9974358974358974,COF
2025-02-05,390,387,3,0.9923076923076923,COF
2025-02-06,390,390,0,1.0,COF
2025-02-07,390,384,6,0.9846153846153847,COF
2025-02-10,390,389,1,0.9974358974358974,COF
2025-02-11,390,379,11,0.9717948717948718,COF
2025-02-12,390,387,3,0.9923076923076923,COF
2025-02-13,390,389,1,0.9974358974358974,COF
2025-02-14,390,388,2,0.9948717948717949,COF
2025-02-18,390,389,1,0.9974358974358974,COF
2025-02-19,390,390,0,1.0,COF
2025-02-20,390,390,0,1.0,COF
2025-02-21,390,390,0,1.0,COF
2025-02-24,390,384,6,0.9846153846153847,COF
2025-02-25,390,389,1,0.9974358974358974,COF
2025-02-26,390,388,2,0.9948717948717949,COF
2025-02-27,390,388,2,0.9948717948717949,COF
2025-02-28,390,390,0,1.0,COF
2025-03-03,390,389,1,0.9974358974358974,COF
2025-03-04,390,390,0,1.0,COF
2025-03-05,390,390,0,1.0,COF
2025-03-06,390,390,0,1.0,COF
2025-03-07,390,390,0,1.0,COF
2025-03-10,390,390,0,1.0,COF
2025-03-11,390,390,0,1.0,COF
2025-03-12,390,390,0,1.0,COF
2025-03-13,390,389,1,0.9974358974358974,COF
2025-03-14,390,390,0,1.0,COF
2025-03-17,390,390,0,1.0,COF
2025-03-18,390,390,0,1.0,COF
2025-03-19,390,390,0,1.0,COF
2025-03-20,390,390,0,1.0,COF
2025-03-21,390,387,3,0.9923076923076923,COF
2025-03-24,390,389,1,0.9974358974358974,COF
2025-03-25,390,390,0,1.0,COF
2025-03-26,390,389,1,0.9974358974358974,COF
2025-03-27,390,385,5,0.9871794871794872,COF
2025-03-28,390,387,3,0.9923076923076923,COF
2025-03-31,390,390,0,1.0,COF
2025-04-01,390,387,3,0.9923076923076923,COF
2025-04-02,390,390,0,1.0,COF
2025-04-03,390,390,0,1.0,COF
2025-04-04,390,390,0,1.0,COF
2025-04-07,390,390,0,1.0,COF
2025-04-08,390,390,0,1.0,COF
2025-04-09,390,390,0,1.0,COF
2025-04-10,390,390,0,1.0,COF
2025-04-11,390,390,0,1.0,COF
2025-04-14,390,389,1,0.9974358974358974,COF
2025-04-15,390,389,1,0.9974358974358974,COF
2025-04-16,390,388,2,0.9948717948717949,COF
2025-04-17,390,387,3,0.9923076923076923,COF
2025-04-21,390,390,0,1.0,COF
2025-04-22,390,390,0,1.0,COF
2025-04-23,390,390,0,1.0,COF
2025-04-24,390,390,0,1.0,COF
2025-04-25,390,390,0,1.0,COF
2025-04-28,390,390,0,1.0,COF
2025-04-29,390,390,0,1.0,COF
2025-04-30,390,390,0,1.0,COF
2025-05-01,390,390,0,1.0,COF
2025-05-02,390,390,0,1.0,COF
2025-05-05,390,390,0,1.0,COF
2025-05-06,390,389,1,0.9974358974358974,COF
2025-05-07,390,390,0,1.0,COF
2025-05-08,390,390,0,1.0,COF
2025-05-09,390,389,1,0.9974358974358974,COF
2025-05-12,390,390,0,1.0,COF
2025-05-13,390,390,0,1.0,COF
2025-05-14,390,390,0,1.0,COF
2025-05-15,390,390,0,1.0,COF
2025-05-16,390,390,0,1.0,COF
2025-05-19,390,390,0,1.0,COF
2025-05-20,390,390,0,1.0,COF
2025-05-21,390,390,0,1.0,COF
2025-05-22,390,390,0,1.0,COF
2025-05-23,390,390,0,1.0,COF
2025-05-27,390,390,0,1.0,COF
2025-05-28,390,385,5,0.9871794871794872,COF
2025-05-29,390,390,0,1.0,COF
2025-05-30,390,390,0,1.0,COF
2025-06-02,390,390,0,1.0,COF
2025-06-03,390,390,0,1.0,COF
2025-06-04,390,390,0,1.0,COF
2025-06-05,390,390,0,1.0,COF
2025-06-06,390,390,0,1.0,COF
2025-06-09,390,389,1,0.9974358974358974,COF
2025-06-10,390,390,0,1.0,COF
2025-06-11,390,390,0,1.0,COF
2025-06-12,390,388,2,0.9948717948717949,COF
2025-06-13,390,387,3,0.9923076923076923,COF
2025-06-16,390,390,0,1.0,COF
2025-06-17,390,389,1,0.9974358974358974,COF
2025-06-18,390,390,0,1.0,COF
2025-06-20,390,390,0,1.0,COF
2025-06-23,390,390,0,1.0,COF
2025-06-24,390,388,2,0.9948717948717949,COF
2025-06-25,390,390,0,1.0,COF
2025-06-26,390,390,0,1.0,COF
2025-06-27,390,390,0,1.0,COF
2025-06-30,390,390,0,1.0,COF
2025-07-01,390,390,0,1.0,COF
2025-07-02,390,390,0,1.0,COF
2025-07-03,210,210,0,1.0,COF
2025-07-07,390,389,1,0.9974358974358974,COF
2025-07-08,390,388,2,0.9948717948717949,COF
2025-07-09,390,389,1,0.9974358974358974,COF
2025-07-10,390,390,0,1.0,COF
2025-07-11,390,390,0,1.0,COF
2025-07-14,390,389,1,0.9974358974358974,COF
2025-07-15,390,390,0,1.0,COF
2025-07-16,390,390,0,1.0,COF
2025-07-17,390,390,0,1.0,COF
2025-07-18,390,390,0,1.0,COF
2025-07-21,390,390,0,1.0,COF
2025-07-22,390,390,0,1.0,COF
2025-07-23,390,390,0,1.0,COF
2025-07-24,390,390,0,1.0,COF
2025-07-25,390,390,0,1.0,COF
2025-07-28,390,388,2,0.9948717948717949,COF
2025-07-29,390,390,0,1.0,COF
2025-07-30,390,390,0,1.0,COF
2025-07-31,390,390,0,1.0,COF
2025-08-01,390,390,0,1.0,COF
2025-08-04,390,388,2,0.9948717948717949,COF
2025-08-05,390,390,0,1.0,COF
2025-08-06,390,390,0,1.0,COF
2025-08-07,390,390,0,1.0,COF
2025-08-08,390,390,0,1.0,COF
2025-08-11,390,390,0,1.0,COF
2025-08-12,390,390,0,1.0,COF
2025-08-13,390,389,1,0.9974358974358974,COF
2025-08-14,390,388,2,0.9948717948717949,COF
2025-08-15,390,390,0,1.0,COF
2025-08-18,390,389,1,0.9974358974358974,COF
2025-08-19,390,384,6,0.9846153846153847,COF
2025-08-20,390,386,4,0.9897435897435898,COF
2025-08-21,390,390,0,1.0,COF
2025-08-22,390,390,0,1.0,COF
2025-08-25,390,389,1,0.9974358974358974,COF
2025-08-26,390,388,2,0.9948717948717949,COF
2025-08-27,390,389,1,0.9974358974358974,COF
2025-08-28,390,390,0,1.0,COF
2025-08-29,390,387,3,0.9923076923076923,COF
2025-09-02,390,389,1,0.9974358974358974,COF
2025-09-03,390,390,0,1.0,COF
2025-09-04,390,390,0,1.0,COF
2025-09-05,390,389,1,0.9974358974358974,COF
2025-09-08,390,389,1,0.9974358974358974,COF
2025-09-09,390,389,1,0.9974358974358974,COF
2025-09-10,390,389,1,0.9974358974358974,COF
2025-09-11,390,385,5,0.9871794871794872,COF
2025-09-12,390,382,8,0.9794871794871794,COF
2025-09-15,390,390,0,1.0,COF
2025-09-16,390,390,0,1.0,COF
2025-09-17,390,388,2,0.9948717948717949,COF
2025-09-18,390,390,0,1.0,COF
2025-09-19,390,390,0,1.0,COF
2025-09-22,390,390,0,1.0,COF
2025-09-23,390,389,1,0.9974358974358974,COF
2025-09-24,390,390,0,1.0,COF
2025-09-25,390,390,0,1.0,COF
2025-09-26,390,389,1,0.9974358974358974,COF
2025-09-29,390,389,1,0.9974358974358974,COF
2025-09-30,390,390,0,1.0,COF
2025-10-01,390,390,0,1.0,COF
2025-10-02,390,390,0,1.0,COF
2025-10-03,390,390,0,1.0,COF
2025-10-06,390,390,0,1.0,COF
2025-10-07,390,390,0,1.0,COF
2025-10-08,390,390,0,1.0,COF
2025-10-09,390,390,0,1.0,COF
2025-10-10,390,390,0,1.0,COF
2025-10-13,390,390,0,1.0,COF
2025-10-14,390,390,0,1.0,COF
2025-10-15,390,390,0,1.0,COF
2025-10-16,390,390,0,1.0,COF
2025-10-17,390,390,0,1.0,COF
2025-10-20,390,390,0,1.0,COF
2025-10-21,390,390,0,1.0,COF
2025-10-22,390,390,0,1.0,COF
2025-10-23,390,390,0,1.0,COF
2025-10-24,390,390,0,1.0,COF
2025-10-27,390,390,0,1.0,COF
2025-10-28,390,390,0,1.0,COF
2025-10-29,390,390,0,1.0,COF
2025-10-30,390,390,0,1.0,COF
2025-10-31,390,390,0,1.0,COF
2025-11-03,390,390,0,1.0,COF
2025-11-04,390,388,2,0.9948717948717949,COF
2025-11-05,390,390,0,1.0,COF
2025-11-06,390,390,0,1.0,COF
2025-11-07,390,390,0,1.0,COF
2025-11-10,390,390,0,1.0,COF
2025-11-11,390,390,0,1.0,COF
2025-11-12,390,390,0,1.0,COF
2025-11-13,390,390,0,1.0,COF
2025-11-14,390,390,0,1.0,COF
2025-11-17,390,390,0,1.0,COF
2025-11-18,390,390,0,1.0,COF
2025-11-19,390,390,0,1.0,COF
2025-11-20,390,390,0,1.0,COF
2025-11-21,390,390,0,1.0,COF
2025-11-24,390,390,0,1.0,COF
2025-11-25,390,390,0,1.0,COF
2025-11-26,390,390,0,1.0,COF
2025-11-28,210,210,0,1.0,COF
2025-12-01,390,390,0,1.0,COF
2025-12-02,390,390,0,1.0,COF
2025-12-03,390,390,0,1.0,COF
2025-12-04,390,390,0,1.0,COF
2025-12-05,390,389,1,0.9974358974358974,COF
2025-12-08,390,390,0,1.0,COF
2025-12-09,390,390,0,1.0,COF
2025-12-10,390,390,0,1.0,COF
2025-12-11,390,390,0,1.0,COF
2025-12-12,390,390,0,1.0,COF
2025-12-15,390,390,0,1.0,COF
2025-12-16,390,390,0,1.0,COF
2025-12-17,390,390,0,1.0,COF
2025-12-18,390,390,0,1.0,COF
2025-12-19,390,390,0,1.0,COF
2025-12-22,390,385,5,0.9871794871794872,COF
2025-12-23,390,372,18,0.9538461538461539,COF
2025-12-24,210,207,3,0.9857142857142858,COF
2025-12-26,390,360,30,0.9230769230769231,COF
2025-12-29,390,361,29,0.9256410256410257,COF
2025-12-30,390,366,24,0.9384615384615385,COF
2025-12-31,390,368,22,0.9435897435897436,COF
2026-01-02,390,389,1,0.9974358974358974,COF
2026-01-05,390,390,0,1.0,COF
2026-01-06,390,390,0,1.0,COF
2026-01-07,390,390,0,1.0,COF
2026-01-08,390,390,0,1.0,COF
2026-01-09,390,390,0,1.0,COF
2026-01-12,390,390,0,1.0,COF
2026-01-13,390,390,0,1.0,COF
2026-01-14,390,390,0,1.0,COF
2026-01-15,390,390,0,1.0,COF
2026-01-16,390,390,0,1.0,COF
2026-01-20,390,390,0,1.0,COF
2026-01-21,390,390,0,1.0,COF
2026-01-22,390,390,0,1.0,COF
2026-01-23,390,390,0,1.0,COF
2026-01-26,390,390,0,1.0,COF
2026-01-27,390,390,0,1.0,COF
2026-01-28,390,390,0,1.0,COF
2026-01-29,390,390,0,1.0,COF
2026-01-30,390,390,0,1.0,COF
2026-02-02,390,390,0,1.0,COF
2026-02-03,390,390,0,1.0,COF
2026-02-04,390,390,0,1.0,COF
2026-02-05,390,390,0,1.0,COF
2026-02-06,390,390,0,1.0,COF
2026-02-09,390,390,0,1.0,COF
2026-02-10,390,390,0,1.0,COF
2026-02-11,390,390,0,1.0,COF
2026-02-12,390,390,0,1.0,COF
2026-02-13,390,390,0,1.0,COF
2026-02-17,390,390,0,1.0,COF
2026-02-18,390,390,0,1.0,COF
2026-02-19,390,390,0,1.0,COF
2026-02-20,390,390,0,1.0,COF
2026-02-23,390,390,0,1.0,COF
2026-02-24,390,390,0,1.0,COF
2026-02-25,390,390,0,1.0,COF
2026-02-26,390,390,0,1.0,COF
2026-02-27,390,390,0,1.0,COF
2026-03-02,390,390,0,1.0,COF
2026-03-03,390,390,0,1.0,COF
2026-03-04,390,390,0,1.0,COF
2026-03-05,390,390,0,1.0,COF
2026-03-06,390,390,0,1.0,COF
2026-03-09,390,390,0,1.0,COF
2026-03-10,390,390,0,1.0,COF
2026-03-11,390,390,0,1.0,COF
2026-03-12,390,390,0,1.0,COF
2026-03-13,390,390,0,1.0,COF
2026-03-16,390,390,0,1.0,COF
2026-03-17,390,390,0,1.0,COF
2026-03-18,390,390,0,1.0,COF
2026-03-19,390,390,0,1.0,COF
2026-03-20,390,390,0,1.0,COF
2026-03-23,390,390,0,1.0,COF
2026-03-24,390,390,0,1.0,COF
2026-03-25,390,390,0,1.0,COF
2026-03-26,390,390,0,1.0,COF
2026-03-27,390,390,0,1.0,COF
2026-03-30,390,390,0,1.0,COF
2026-03-31,390,389,1,0.9974358974358974,COF
2026-04-01,390,390,0,1.0,COF
2026-04-02,390,390,0,1.0,COF
2026-04-06,390,390,0,1.0,COF
2026-04-07,390,390,0,1.0,COF
2026-04-08,390,390,0,1.0,COF
2026-04-09,390,390,0,1.0,COF
2026-04-10,390,390,0,1.0,COF
2026-04-13,390,390,0,1.0,COF
2026-04-14,390,390,0,1.0,COF
2026-04-15,390,390,0,1.0,COF
2026-04-16,390,390,0,1.0,COF
2026-04-17,390,390,0,1.0,COF
2026-04-20,390,390,0,1.0,COF
2026-04-21,390,390,0,1.0,COF
2026-04-22,390,390,0,1.0,COF
2026-04-23,390,389,1,0.9974358974358974,COF
2026-04-24,390,390,0,1.0,COF
2026-04-27,390,390,0,1.0,COF
2026-04-28,390,390,0,1.0,COF
2026-04-29,390,390,0,1.0,COF
2026-04-30,390,390,0,1.0,COF
2026-05-01,390,390,0,1.0,COF
2026-05-04,390,389,1,0.9974358974358974,COF
2026-05-05,390,388,2,0.9948717948717949,COF
2026-05-06,390,388,2,0.9948717948717949,COF
2026-05-07,390,390,0,1.0,COF
2026-05-08,390,390,0,1.0,COF
2026-05-11,390,388,2,0.9948717948717949,COF
2026-05-12,390,388,2,0.9948717948717949,COF
2026-05-13,390,390,0,1.0,COF
2026-05-14,390,390,0,1.0,COF
2026-05-15,390,390,0,1.0,COF
2026-05-18,390,387,3,0.9923076923076923,COF
2026-05-19,390,389,1,0.9974358974358974,COF
2026-05-20,390,390,0,1.0,COF
2026-05-21,390,390,0,1.0,COF
2026-05-22,390,388,2,0.9948717948717949,COF
2026-05-26,390,389,1,0.9974358974358974,COF
2026-05-27,390,390,0,1.0,COF
2026-05-28,390,390,0,1.0,COF
2026-05-29,390,387,3,0.9923076923076923,COF
2026-06-01,390,389,1,0.9974358974358974,COF
2026-06-02,390,390,0,1.0,COF
2026-06-03,390,390,0,1.0,COF
2026-06-04,390,390,0,1.0,COF
2026-06-05,390,390,0,1.0,COF
2026-06-08,390,390,0,1.0,COF
2026-06-09,390,390,0,1.0,COF
2026-06-10,390,389,1,0.9974358974358974,COF
2026-06-11,390,390,0,1.0,COF
2026-06-12,390,390,0,1.0,COF
2026-06-15,390,390,0,1.0,COF
2026-06-16,390,390,0,1.0,COF
2026-06-17,390,390,0,1.0,COF
2026-06-18,390,390,0,1.0,COF
2026-06-22,390,390,0,1.0,COF
2026-06-23,390,390,0,1.0,COF
2026-06-24,390,390,0,1.0,COF
2026-06-25,390,390,0,1.0,COF
2026-06-26,390,389,1,0.9974358974358974,COF
2026-06-29,390,390,0,1.0,COF
2026-06-30,390,387,3,0.9923076923076923,COF
2026-07-01,390,390,0,1.0,COF
2026-07-02,390,390,0,1.0,COF
2026-07-06,390,390,0,1.0,COF
2026-07-07,390,390,0,1.0,COF
2026-07-08,390,390,0,1.0,COF
2026-07-09,390,390,0,1.0,COF
2026-07-10,390,390,0,1.0,COF
2026-07-13,390,390,0,1.0,COF
2026-07-14,390,390,0,1.0,COF
2026-07-15,390,390,0,1.0,COF
2026-07-16,390,390,0,1.0,COF
2026-07-17,390,390,0,1.0,COF
2026-07-20,390,390,0,1.0,COF
2026-07-21,390,390,0,1.0,COF
2026-07-22,390,390,0,1.0,COF
2026-07-23,390,390,0,1.0,COF
2026-07-24,390,390,0,1.0,COF
2026-07-27,390,390,0,1.0,COF
2026-07-28,390,390,0,1.0,COF
2026-07-29,390,390,0,1.0,COF
2026-07-30,390,390,0,1.0,COF
2026-07-31,390,390,0,1.0,COF
2026-08-03,390,390,0,1.0,COF
2026-08-04,390,390,0,1.0,COF
2026-08-05,390,390,0,1.0,COF
2026-08-06,390,390,0,1.0,COF
2026-08-07,390,390,0,1.0,COF
2026-08-10,390,390,0,1.0,COF
2026-08-11,390,390,0,1.0,COF
2026-08-12,390,390,0,1.0,COF
2026-08-13,390,390,0,1.0,COF
2026-08-14,390,390,0,1.0,COF
2026-08-17,390,390,0,1.0,COF
2026-08-18,390,390,0,1.0,COF
2026-08-19,390,390,0,1.0,COF
2026-08-20,390,390,0,1.0,COF
2026-08-21,390,390,0,1.0,COF
2026-08-24,390,390,0,1.0,COF
2026-08-25,390,390,0,1.0,COF
2026-08-26,390,390,0,1.0,COF
2026-08-27,390,390,0,1.0,COF
2026-08-28,390,390,0,1.0,COF
2026-08-31,390,390,0,1.0,COF
2026-09-01,390,390,0,1.0,COF
2026-09-02,390,390,0,1.0,COF
2026-09-03,390,390,0,1.0,COF
2026-09-04,390,390,0,1.0,COF
2026-09-08,390,390,0,1.0,COF
2026-09-09,390,390,0,1.0,COF
2023-01-03,390,390,0,1.0,JPM
2023-01-04,390,390,0,1.0,JPM
2023-01-05,390,390,0,1.0,JPM
2023-01-06,390,390,0,1.0,JPM
2023-01-09,390,390,0,1.0,JPM
2023-01-10,390,390,0,1.0,JPM
2023-01-11,390,390,0,1.0,JPM
2023-01-12,390,390,0,1.0,JPM
2023-01-13,390,390,0,1.0,JPM
2023-01-17,390,390,0,1.0,JPM
2023-01-18,390,390,0,1.0,JPM
2023-01-19,390,390,0,1.0,JPM
2023-01-20,390,390,0,1.0,JPM
2023-01-23,390,390,0,1.0,JPM
2023-01-24,390,390,0,1.0,JPM
2023-01-25,390,390,0,1.0,JPM
2023-01-26,390,390,0,1.0,JPM
2023-01-27,390,390,0,1.0,JPM
2023-01-30,390,390,0,1.0,JPM
2023-01-31,390,390,0,1.0,JPM
2023-02-01,390,390,0,1.0,JPM
2023-02-02,390,390,0,1.0,JPM
2023-02-03,390,390,0,1.0,JPM
2023-02-06,390,390,0,1.0,JPM
2023-02-07,390,390,0,1.0,JPM
2023-02-08,390,390,0,1.0,JPM
2023-02-09,390,390,0,1.0,JPM
2023-02-10,390,390,0,1.0,JPM
2023-02-13,390,390,0,1.0,JPM
2023-02-14,390,390,0,1.0,JPM
2023-02-15,390,390,0,1.0,JPM
2023-02-16,390,390,0,1.0,JPM
2023-02-17,390,390,0,1.0,JPM
2023-02-21,390,390,0,1.0,JPM
2023-02-22,390,390,0,1.0,JPM
2023-02-23,390,390,0,1.0,JPM
2023-02-24,390,390,0,1.0,JPM
2023-02-27,390,390,0,1.0,JPM
2023-02-28,390,390,0,1.0,JPM
2023-03-01,390,390,0,1.0,JPM
2023-03-02,390,390,0,1.0,JPM
2023-03-03,390,390,0,1.0,JPM
2023-03-06,390,390,0,1.0,JPM
2023-03-07,390,390,0,1.0,JPM
2023-03-08,390,390,0,1.0,JPM
2023-03-09,390,390,0,1.0,JPM
2023-03-10,390,390,0,1.0,JPM
2023-03-13,390,390,0,1.0,JPM
2023-03-14,390,390,0,1.0,JPM
2023-03-15,390,390,0,1.0,JPM
2023-03-16,390,390,0,1.0,JPM
2023-03-17,390,390,0,1.0,JPM
2023-03-20,390,390,0,1.0,JPM
2023-03-21,390,390,0,1.0,JPM
2023-03-22,390,390,0,1.0,JPM
2023-03-23,390,390,0,1.0,JPM
2023-03-24,390,390,0,1.0,JPM
2023-03-27,390,390,0,1.0,JPM
2023-03-28,390,390,0,1.0,JPM
2023-03-29,390,390,0,1.0,JPM
2023-03-30,390,390,0,1.0,JPM
2023-03-31,390,390,0,1.0,JPM
2023-04-03,390,390,0,1.0,JPM
2023-04-04,390,390,0,1.0,JPM
2023-04-05,390,390,0,1.0,JPM
2023-04-06,390,390,0,1.0,JPM
2023-04-10,390,390,0,1.0,JPM
2023-04-11,390,390,0,1.0,JPM
2023-04-12,390,390,0,1.0,JPM
2023-04-13,390,390,0,1.0,JPM
2023-04-14,390,390,0,1.0,JPM
2023-04-17,390,390,0,1.0,JPM
2023-04-18,390,390,0,1.0,JPM
2023-04-19,390,390,0,1.0,JPM
2023-04-20,390,390,0,1.0,JPM
2023-04-21,390,390,0,1.0,JPM
2023-04-24,390,390,0,1.0,JPM
2023-04-25,390,390,0,1.0,JPM
2023-04-26,390,390,0,1.0,JPM
2023-04-27,390,390,0,1.0,JPM
2023-04-28,390,390,0,1.0,JPM
2023-05-01,390,390,0,1.0,JPM
2023-05-02,390,390,0,1.0,JPM
2023-05-03,390,390,0,1.0,JPM
2023-05-04,390,390,0,1.0,JPM
2023-05-05,390,390,0,1.0,JPM
2023-05-08,390,390,0,1.0,JPM
2023-05-09,390,390,0,1.0,JPM
2023-05-10,390,390,0,1.0,JPM
2023-05-11,390,390,0,1.0,JPM
2023-05-12,390,390,0,1.0,JPM
2023-05-15,390,390,0,1.0,JPM
2023-05-16,390,390,0,1.0,JPM
2023-05-17,390,390,0,1.0,JPM
2023-05-18,390,390,0,1.0,JPM
2023-05-19,390,390,0,1.0,JPM
2023-05-22,390,390,0,1.0,JPM
2023-05-23,390,390,0,1.0,JPM
2023-05-24,390,390,0,1.0,JPM
2023-05-25,390,390,0,1.0,JPM
2023-05-26,390,390,0,1.0,JPM
2023-05-30,390,390,0,1.0,JPM
2023-05-31,390,390,0,1.0,JPM
2023-06-01,390,390,0,1.0,JPM
2023-06-02,390,390,0,1.0,JPM
2023-06-05,390,386,4,0.9897435897435898,JPM
2023-06-06,390,390,0,1.0,JPM
2023-06-07,390,390,0,1.0,JPM
2023-06-08,390,390,0,1.0,JPM
2023-06-09,390,390,0,1.0,JPM
2023-06-12,390,390,0,1.0,JPM
2023-06-13,390,390,0,1.0,JPM
2023-06-14,390,390,0,1.0,JPM
2023-06-15,390,390,0,1.0,JPM
2023-06-16,390,390,0,1.0,JPM
2023-06-20,390,390,0,1.0,JPM
2023-06-21,390,390,0,1.0,JPM
2023-06-22,390,390,0,1.0,JPM
2023-06-23,390,390,0,1.0,JPM
2023-06-26,390,390,0,1.0,JPM
2023-06-27,390,390,0,1.0,JPM
2023-06-28,390,390,0,1.0,JPM
2023-06-29,390,390,0,1.0,JPM
2023-06-30,390,390,0,1.0,JPM
2023-07-03,210,210,0,1.0,JPM
2023-07-05,390,390,0,1.0,JPM
2023-07-06,390,390,0,1.0,JPM
2023-07-07,390,390,0,1.0,JPM
2023-07-10,390,390,0,1.0,JPM
2023-07-11,390,390,0,1.0,JPM
2023-07-12,390,390,0,1.0,JPM
2023-07-13,390,390,0,1.0,JPM
2023-07-14,390,390,0,1.0,JPM
2023-07-17,390,390,0,1.0,JPM
2023-07-18,390,390,0,1.0,JPM
2023-07-19,390,390,0,1.0,JPM
2023-07-20,390,390,0,1.0,JPM
2023-07-21,390,390,0,1.0,JPM
2023-07-24,390,390,0,1.0,JPM
2023-07-25,390,390,0,1.0,JPM
2023-07-26,390,390,0,1.0,JPM
2023-07-27,390,390,0,1.0,JPM
2023-07-28,390,390,0,1.0,JPM
2023-07-31,390,390,0,1.0,JPM
2023-08-01,390,390,0,1.0,JPM
2023-08-02,390,390,0,1.0,JPM
2023-08-03,390,390,0,1.0,JPM
2023-08-04,390,390,0,1.0,JPM
2023-08-07,390,390,0,1.0,JPM
2023-08-08,390,390,0,1.0,JPM
2023-08-09,390,390,0,1.0,JPM
2023-08-10,390,390,0,1.0,JPM
2023-08-11,390,390,0,1.0,JPM
2023-08-14,390,390,0,1.0,JPM
2023-08-15,390,390,0,1.0,JPM
2023-08-16,390,390,0,1.0,JPM
2023-08-17,390,390,0,1.0,JPM
2023-08-18,390,390,0,1.0,JPM
2023-08-21,390,390,0,1.0,JPM
2023-08-22,390,390,0,1.0,JPM
2023-08-23,390,390,0,1.0,JPM
2023-08-24,390,390,0,1.0,JPM
2023-08-25,390,390,0,1.0,JPM
2023-08-28,390,390,0,1.0,JPM
2023-08-29,390,390,0,1.0,JPM
2023-08-30,390,390,0,1.0,JPM
2023-08-31,390,390,0,1.0,JPM
2023-09-01,390,390,0,1.0,JPM
2023-09-05,390,390,0,1.0,JPM
2023-09-06,390,390,0,1.0,JPM
2023-09-07,390,390,0,1.0,JPM
2023-09-08,390,390,0,1.0,JPM
2023-09-11,390,390,0,1.0,JPM
2023-09-12,390,390,0,1.0,JPM
2023-09-13,390,390,0,1.0,JPM
2023-09-14,390,390,0,1.0,JPM
2023-09-15,390,390,0,1.0,JPM
2023-09-18,390,390,0,1.0,JPM
2023-09-19,390,390,0,1.0,JPM
2023-09-20,390,390,0,1.0,JPM
2023-09-21,390,390,0,1.0,JPM
2023-09-22,390,390,0,1.0,JPM
2023-09-25,390,390,0,1.0,JPM
2023-09-26,390,390,0,1.0,JPM
2023-09-27,390,390,0,1.0,JPM
2023-09-28,390,390,0,1.0,JPM
2023-09-29,390,390,0,1.0,JPM
2023-10-02,390,390,0,1.0,JPM
2023-10-03,390,390,0,1.0,JPM
2023-10-04,390,390,0,1.0,JPM
2023-10-05,390,390,0,1.0,JPM
2023-10-06,390,390,0,1.0,JPM
2023-10-09,390,390,0,1.0,JPM
2023-10-10,390,390,0,1.0,JPM
2023-10-11,390,390,0,1.0,JPM
2023-10-12,390,390,0,1.0,JPM
2023-10-13,390,390,0,1.0,JPM
2023-10-16,390,390,0,1.0,JPM
2023-10-17,390,390,0,1.0,JPM
2023-10-18,390,390,0,1.0,JPM
2023-10-19,390,390,0,1.0,JPM
2023-10-20,390,390,0,1.0,JPM
2023-10-23,390,390,0,1.0,JPM
2023-10-24,390,390,0,1.0,JPM
2023-10-25,390,390,0,1.0,JPM
2023-10-26,390,390,0,1.0,JPM
2023-10-27,390,390,0,1.0,JPM
2023-10-30,390,390,0,1.0,JPM
2023-10-31,390,390,0,1.0,JPM
2023-11-01,390,390,0,1.0,JPM
2023-11-02,390,390,0,1.0,JPM
2023-11-03,390,390,0,1.0,JPM
2023-11-06,390,390,0,1.0,JPM
2023-11-07,390,390,0,1.0,JPM
2023-11-08,390,390,0,1.0,JPM
2023-11-09,390,390,0,1.0,JPM
2023-11-10,390,390,0,1.0,JPM
2023-11-13,390,390,0,1.0,JPM
2023-11-14,390,390,0,1.0,JPM
2023-11-15,390,390,0,1.0,JPM
2023-11-16,390,390,0,1.0,JPM
2023-11-17,390,390,0,1.0,JPM
2023-11-20,390,390,0,1.0,JPM
2023-11-21,390,390,0,1.0,JPM
2023-11-22,390,390,0,1.0,JPM
2023-11-24,210,210,0,1.0,JPM
2023-11-27,390,390,0,1.0,JPM
2023-11-28,390,390,0,1.0,JPM
2023-11-29,390,390,0,1.0,JPM
2023-11-30,390,390,0,1.0,JPM
2023-12-01,390,390,0,1.0,JPM
2023-12-04,390,390,0,1.0,JPM
2023-12-05,390,390,0,1.0,JPM
2023-12-06,390,390,0,1.0,JPM
2023-12-07,390,390,0,1.0,JPM
2023-12-08,390,390,0,1.0,JPM
2023-12-11,390,390,0,1.0,JPM
2023-12-12,390,390,0,1.0,JPM
2023-12-13,390,390,0,1.0,JPM
2023-12-14,390,390,0,1.0,JPM
2023-12-15,390,390,0,1.0,JPM
2023-12-18,390,390,0,1.0,JPM
2023-12-19,390,390,0,1.0,JPM
2023-12-20,390,390,0,1.0,JPM
2023-12-21,390,390,0,1.0,JPM
2023-12-22,390,390,0,1.0,JPM
2023-12-26,390,390,0,1.0,JPM
2023-12-27,390,390,0,1.0,JPM
2023-12-28,390,390,0,1.0,JPM
2023-12-29,390,390,0,1.0,JPM
2024-01-02,390,390,0,1.0,JPM
2024-01-03,390,390,0,1.0,JPM
2024-01-04,390,390,0,1.0,JPM
2024-01-05,390,390,0,1.0,JPM
2024-01-08,390,390,0,1.0,JPM
2024-01-09,390,390,0,1.0,JPM
2024-01-10,390,390,0,1.0,JPM
2024-01-11,390,390,0,1.0,JPM
2024-01-12,390,390,0,1.0,JPM
2024-01-16,390,390,0,1.0,JPM
2024-01-17,390,390,0,1.0,JPM
2024-01-18,390,390,0,1.0,JPM
2024-01-19,390,390,0,1.0,JPM
2024-01-22,390,390,0,1.0,JPM
2024-01-23,390,390,0,1.0,JPM
2024-01-24,390,390,0,1.0,JPM
2024-01-25,390,390,0,1.0,JPM
2024-01-26,390,390,0,1.0,JPM
2024-01-29,390,390,0,1.0,JPM
2024-01-30,390,390,0,1.0,JPM
2024-01-31,390,390,0,1.0,JPM
2024-02-01,390,390,0,1.0,JPM
2024-02-02,390,390,0,1.0,JPM
2024-02-05,390,390,0,1.0,JPM
2024-02-06,390,390,0,1.0,JPM
2024-02-07,390,390,0,1.0,JPM
2024-02-08,390,390,0,1.0,JPM
2024-02-09,390,390,0,1.0,JPM
2024-02-12,390,390,0,1.0,JPM
2024-02-13,390,390,0,1.0,JPM
2024-02-14,390,390,0,1.0,JPM
2024-02-15,390,390,0,1.0,JPM
2024-02-16,390,390,0,1.0,JPM
2024-02-20,390,390,0,1.0,JPM
2024-02-21,390,390,0,1.0,JPM
2024-02-22,390,390,0,1.0,JPM
2024-02-23,390,390,0,1.0,JPM
2024-02-26,390,390,0,1.0,JPM
2024-02-27,390,390,0,1.0,JPM
2024-02-28,390,390,0,1.0,JPM
2024-02-29,390,390,0,1.0,JPM
2024-03-01,390,390,0,1.0,JPM
2024-03-04,390,390,0,1.0,JPM
2024-03-05,390,390,0,1.0,JPM
2024-03-06,390,390,0,1.0,JPM
2024-03-07,390,390,0,1.0,JPM
2024-03-08,390,390,0,1.0,JPM
2024-03-11,390,390,0,1.0,JPM
2024-03-12,390,390,0,1.0,JPM
2024-03-13,390,390,0,1.0,JPM
2024-03-14,390,390,0,1.0,JPM
2024-03-15,390,390,0,1.0,JPM
2024-03-18,390,390,0,1.0,JPM
2024-03-19,390,390,0,1.0,JPM
2024-03-20,390,390,0,1.0,JPM
2024-03-21,390,390,0,1.0,JPM
2024-03-22,390,390,0,1.0,JPM
2024-03-25,390,390,0,1.0,JPM
2024-03-26,390,390,0,1.0,JPM
2024-03-27,390,390,0,1.0,JPM
2024-03-28,390,390,0,1.0,JPM
2024-04-01,390,390,0,1.0,JPM
2024-04-02,390,390,0,1.0,JPM
2024-04-03,390,390,0,1.0,JPM
2024-04-04,390,390,0,1.0,JPM
2024-04-05,390,390,0,1.0,JPM
2024-04-08,390,390,0,1.0,JPM
2024-04-09,390,390,0,1.0,JPM
2024-04-10,390,390,0,1.0,JPM
2024-04-11,390,390,0,1.0,JPM
2024-04-12,390,390,0,1.0,JPM
2024-04-15,390,390,0,1.0,JPM
2024-04-16,390,390,0,1.0,JPM
2024-04-17,390,390,0,1.0,JPM
2024-04-18,390,390,0,1.0,JPM
2024-04-19,390,390,0,1.0,JPM
2024-04-22,390,390,0,1.0,JPM
2024-04-23,390,390,0,1.0,JPM
2024-04-24,390,390,0,1.0,JPM
2024-04-25,390,390,0,1.0,JPM
2024-04-26,390,390,0,1.0,JPM
2024-04-29,390,390,0,1.0,JPM
2024-04-30,390,390,0,1.0,JPM
2024-05-01,390,390,0,1.0,JPM
2024-05-02,390,390,0,1.0,JPM
2024-05-03,390,390,0,1.0,JPM
2024-05-06,390,390,0,1.0,JPM
2024-05-07,390,390,0,1.0,JPM
2024-05-08,390,390,0,1.0,JPM
2024-05-09,390,390,0,1.0,JPM
2024-05-10,390,390,0,1.0,JPM
2024-05-13,390,390,0,1.0,JPM
2024-05-14,390,390,0,1.0,JPM
2024-05-15,390,390,0,1.0,JPM
2024-05-16,390,390,0,1.0,JPM
2024-05-17,390,390,0,1.0,JPM
2024-05-20,390,390,0,1.0,JPM
2024-05-21,390,390,0,1.0,JPM
2024-05-22,390,390,0,1.0,JPM
2024-05-23,390,390,0,1.0,JPM
2024-05-24,390,390,0,1.0,JPM
2024-05-28,390,390,0,1.0,JPM
2024-05-29,390,390,0,1.0,JPM
2024-05-30,390,390,0,1.0,JPM
2024-05-31,390,390,0,1.0,JPM
2024-06-03,390,390,0,1.0,JPM
2024-06-04,390,390,0,1.0,JPM
2024-06-05,390,390,0,1.0,JPM
2024-06-06,390,390,0,1.0,JPM
2024-06-07,390,390,0,1.0,JPM
2024-06-10,390,390,0,1.0,JPM
2024-06-11,390,390,0,1.0,JPM
2024-06-12,390,390,0,1.0,JPM
2024-06-13,390,390,0,1.0,JPM
2024-06-14,390,390,0,1.0,JPM
2024-06-17,390,390,0,1.0,JPM
2024-06-18,390,390,0,1.0,JPM
2024-06-20,390,390,0,1.0,JPM
2024-06-21,390,390,0,1.0,JPM
2024-06-24,390,390,0,1.0,JPM
2024-06-25,390,390,0,1.0,JPM
2024-06-26,390,390,0,1.0,JPM
2024-06-27,390,390,0,1.0,JPM
2024-06-28,390,390,0,1.0,JPM
2024-07-01,390,390,0,1.0,JPM
2024-07-02,390,390,0,1.0,JPM
2024-07-03,210,210,0,1.0,JPM
2024-07-05,390,390,0,1.0,JPM
2024-07-08,390,390,0,1.0,JPM
2024-07-09,390,390,0,1.0,JPM
2024-07-10,390,390,0,1.0,JPM
2024-07-11,390,390,0,1.0,JPM
2024-07-12,390,390,0,1.0,JPM
2024-07-15,390,390,0,1.0,JPM
2024-07-16,390,390,0,1.0,JPM
2024-07-17,390,390,0,1.0,JPM
2024-07-18,390,390,0,1.0,JPM
2024-07-19,390,390,0,1.0,JPM
2024-07-22,390,390,0,1.0,JPM
2024-07-23,390,390,0,1.0,JPM
2024-07-24,390,390,0,1.0,JPM
2024-07-25,390,390,0,1.0,JPM
2024-07-26,390,390,0,1.0,JPM
2024-07-29,390,390,0,1.0,JPM
2024-07-30,390,390,0,1.0,JPM
2024-07-31,390,390,0,1.0,JPM
2024-08-01,390,390,0,1.0,JPM
2024-08-02,390,390,0,1.0,JPM
2024-08-05,390,390,0,1.0,JPM
2024-08-06,390,390,0,1.0,JPM
2024-08-07,390,390,0,1.0,JPM
2024-08-08,390,390,0,1.0,JPM
2024-08-09,390,390,0,1.0,JPM
2024-08-12,390,390,0,1.0,JPM
2024-08-13,390,390,0,1.0,JPM
2024-08-14,390,390,0,1.0,JPM
2024-08-15,390,390,0,1.0,JPM
2024-08-16,390,390,0,1.0,JPM
2024-08-19,390,390,0,1.0,JPM
2024-08-20,390,390,0,1.0,JPM
2024-08-21,390,390,0,1.0,JPM
2024-08-22,390,390,0,1.0,JPM
2024-08-23,390,390,0,1.0,JPM
2024-08-26,390,390,0,1.0,JPM
2024-08-27,390,390,0,1.0,JPM
2024-08-28,390,390,0,1.0,JPM
2024-08-29,390,390,0,1.0,JPM
2024-08-30,390,390,0,1.0,JPM
2024-09-03,390,390,0,1.0,JPM
2024-09-04,390,390,0,1.0,JPM
2024-09-05,390,390,0,1.0,JPM
2024-09-06,390,390,0,1.0,JPM
2024-09-09,390,390,0,1.0,JPM
2024-09-10,390,390,0,1.0,JPM
2024-09-11,390,390,0,1.0,JPM
2024-09-12,390,390,0,1.0,JPM
2024-09-13,390,390,0,1.0,JPM
2024-09-16,390,390,0,1.0,JPM
2024-09-17,390,390,0,1.0,JPM
2024-09-18,390,390,0,1.0,JPM
2024-09-19,390,390,0,1.0,JPM
2024-09-20,390,390,0,1.0,JPM
2024-09-23,390,390,0,1.0,JPM
2024-09-24,390,390,0,1.0,JPM
2024-09-25,390,390,0,1.0,JPM
2024-09-26,390,390,0,1.0,JPM
2024-09-27,390,390,0,1.0,JPM
2024-09-30,390,390,0,1.0,JPM
2024-10-01,390,390,0,1.0,JPM
2024-10-02,390,390,0,1.0,JPM
2024-10-03,390,390,0,1.0,JPM
2024-10-04,390,390,0,1.0,JPM
2024-10-07,390,390,0,1.0,JPM
2024-10-08,390,390,0,1.0,JPM
2024-10-09,390,390,0,1.0,JPM
2024-10-10,390,390,0,1.0,JPM
2024-10-11,390,390,0,1.0,JPM
2024-10-14,390,390,0,1.0,JPM
2024-10-15,390,390,0,1.0,JPM
2024-10-16,390,390,0,1.0,JPM
2024-10-17,390,390,0,1.0,JPM
2024-10-18,390,390,0,1.0,JPM
2024-10-21,390,390,0,1.0,JPM
2024-10-22,390,390,0,1.0,JPM
2024-10-23,390,390,0,1.0,JPM
2024-10-24,390,390,0,1.0,JPM
2024-10-25,390,390,0,1.0,JPM
2024-10-28,390,390,0,1.0,JPM
2024-10-29,390,390,0,1.0,JPM
2024-10-30,390,390,0,1.0,JPM
2024-10-31,390,390,0,1.0,JPM
2024-11-01,390,390,0,1.0,JPM
2024-11-04,390,390,0,1.0,JPM
2024-11-05,390,390,0,1.0,JPM
2024-11-06,390,390,0,1.0,JPM
2024-11-07,390,390,0,1.0,JPM
2024-11-08,390,390,0,1.0,JPM
2024-11-11,390,390,0,1.0,JPM
2024-11-12,390,390,0,1.0,JPM
2024-11-13,390,390,0,1.0,JPM
2024-11-14,390,390,0,1.0,JPM
2024-11-15,390,390,0,1.0,JPM
2024-11-18,390,390,0,1.0,JPM
2024-11-19,390,390,0,1.0,JPM
2024-11-20,390,390,0,1.0,JPM
2024-11-21,390,390,0,1.0,JPM
2024-11-22,390,390,0,1.0,JPM
2024-11-25,390,390,0,1.0,JPM
2024-11-26,390,390,0,1.0,JPM
2024-11-27,390,390,0,1.0,JPM
2024-11-29,210,210,0,1.0,JPM
2024-12-02,390,390,0,1.0,JPM
2024-12-03,390,390,0,1.0,JPM
2024-12-04,390,390,0,1.0,JPM
2024-12-05,390,390,0,1.0,JPM
2024-12-06,390,390,0,1.0,JPM
2024-12-09,390,390,0,1.0,JPM
2024-12-10,390,390,0,1.0,JPM
2024-12-11,390,390,0,1.0,JPM
2024-12-12,390,390,0,1.0,JPM
2024-12-13,390,390,0,1.0,JPM
2024-12-16,390,390,0,1.0,JPM
2024-12-17,390,390,0,1.0,JPM
2024-12-18,390,390,0,1.0,JPM
2024-12-19,390,390,0,1.0,JPM
2024-12-20,390,390,0,1.0,JPM
2024-12-23,390,390,0,1.0,JPM
2024-12-24,210,210,0,1.0,JPM
2024-12-26,390,390,0,1.0,JPM
2024-12-27,390,390,0,1.0,JPM
2024-12-30,390,390,0,1.0,JPM
2024-12-31,390,390,0,1.0,JPM
2025-01-02,390,390,0,1.0,JPM
2025-01-03,390,390,0,1.0,JPM
2025-01-06,390,390,0,1.0,JPM
2025-01-07,390,390,0,1.0,JPM
2025-01-08,390,390,0,1.0,JPM
2025-01-10,390,390,0,1.0,JPM
2025-01-13,390,390,0,1.0,JPM
2025-01-14,390,390,0,1.0,JPM
2025-01-15,390,390,0,1.0,JPM
2025-01-16,390,390,0,1.0,JPM
2025-01-17,390,390,0,1.0,JPM
2025-01-21,390,390,0,1.0,JPM
2025-01-22,390,390,0,1.0,JPM
2025-01-23,390,390,0,1.0,JPM
2025-01-24,390,390,0,1.0,JPM
2025-01-27,390,390,0,1.0,JPM
2025-01-28,390,390,0,1.0,JPM
2025-01-29,390,390,0,1.0,JPM
2025-01-30,390,390,0,1.0,JPM
2025-01-31,390,390,0,1.0,JPM
2025-02-03,390,390,0,1.0,JPM
2025-02-04,390,390,0,1.0,JPM
2025-02-05,390,390,0,1.0,JPM
2025-02-06,390,390,0,1.0,JPM
2025-02-07,390,389,1,0.9974358974358974,JPM
2025-02-10,390,390,0,1.0,JPM
2025-02-11,390,390,0,1.0,JPM
2025-02-12,390,390,0,1.0,JPM
2025-02-13,390,390,0,1.0,JPM
2025-02-14,390,390,0,1.0,JPM
2025-02-18,390,390,0,1.0,JPM
2025-02-19,390,390,0,1.0,JPM
2025-02-20,390,390,0,1.0,JPM
2025-02-21,390,390,0,1.0,JPM
2025-02-24,390,390,0,1.0,JPM
2025-02-25,390,390,0,1.0,JPM
2025-02-26,390,390,0,1.0,JPM
2025-02-27,390,390,0,1.0,JPM
2025-02-28,390,390,0,1.0,JPM
2025-03-03,390,390,0,1.0,JPM
2025-03-04,390,390,0,1.0,JPM
2025-03-05,390,390,0,1.0,JPM
2025-03-06,390,390,0,1.0,JPM
2025-03-07,390,390,0,1.0,JPM
2025-03-10,390,390,0,1.0,JPM
2025-03-11,390,390,0,1.0,JPM
2025-03-12,390,390,0,1.0,JPM
2025-03-13,390,390,0,1.0,JPM
2025-03-14,390,390,0,1.0,JPM
2025-03-17,390,390,0,1.0,JPM
2025-03-18,390,390,0,1.0,JPM
2025-03-19,390,390,0,1.0,JPM
2025-03-20,390,390,0,1.0,JPM
2025-03-21,390,390,0,1.0,JPM
2025-03-24,390,390,0,1.0,JPM
2025-03-25,390,390,0,1.0,JPM
2025-03-26,390,390,0,1.0,JPM
2025-03-27,390,390,0,1.0,JPM
2025-03-28,390,390,0,1.0,JPM
2025-03-31,390,390,0,1.0,JPM
2025-04-01,390,390,0,1.0,JPM
2025-04-02,390,390,0,1.0,JPM
2025-04-03,390,390,0,1.0,JPM
2025-04-04,390,390,0,1.0,JPM
2025-04-07,390,390,0,1.0,JPM
2025-04-08,390,390,0,1.0,JPM
2025-04-09,390,390,0,1.0,JPM
2025-04-10,390,390,0,1.0,JPM
2025-04-11,390,390,0,1.0,JPM
2025-04-14,390,390,0,1.0,JPM
2025-04-15,390,390,0,1.0,JPM
2025-04-16,390,390,0,1.0,JPM
2025-04-17,390,390,0,1.0,JPM
2025-04-21,390,390,0,1.0,JPM
2025-04-22,390,390,0,1.0,JPM
2025-04-23,390,390,0,1.0,JPM
2025-04-24,390,390,0,1.0,JPM
2025-04-25,390,390,0,1.0,JPM
2025-04-28,390,390,0,1.0,JPM
2025-04-29,390,390,0,1.0,JPM
2025-04-30,390,390,0,1.0,JPM
2025-05-01,390,390,0,1.0,JPM
2025-05-02,390,390,0,1.0,JPM
2025-05-05,390,390,0,1.0,JPM
2025-05-06,390,390,0,1.0,JPM
2025-05-07,390,390,0,1.0,JPM
2025-05-08,390,390,0,1.0,JPM
2025-05-09,390,390,0,1.0,JPM
2025-05-12,390,390,0,1.0,JPM
2025-05-13,390,390,0,1.0,JPM
2025-05-14,390,390,0,1.0,JPM
2025-05-15,390,390,0,1.0,JPM
2025-05-16,390,390,0,1.0,JPM
2025-05-19,390,390,0,1.0,JPM
2025-05-20,390,390,0,1.0,JPM
2025-05-21,390,390,0,1.0,JPM
2025-05-22,390,390,0,1.0,JPM
2025-05-23,390,390,0,1.0,JPM
2025-05-27,390,390,0,1.0,JPM
2025-05-28,390,390,0,1.0,JPM
2025-05-29,390,390,0,1.0,JPM
2025-05-30,390,390,0,1.0,JPM
2025-06-02,390,390,0,1.0,JPM
2025-06-03,390,390,0,1.0,JPM
2025-06-04,390,390,0,1.0,JPM
2025-06-05,390,390,0,1.0,JPM
2025-06-06,390,390,0,1.0,JPM
2025-06-09,390,390,0,1.0,JPM
2025-06-10,390,390,0,1.0,JPM
2025-06-11,390,390,0,1.0,JPM
2025-06-12,390,390,0,1.0,JPM
2025-06-13,390,390,0,1.0,JPM
2025-06-16,390,390,0,1.0,JPM
2025-06-17,390,390,0,1.0,JPM
2025-06-18,390,390,0,1.0,JPM
2025-06-20,390,390,0,1.0,JPM
2025-06-23,390,390,0,1.0,JPM
2025-06-24,390,390,0,1.0,JPM
2025-06-25,390,390,0,1.0,JPM
2025-06-26,390,390,0,1.0,JPM
2025-06-27,390,390,0,1.0,JPM
2025-06-30,390,390,0,1.0,JPM
2025-07-01,390,390,0,1.0,JPM
2025-07-02,390,390,0,1.0,JPM
2025-07-03,210,210,0,1.0,JPM
2025-07-07,390,390,0,1.0,JPM
2025-07-08,390,390,0,1.0,JPM
2025-07-09,390,390,0,1.0,JPM
2025-07-10,390,390,0,1.0,JPM
2025-07-11,390,390,0,1.0,JPM
2025-07-14,390,390,0,1.0,JPM
2025-07-15,390,390,0,1.0,JPM
2025-07-16,390,390,0,1.0,JPM
2025-07-17,390,390,0,1.0,JPM
2025-07-18,390,390,0,1.0,JPM
2025-07-21,390,390,0,1.0,JPM
2025-07-22,390,390,0,1.0,JPM
2025-07-23,390,390,0,1.0,JPM
2025-07-24,390,390,0,1.0,JPM
2025-07-25,390,390,0,1.0,JPM
2025-07-28,390,390,0,1.0,JPM
2025-07-29,390,389,1,0.9974358974358974,JPM
2025-07-30,390,390,0,1.0,JPM
2025-07-31,390,390,0,1.0,JPM
2025-08-01,390,390,0,1.0,JPM
2025-08-04,390,390,0,1.0,JPM
2025-08-05,390,390,0,1.0,JPM
2025-08-06,390,390,0,1.0,JPM
2025-08-07,390,390,0,1.0,JPM
2025-08-08,390,390,0,1.0,JPM
2025-08-11,390,390,0,1.0,JPM
2025-08-12,390,390,0,1.0,JPM
2025-08-13,390,390,0,1.0,JPM
2025-08-14,390,390,0,1.0,JPM
2025-08-15,390,390,0,1.0,JPM
2025-08-18,390,390,0,1.0,JPM
2025-08-19,390,390,0,1.0,JPM
2025-08-20,390,390,0,1.0,JPM
2025-08-21,390,390,0,1.0,JPM
2025-08-22,390,390,0,1.0,JPM
2025-08-25,390,390,0,1.0,JPM
2025-08-26,390,390,0,1.0,JPM
2025-08-27,390,390,0,1.0,JPM
2025-08-28,390,390,0,1.0,JPM
2025-08-29,390,390,0,1.0,JPM
2025-09-02,390,390,0,1.0,JPM
2025-09-03,390,390,0,1.0,JPM
2025-09-04,390,390,0,1.0,JPM
2025-09-05,390,390,0,1.0,JPM
2025-09-08,390,390,0,1.0,JPM
2025-09-09,390,390,0,1.0,JPM
2025-09-10,390,390,0,1.0,JPM
2025-09-11,390,390,0,1.0,JPM
2025-09-12,390,390,0,1.0,JPM
2025-09-15,390,390,0,1.0,JPM
2025-09-16,390,390,0,1.0,JPM
2025-09-17,390,390,0,1.0,JPM
2025-09-18,390,390,0,1.0,JPM
2025-09-19,390,390,0,1.0,JPM
2025-09-22,390,390,0,1.0,JPM
2025-09-23,390,390,0,1.0,JPM
2025-09-24,390,390,0,1.0,JPM
2025-09-25,390,390,0,1.0,JPM
2025-09-26,390,390,0,1.0,JPM
2025-09-29,390,390,0,1.0,JPM
2025-09-30,390,390,0,1.0,JPM
2025-10-01,390,390,0,1.0,JPM
2025-10-02,390,390,0,1.0,JPM
2025-10-03,390,390,0,1.0,JPM
2025-10-06,390,390,0,1.0,JPM
2025-10-07,390,390,0,1.0,JPM
2025-10-08,390,390,0,1.0,JPM
2025-10-09,390,390,0,1.0,JPM
2025-10-10,390,390,0,1.0,JPM
2025-10-13,390,390,0,1.0,JPM
2025-10-14,390,390,0,1.0,JPM
2025-10-15,390,390,0,1.0,JPM
2025-10-16,390,390,0,1.0,JPM
2025-10-17,390,390,0,1.0,JPM
2025-10-20,390,390,0,1.0,JPM
2025-10-21,390,390,0,1.0,JPM
2025-10-22,390,390,0,1.0,JPM
2025-10-23,390,390,0,1.0,JPM
2025-10-24,390,390,0,1.0,JPM
2025-10-27,390,390,0,1.0,JPM
2025-10-28,390,390,0,1.0,JPM
2025-10-29,390,390,0,1.0,JPM
2025-10-30,390,390,0,1.0,JPM
2025-10-31,390,390,0,1.0,JPM
2025-11-03,390,390,0,1.0,JPM
2025-11-04,390,390,0,1.0,JPM
2025-11-05,390,390,0,1.0,JPM
2025-11-06,390,390,0,1.0,JPM
2025-11-07,390,390,0,1.0,JPM
2025-11-10,390,390,0,1.0,JPM
2025-11-11,390,390,0,1.0,JPM
2025-11-12,390,390,0,1.0,JPM
2025-11-13,390,390,0,1.0,JPM
2025-11-14,390,390,0,1.0,JPM
2025-11-17,390,390,0,1.0,JPM
2025-11-18,390,390,0,1.0,JPM
2025-11-19,390,390,0,1.0,JPM
2025-11-20,390,390,0,1.0,JPM
2025-11-21,390,390,0,1.0,JPM
2025-11-24,390,390,0,1.0,JPM
2025-11-25,390,390,0,1.0,JPM
2025-11-26,390,390,0,1.0,JPM
2025-11-28,210,210,0,1.0,JPM
2025-12-01,390,390,0,1.0,JPM
2025-12-02,390,390,0,1.0,JPM
2025-12-03,390,390,0,1.0,JPM
2025-12-04,390,390,0,1.0,JPM
2025-12-05,390,390,0,1.0,JPM
2025-12-08,390,390,0,1.0,JPM
2025-12-09,390,390,0,1.0,JPM
2025-12-10,390,390,0,1.0,JPM
2025-12-11,390,390,0,1.0,JPM
2025-12-12,390,390,0,1.0,JPM
2025-12-15,390,390,0,1.0,JPM
2025-12-16,390,390,0,1.0,JPM
2025-12-17,390,390,0,1.0,JPM
2025-12-18,390,390,0,1.0,JPM
2025-12-19,390,390,0,1.0,JPM
2025-12-22,390,390,0,1.0,JPM
2025-12-23,390,390,0,1.0,JPM
2025-12-24,210,210,0,1.0,JPM
2025-12-26,390,390,0,1.0,JPM
2025-12-29,390,390,0,1.0,JPM
2025-12-30,390,390,0,1.0,JPM
2025-12-31,390,390,0,1.0,JPM
2026-01-02,390,390,0,1.0,JPM
2026-01-05,390,390,0,1.0,JPM
2026-01-06,390,390,0,1.0,JPM
2026-01-07,390,390,0,1.0,JPM
2026-01-08,390,390,0,1.0,JPM
2026-01-09,390,390,0,1.0,JPM
2026-01-12,390,390,0,1.0,JPM
2026-01-13,390,390,0,1.0,JPM
2026-01-14,390,390,0,1.0,JPM
2026-01-15,390,390,0,1.0,JPM
2026-01-16,390,390,0,1.0,JPM
2026-01-20,390,390,0,1.0,JPM
2026-01-21,390,390,0,1.0,JPM
2026-01-22,390,390,0,1.0,JPM
2026-01-23,390,390,0,1.0,JPM
2026-01-26,390,390,0,1.0,JPM
2026-01-27,390,390,0,1.0,JPM
2026-01-28,390,390,0,1.0,JPM
2026-01-29,390,390,0,1.0,JPM
2026-01-30,390,390,0,1.0,JPM
2026-02-02,390,390,0,1.0,JPM
2026-02-03,390,390,0,1.0,JPM
2026-02-04,390,390,0,1.0,JPM
2026-02-05,390,390,0,1.0,JPM
2026-02-06,390,390,0,1.0,JPM
2026-02-09,390,390,0,1.0,JPM
2026-02-10,390,390,0,1.0,JPM
2026-02-11,390,390,0,1.0,JPM
2026-02-12,390,390,0,1.0,JPM
2026-02-13,390,390,0,1.0,JPM
2026-02-17,390,390,0,1.0,JPM
2026-02-18,390,390,0,1.0,JPM
2026-02-19,390,390,0,1.0,JPM
2026-02-20,390,390,0,1.0,JPM
2026-02-23,390,390,0,1.0,JPM
2026-02-24,390,390,0,1.0,JPM
2026-02-25,390,390,0,1.0,JPM
2026-02-26,390,390,0,1.0,JPM
2026-02-27,390,390,0,1.0,JPM
2026-03-02,390,390,0,1.0,JPM
2026-03-03,390,390,0,1.0,JPM
2026-03-04,390,390,0,1.0,JPM
2026-03-05,390,390,0,1.0,JPM
2026-03-06,390,390,0,1.0,JPM
2026-03-09,390,390,0,1.0,JPM
2026-03-10,390,390,0,1.0,JPM
2026-03-11,390,390,0,1.0,JPM
2026-03-12,390,390,0,1.0,JPM
2026-03-13,390,390,0,1.0,JPM
2026-03-16,390,390,0,1.0,JPM
2026-03-17,390,390,0,1.0,JPM
2026-03-18,390,390,0,1.0,JPM
2026-03-19,390,390,0,1.0,JPM
2026-03-20,390,390,0,1.0,JPM
2026-03-23,390,390,0,1.0,JPM
2026-03-24,390,390,0,1.0,JPM
2026-03-25,390,390,0,1.0,JPM
2026-03-26,390,390,0,1.0,JPM
2026-03-27,390,390,0,1.0,JPM
2026-03-30,390,390,0,1.0,JPM
2026-03-31,390,390,0,1.0,JPM
2026-04-01,390,390,0,1.0,JPM
2026-04-02,390,390,0,1.0,JPM
2026-04-06,390,390,0,1.0,JPM
2026-04-07,390,390,0,1.0,JPM
2026-04-08,390,390,0,1.0,JPM
2026-04-09,390,390,0,1.0,JPM
2026-04-10,390,390,0,1.0,JPM
2026-04-13,390,390,0,1.0,JPM
2026-04-14,390,390,0,1.0,JPM
2026-04-15,390,390,0,1.0,JPM
2026-04-16,390,390,0,1.0,JPM
2026-04-17,390,390,0,1.0,JPM
2026-04-20,390,390,0,1.0,JPM
2026-04-21,390,390,0,1.0,JPM
2026-04-22,390,390,0,1.0,JPM
2026-04-23,390,390,0,1.0,JPM
2026-04-24,390,390,0,1.0,JPM
2026-04-27,390,390,0,1.0,JPM
2026-04-28,390,390,0,1.0,JPM
2026-04-29,390,390,0,1.0,JPM
2026-04-30,390,390,0,1.0,JPM
2026-05-01,390,390,0,1.0,JPM
2026-05-04,390,390,0,1.0,JPM
2026-05-05,390,390,0,1.0,JPM
2026-05-06,390,390,0,1.0,JPM
2026-05-07,390,390,0,1.0,JPM
2026-05-08,390,390,0,1.0,JPM
2026-05-11,390,390,0,1.0,JPM
2026-05-12,390,390,0,1.0,JPM
2026-05-13,390,390,0,1.0,JPM
2026-05-14,390,390,0,1.0,JPM
2026-05-15,390,390,0,1.0,JPM
2026-05-18,390,390,0,1.0,JPM
2026-05-19,390,390,0,1.0,JPM
2026-05-20,390,390,0,1.0,JPM
2026-05-21,390,390,0,1.0,JPM
2026-05-22,390,390,0,1.0,JPM
2026-05-26,390,390,0,1.0,JPM
2026-05-27,390,390,0,1.0,JPM
2026-05-28,390,390,0,1.0,JPM
2026-05-29,390,390,0,1.0,JPM
2026-06-01,390,390,0,1.0,JPM
2026-06-02,390,390,0,1.0,JPM
2026-06-03,390,390,0,1.0,JPM
2026-06-04,390,390,0,1.0,JPM
2026-06-05,390,390,0,1.0,JPM
2026-06-08,390,390,0,1.0,JPM
2026-06-09,390,390,0,1.0,JPM
2026-06-10,390,390,0,1.0,JPM
2026-06-11,390,390,0,1.0,JPM
2026-06-12,390,390,0,1.0,JPM
2026-06-15,390,390,0,1.0,JPM
2026-06-16,390,390,0,1.0,JPM
2026-06-17,390,390,0,1.0,JPM
2026-06-18,390,390,0,1.0,JPM
2026-06-22,390,390,0,1.0,JPM
2026-06-23,390,390,0,1.0,JPM
2026-06-24,390,390,0,1.0,JPM
2026-06-25,390,390,0,1.0,JPM
2026-06-26,390,390,0,1.0,JPM
2026-06-29,390,390,0,1.0,JPM
2026-06-30,390,390,0,1.0,JPM
2026-07-01,390,390,0,1.0,JPM
2026-07-02,390,390,0,1.0,JPM
2026-07-06,390,390,0,1.0,JPM
2026-07-07,390,390,0,1.0,JPM
2026-07-08,390,390,0,1.0,JPM
2026-07-09,390,390,0,1.0,JPM
2026-07-10,390,390,0,1.0,JPM
2026-07-13,390,390,0,1.0,JPM
2026-07-14,390,390,0,1.0,JPM
2026-07-15,390,390,0,1.0,JPM
2026-07-16,390,390,0,1.0,JPM
2026-07-17,390,390,0,1.0,JPM
2026-07-20,390,390,0,1.0,JPM
2026-07-21,390,390,0,1.0,JPM
2026-07-22,390,390,0,1.0,JPM
2026-07-23,390,390,0,1.0,JPM
2026-07-24,390,390,0,1.0,JPM
2026-07-27,390,390,0,1.0,JPM
2026-07-28,390,390,0,1.0,JPM
2026-07-29,390,390,0,1.0,JPM
2026-07-30,390,390,0,1.0,JPM
2026-07-31,390,390,0,1.0,JPM
2026-08-03,390,390,0,1.0,JPM
2026-08-04,390,390,0,1.0,JPM
2026-08-05,390,390,0,1.0,JPM
2026-08-06,390,390,0,1.0,JPM
2026-08-07,390,390,0,1.0,JPM
2026-08-10,390,390,0,1.0,JPM
2026-08-11,390,390,0,1.0,JPM
2026-08-12,390,390,0,1.0,JPM
2026-08-13,390,390,0,1.0,JPM
2026-08-14,390,390,0,1.0,JPM
2026-08-17,390,390,0,1.0,JPM
2026-08-18,390,390,0,1.0,JPM
2026-08-19,390,390,0,1.0,JPM
2026-08-20,390,390,0,1.0,JPM
2026-08-21,390,390,0,1.0,JPM
2026-08-24,390,390,0,1.0,JPM
2026-08-25,390,390,0,1.0,JPM
2026-08-26,390,390,0,1.0,JPM
2026-08-27,390,390,0,1.0,JPM
2026-08-28,390,390,0,1.0,JPM
2026-08-31,390,390,0,1.0,JPM
2026-09-01,390,390,0,1.0,JPM
2026-09-02,390,390,0,1.0,JPM
2026-09-03,390,390,0,1.0,JPM
2026-09-04,390,390,0,1.0,JPM
2026-09-08,390,390,0,1.0,JPM
2026-09-09,390,390,0,1.0,JPM
2023-01-03,390,390,0,1.0,HBAN
2023-01-04,390,390,0,1.0,HBAN
2023-01-05,390,390,0,1.0,HBAN
2023-01-06,390,390,0,1.0,HBAN
2023-01-09,390,390,0,1.0,HBAN
2023-01-10,390,390,0,1.0,HBAN
2023-01-11,390,390,0,1.0,HBAN
2023-01-12,390,390,0,1.0,HBAN
2023-01-13,390,390,0,1.0,HBAN
2023-01-17,390,390,0,1.0,HBAN
2023-01-18,390,390,0,1.0,HBAN
2023-01-19,390,390,0,1.0,HBAN
2023-01-20,390,390,0,1.0,HBAN
2023-01-23,390,390,0,1.0,HBAN
2023-01-24,390,390,0,1.0,HBAN
2023-01-25,390,390,0,1.0,HBAN
2023-01-26,390,390,0,1.0,HBAN
2023-01-27,390,390,0,1.0,HBAN
2023-01-30,390,390,0,1.0,HBAN
2023-01-31,390,390,0,1.0,HBAN
2023-02-01,390,390,0,1.0,HBAN
2023-02-02,390,390,0,1.0,HBAN
2023-02-03,390,390,0,1.0,HBAN
2023-02-06,390,390,0,1.0,HBAN
2023-02-07,390,390,0,1.0,HBAN
2023-02-08,390,390,0,1.0,HBAN
2023-02-09,390,390,0,1.0,HBAN
2023-02-10,390,390,0,1.0,HBAN
2023-02-13,390,390,0,1.0,HBAN
2023-02-14,390,390,0,1.0,HBAN
2023-02-15,390,389,1,0.9974358974358974,HBAN
2023-02-16,390,389,1,0.9974358974358974,HBAN
2023-02-17,390,390,0,1.0,HBAN
2023-02-21,390,390,0,1.0,HBAN
2023-02-22,390,390,0,1.0,HBAN
2023-02-23,390,390,0,1.0,HBAN
2023-02-24,390,390,0,1.0,HBAN
2023-02-27,390,390,0,1.0,HBAN
2023-02-28,390,390,0,1.0,HBAN
2023-03-01,390,390,0,1.0,HBAN
2023-03-02,390,390,0,1.0,HBAN
2023-03-03,390,390,0,1.0,HBAN
2023-03-06,390,390,0,1.0,HBAN
2023-03-07,390,390,0,1.0,HBAN
2023-03-08,390,390,0,1.0,HBAN
2023-03-09,390,390,0,1.0,HBAN
2023-03-10,390,390,0,1.0,HBAN
2023-03-13,390,390,0,1.0,HBAN
2023-03-14,390,390,0,1.0,HBAN
2023-03-15,390,390,0,1.0,HBAN
2023-03-16,390,390,0,1.0,HBAN
2023-03-17,390,390,0,1.0,HBAN
2023-03-20,390,390,0,1.0,HBAN
2023-03-21,390,390,0,1.0,HBAN
2023-03-22,390,390,0,1.0,HBAN
2023-03-23,390,390,0,1.0,HBAN
2023-03-24,390,390,0,1.0,HBAN
2023-03-27,390,390,0,1.0,HBAN
2023-03-28,390,390,0,1.0,HBAN
2023-03-29,390,390,0,1.0,HBAN
2023-03-30,390,390,0,1.0,HBAN
2023-03-31,390,390,0,1.0,HBAN
2023-04-03,390,390,0,1.0,HBAN
2023-04-04,390,390,0,1.0,HBAN
2023-04-05,390,390,0,1.0,HBAN
2023-04-06,390,390,0,1.0,HBAN
2023-04-10,390,390,0,1.0,HBAN
2023-04-11,390,390,0,1.0,HBAN
2023-04-12,390,390,0,1.0,HBAN
2023-04-13,390,389,1,0.9974358974358974,HBAN
2023-04-14,390,390,0,1.0,HBAN
2023-04-17,390,390,0,1.0,HBAN
2023-04-18,390,390,0,1.0,HBAN
2023-04-19,390,390,0,1.0,HBAN
2023-04-20,390,390,0,1.0,HBAN
2023-04-21,390,390,0,1.0,HBAN
2023-04-24,390,390,0,1.0,HBAN
2023-04-25,390,390,0,1.0,HBAN
2023-04-26,390,390,0,1.0,HBAN
2023-04-27,390,390,0,1.0,HBAN
2023-04-28,390,390,0,1.0,HBAN
2023-05-01,390,390,0,1.0,HBAN
2023-05-02,390,390,0,1.0,HBAN
2023-05-03,390,390,0,1.0,HBAN
2023-05-04,390,390,0,1.0,HBAN
2023-05-05,390,390,0,1.0,HBAN
2023-05-08,390,390,0,1.0,HBAN
2023-05-09,390,389,1,0.9974358974358974,HBAN
2023-05-10,390,390,0,1.0,HBAN
2023-05-11,390,390,0,1.0,HBAN
2023-05-12,390,390,0,1.0,HBAN
2023-05-15,390,390,0,1.0,HBAN
2023-05-16,390,390,0,1.0,HBAN
2023-05-17,390,390,0,1.0,HBAN
2023-05-18,390,390,0,1.0,HBAN
2023-05-19,390,390,0,1.0,HBAN
2023-05-22,390,390,0,1.0,HBAN
2023-05-23,390,390,0,1.0,HBAN
2023-05-24,390,390,0,1.0,HBAN
2023-05-25,390,390,0,1.0,HBAN
2023-05-26,390,390,0,1.0,HBAN
2023-05-30,390,390,0,1.0,HBAN
2023-05-31,390,390,0,1.0,HBAN
2023-06-01,390,390,0,1.0,HBAN
2023-06-02,390,390,0,1.0,HBAN
2023-06-05,390,390,0,1.0,HBAN
2023-06-06,390,390,0,1.0,HBAN
2023-06-07,390,390,0,1.0,HBAN
2023-06-08,390,390,0,1.0,HBAN
2023-06-09,390,390,0,1.0,HBAN
2023-06-12,390,390,0,1.0,HBAN
2023-06-13,390,390,0,1.0,HBAN
2023-06-14,390,390,0,1.0,HBAN
2023-06-15,390,390,0,1.0,HBAN
2023-06-16,390,390,0,1.0,HBAN
2023-06-20,390,390,0,1.0,HBAN
2023-06-21,390,390,0,1.0,HBAN
2023-06-22,390,390,0,1.0,HBAN
2023-06-23,390,390,0,1.0,HBAN
2023-06-26,390,390,0,1.0,HBAN
2023-06-27,390,388,2,0.9948717948717949,HBAN
2023-06-28,390,390,0,1.0,HBAN
2023-06-29,390,390,0,1.0,HBAN
2023-06-30,390,390,0,1.0,HBAN
2023-07-03,210,210,0,1.0,HBAN
2023-07-05,390,390,0,1.0,HBAN
2023-07-06,390,390,0,1.0,HBAN
2023-07-07,390,390,0,1.0,HBAN
2023-07-10,390,390,0,1.0,HBAN
2023-07-11,390,390,0,1.0,HBAN
2023-07-12,390,390,0,1.0,HBAN
2023-07-13,390,389,1,0.9974358974358974,HBAN
2023-07-14,390,390,0,1.0,HBAN
2023-07-17,390,390,0,1.0,HBAN
2023-07-18,390,390,0,1.0,HBAN
2023-07-19,390,390,0,1.0,HBAN
2023-07-20,390,390,0,1.0,HBAN
2023-07-21,390,390,0,1.0,HBAN
2023-07-24,390,390,0,1.0,HBAN
2023-07-25,390,390,0,1.0,HBAN
2023-07-26,390,390,0,1.0,HBAN
2023-07-27,390,390,0,1.0,HBAN
2023-07-28,390,390,0,1.0,HBAN
2023-07-31,390,390,0,1.0,HBAN
2023-08-01,390,390,0,1.0,HBAN
2023-08-02,390,390,0,1.0,HBAN
2023-08-03,390,390,0,1.0,HBAN
2023-08-04,390,390,0,1.0,HBAN
2023-08-07,390,390,0,1.0,HBAN
2023-08-08,390,390,0,1.0,HBAN
2023-08-09,390,390,0,1.0,HBAN
2023-08-10,390,390,0,1.0,HBAN
2023-08-11,390,390,0,1.0,HBAN
2023-08-14,390,389,1,0.9974358974358974,HBAN
2023-08-15,390,390,0,1.0,HBAN
2023-08-16,390,390,0,1.0,HBAN
2023-08-17,390,389,1,0.9974358974358974,HBAN
2023-08-18,390,390,0,1.0,HBAN
2023-08-21,390,390,0,1.0,HBAN
2023-08-22,390,390,0,1.0,HBAN
2023-08-23,390,390,0,1.0,HBAN
2023-08-24,390,390,0,1.0,HBAN
2023-08-25,390,390,0,1.0,HBAN
2023-08-28,390,385,5,0.9871794871794872,HBAN
2023-08-29,390,390,0,1.0,HBAN
2023-08-30,390,390,0,1.0,HBAN
2023-08-31,390,389,1,0.9974358974358974,HBAN
2023-09-01,390,390,0,1.0,HBAN
2023-09-05,390,390,0,1.0,HBAN
2023-09-06,390,390,0,1.0,HBAN
2023-09-07,390,390,0,1.0,HBAN
2023-09-08,390,390,0,1.0,HBAN
2023-09-11,390,390,0,1.0,HBAN
2023-09-12,390,390,0,1.0,HBAN
2023-09-13,390,390,0,1.0,HBAN
2023-09-14,390,390,0,1.0,HBAN
2023-09-15,390,390,0,1.0,HBAN
2023-09-18,390,390,0,1.0,HBAN
2023-09-19,390,390,0,1.0,HBAN
2023-09-20,390,389,1,0.9974358974358974,HBAN
2023-09-21,390,390,0,1.0,HBAN
2023-09-22,390,390,0,1.0,HBAN
2023-09-25,390,390,0,1.0,HBAN
2023-09-26,390,390,0,1.0,HBAN
2023-09-27,390,390,0,1.0,HBAN
2023-09-28,390,390,0,1.0,HBAN
2023-09-29,390,390,0,1.0,HBAN
2023-10-02,390,390,0,1.0,HBAN
2023-10-03,390,390,0,1.0,HBAN
2023-10-04,390,390,0,1.0,HBAN
2023-10-05,390,390,0,1.0,HBAN
2023-10-06,390,390,0,1.0,HBAN
2023-10-09,390,390,0,1.0,HBAN
2023-10-10,390,390,0,1.0,HBAN
2023-10-11,390,390,0,1.0,HBAN
2023-10-12,390,390,0,1.0,HBAN
2023-10-13,390,390,0,1.0,HBAN
2023-10-16,390,390,0,1.0,HBAN
2023-10-17,390,390,0,1.0,HBAN
2023-10-18,390,390,0,1.0,HBAN
2023-10-19,390,390,0,1.0,HBAN
2023-10-20,390,390,0,1.0,HBAN
2023-10-23,390,390,0,1.0,HBAN
2023-10-24,390,390,0,1.0,HBAN
2023-10-25,390,390,0,1.0,HBAN
2023-10-26,390,390,0,1.0,HBAN
2023-10-27,390,390,0,1.0,HBAN
2023-10-30,390,390,0,1.0,HBAN
2023-10-31,390,390,0,1.0,HBAN
2023-11-01,390,390,0,1.0,HBAN
2023-11-02,390,390,0,1.0,HBAN
2023-11-03,390,390,0,1.0,HBAN
2023-11-06,390,390,0,1.0,HBAN
2023-11-07,390,390,0,1.0,HBAN
2023-11-08,390,389,1,0.9974358974358974,HBAN
2023-11-09,390,390,0,1.0,HBAN
2023-11-10,390,390,0,1.0,HBAN
2023-11-13,390,390,0,1.0,HBAN
2023-11-14,390,390,0,1.0,HBAN
2023-11-15,390,390,0,1.0,HBAN
2023-11-16,390,390,0,1.0,HBAN
2023-11-17,390,390,0,1.0,HBAN
2023-11-20,390,390,0,1.0,HBAN
2023-11-21,390,389,1,0.9974358974358974,HBAN
2023-11-22,390,389,1,0.9974358974358974,HBAN
2023-11-24,210,209,1,0.9952380952380953,HBAN
2023-11-27,390,390,0,1.0,HBAN
2023-11-28,390,389,1,0.9974358974358974,HBAN
2023-11-29,390,390,0,1.0,HBAN
2023-11-30,390,390,0,1.0,HBAN
2023-12-01,390,390,0,1.0,HBAN
2023-12-04,390,390,0,1.0,HBAN
2023-12-05,390,390,0,1.0,HBAN
2023-12-06,390,390,0,1.0,HBAN
2023-12-07,390,390,0,1.0,HBAN
2023-12-08,390,390,0,1.0,HBAN
2023-12-11,390,390,0,1.0,HBAN
2023-12-12,390,390,0,1.0,HBAN
2023-12-13,390,389,1,0.9974358974358974,HBAN
2023-12-14,390,390,0,1.0,HBAN
2023-12-15,390,390,0,1.0,HBAN
2023-12-18,390,390,0,1.0,HBAN
2023-12-19,390,390,0,1.0,HBAN
2023-12-20,390,390,0,1.0,HBAN
2023-12-21,390,390,0,1.0,HBAN
2023-12-22,390,390,0,1.0,HBAN
2023-12-26,390,390,0,1.0,HBAN
2023-12-27,390,388,2,0.9948717948717949,HBAN
2023-12-28,390,390,0,1.0,HBAN
2023-12-29,390,390,0,1.0,HBAN
2024-01-02,390,390,0,1.0,HBAN
2024-01-03,390,390,0,1.0,HBAN
2024-01-04,390,390,0,1.0,HBAN
2024-01-05,390,390,0,1.0,HBAN
2024-01-08,390,390,0,1.0,HBAN
2024-01-09,390,390,0,1.0,HBAN
2024-01-10,390,390,0,1.0,HBAN
2024-01-11,390,390,0,1.0,HBAN
2024-01-12,390,390,0,1.0,HBAN
2024-01-16,390,390,0,1.0,HBAN
2024-01-17,390,390,0,1.0,HBAN
2024-01-18,390,390,0,1.0,HBAN
2024-01-19,390,390,0,1.0,HBAN
2024-01-22,390,390,0,1.0,HBAN
2024-01-23,390,390,0,1.0,HBAN
2024-01-24,390,390,0,1.0,HBAN
2024-01-25,390,390,0,1.0,HBAN
2024-01-26,390,390,0,1.0,HBAN
2024-01-29,390,390,0,1.0,HBAN
2024-01-30,390,390,0,1.0,HBAN
2024-01-31,390,390,0,1.0,HBAN
2024-02-01,390,390,0,1.0,HBAN
2024-02-02,390,390,0,1.0,HBAN
2024-02-05,390,390,0,1.0,HBAN
2024-02-06,390,390,0,1.0,HBAN
2024-02-07,390,390,0,1.0,HBAN
2024-02-08,390,390,0,1.0,HBAN
2024-02-09,390,390,0,1.0,HBAN
2024-02-12,390,390,0,1.0,HBAN
2024-02-13,390,390,0,1.0,HBAN
2024-02-14,390,390,0,1.0,HBAN
2024-02-15,390,390,0,1.0,HBAN
2024-02-16,390,390,0,1.0,HBAN
2024-02-20,390,389,1,0.9974358974358974,HBAN
2024-02-21,390,390,0,1.0,HBAN
2024-02-22,390,390,0,1.0,HBAN
2024-02-23,390,390,0,1.0,HBAN
2024-02-26,390,390,0,1.0,HBAN
2024-02-27,390,390,0,1.0,HBAN
2024-02-28,390,390,0,1.0,HBAN
2024-02-29,390,390,0,1.0,HBAN
2024-03-01,390,390,0,1.0,HBAN
2024-03-04,390,390,0,1.0,HBAN
2024-03-05,390,390,0,1.0,HBAN
2024-03-06,390,390,0,1.0,HBAN
2024-03-07,390,390,0,1.0,HBAN
2024-03-08,390,390,0,1.0,HBAN
2024-03-11,390,390,0,1.0,HBAN
2024-03-12,390,390,0,1.0,HBAN
2024-03-13,390,390,0,1.0,HBAN
2024-03-14,390,390,0,1.0,HBAN
2024-03-15,390,390,0,1.0,HBAN
2024-03-18,390,390,0,1.0,HBAN
2024-03-19,390,390,0,1.0,HBAN
2024-03-20,390,390,0,1.0,HBAN
2024-03-21,390,390,0,1.0,HBAN
2024-03-22,390,390,0,1.0,HBAN
2024-03-25,390,389,1,0.9974358974358974,HBAN
2024-03-26,390,390,0,1.0,HBAN
2024-03-27,390,390,0,1.0,HBAN
2024-03-28,390,390,0,1.0,HBAN
2024-04-01,390,390,0,1.0,HBAN
2024-04-02,390,390,0,1.0,HBAN
2024-04-03,390,390,0,1.0,HBAN
2024-04-04,390,390,0,1.0,HBAN
2024-04-05,390,390,0,1.0,HBAN
2024-04-08,390,390,0,1.0,HBAN
2024-04-09,390,390,0,1.0,HBAN
2024-04-10,390,390,0,1.0,HBAN
2024-04-11,390,390,0,1.0,HBAN
2024-04-12,390,390,0,1.0,HBAN
2024-04-15,390,390,0,1.0,HBAN
2024-04-16,390,390,0,1.0,HBAN
2024-04-17,390,390,0,1.0,HBAN
2024-04-18,390,390,0,1.0,HBAN
2024-04-19,390,390,0,1.0,HBAN
2024-04-22,390,390,0,1.0,HBAN
2024-04-23,390,390,0,1.0,HBAN
2024-04-24,390,390,0,1.0,HBAN
2024-04-25,390,390,0,1.0,HBAN
2024-04-26,390,390,0,1.0,HBAN
2024-04-29,390,390,0,1.0,HBAN
2024-04-30,390,390,0,1.0,HBAN
2024-05-01,390,390,0,1.0,HBAN
2024-05-02,390,390,0,1.0,HBAN
2024-05-03,390,390,0,1.0,HBAN
2024-05-06,390,389,1,0.9974358974358974,HBAN
2024-05-07,390,390,0,1.0,HBAN
2024-05-08,390,390,0,1.0,HBAN
2024-05-09,390,390,0,1.0,HBAN
2024-05-10,390,390,0,1.0,HBAN
2024-05-13,390,389,1,0.9974358974358974,HBAN
2024-05-14,390,388,2,0.9948717948717949,HBAN
2024-05-15,390,390,0,1.0,HBAN
2024-05-16,390,390,0,1.0,HBAN
2024-05-17,390,389,1,0.9974358974358974,HBAN
2024-05-20,390,390,0,1.0,HBAN
2024-05-21,390,387,3,0.9923076923076923,HBAN
2024-05-22,390,390,0,1.0,HBAN
2024-05-23,390,390,0,1.0,HBAN
2024-05-24,390,390,0,1.0,HBAN
2024-05-28,390,390,0,1.0,HBAN
2024-05-29,390,390,0,1.0,HBAN
2024-05-30,390,390,0,1.0,HBAN
2024-05-31,390,390,0,1.0,HBAN
2024-06-03,390,390,0,1.0,HBAN
2024-06-04,390,390,0,1.0,HBAN
2024-06-05,390,390,0,1.0,HBAN
2024-06-06,390,390,0,1.0,HBAN
2024-06-07,390,390,0,1.0,HBAN
2024-06-10,390,390,0,1.0,HBAN
2024-06-11,390,390,0,1.0,HBAN
2024-06-12,390,390,0,1.0,HBAN
2024-06-13,390,390,0,1.0,HBAN
2024-06-14,390,390,0,1.0,HBAN
2024-06-17,390,390,0,1.0,HBAN
2024-06-18,390,390,0,1.0,HBAN
2024-06-20,390,390,0,1.0,HBAN
2024-06-21,390,390,0,1.0,HBAN
2024-06-24,390,390,0,1.0,HBAN
2024-06-25,390,390,0,1.0,HBAN
2024-06-26,390,390,0,1.0,HBAN
2024-06-27,390,390,0,1.0,HBAN
2024-06-28,390,390,0,1.0,HBAN
2024-07-01,390,390,0,1.0,HBAN
2024-07-02,390,390,0,1.0,HBAN
2024-07-03,210,210,0,1.0,HBAN
2024-07-05,390,390,0,1.0,HBAN
2024-07-08,390,390,0,1.0,HBAN
2024-07-09,390,390,0,1.0,HBAN
2024-07-10,390,390,0,1.0,HBAN
2024-07-11,390,390,0,1.0,HBAN
2024-07-12,390,390,0,1.0,HBAN
2024-07-15,390,390,0,1.0,HBAN
2024-07-16,390,390,0,1.0,HBAN
2024-07-17,390,390,0,1.0,HBAN
2024-07-18,390,390,0,1.0,HBAN
2024-07-19,390,390,0,1.0,HBAN
2024-07-22,390,390,0,1.0,HBAN
2024-07-23,390,390,0,1.0,HBAN
2024-07-24,390,390,0,1.0,HBAN
2024-07-25,390,390,0,1.0,HBAN
2024-07-26,390,390,0,1.0,HBAN
2024-07-29,390,390,0,1.0,HBAN
2024-07-30,390,390,0,1.0,HBAN
2024-07-31,390,390,0,1.0,HBAN
2024-08-01,390,390,0,1.0,HBAN
2024-08-02,390,390,0,1.0,HBAN
2024-08-05,390,390,0,1.0,HBAN
2024-08-06,390,390,0,1.0,HBAN
2024-08-07,390,390,0,1.0,HBAN
2024-08-08,390,390,0,1.0,HBAN
2024-08-09,390,389,1,0.9974358974358974,HBAN
2024-08-12,390,390,0,1.0,HBAN
2024-08-13,390,390,0,1.0,HBAN
2024-08-14,390,390,0,1.0,HBAN
2024-08-15,390,390,0,1.0,HBAN
2024-08-16,390,389,1,0.9974358974358974,HBAN
2024-08-19,390,389,1,0.9974358974358974,HBAN
2024-08-20,390,390,0,1.0,HBAN
2024-08-21,390,389,1,0.9974358974358974,HBAN
2024-08-22,390,389,1,0.9974358974358974,HBAN
2024-08-23,390,390,0,1.0,HBAN
2024-08-26,390,388,2,0.9948717948717949,HBAN
2024-08-27,390,388,2,0.9948717948717949,HBAN
2024-08-28,390,388,2,0.9948717948717949,HBAN
2024-08-29,390,389,1,0.9974358974358974,HBAN
2024-08-30,390,387,3,0.9923076923076923,HBAN
2024-09-03,390,390,0,1.0,HBAN
2024-09-04,390,390,0,1.0,HBAN
2024-09-05,390,390,0,1.0,HBAN
2024-09-06,390,390,0,1.0,HBAN
2024-09-09,390,390,0,1.0,HBAN
2024-09-10,390,390,0,1.0,HBAN
2024-09-11,390,390,0,1.0,HBAN
2024-09-12,390,388,2,0.9948717948717949,HBAN
2024-09-13,390,390,0,1.0,HBAN
2024-09-16,390,390,0,1.0,HBAN
2024-09-17,390,390,0,1.0,HBAN
2024-09-18,390,390,0,1.0,HBAN
2024-09-19,390,390,0,1.0,HBAN
2024-09-20,390,390,0,1.0,HBAN
2024-09-23,390,390,0,1.0,HBAN
2024-09-24,390,390,0,1.0,HBAN
2024-09-25,390,389,1,0.9974358974358974,HBAN
2024-09-26,390,390,0,1.0,HBAN
2024-09-27,390,390,0,1.0,HBAN
2024-09-30,390,390,0,1.0,HBAN
2024-10-01,390,390,0,1.0,HBAN
2024-10-02,390,390,0,1.0,HBAN
2024-10-03,390,388,2,0.9948717948717949,HBAN
2024-10-04,390,390,0,1.0,HBAN
2024-10-07,390,390,0,1.0,HBAN
2024-10-08,390,390,0,1.0,HBAN
2024-10-09,390,390,0,1.0,HBAN
2024-10-10,390,390,0,1.0,HBAN
2024-10-11,390,390,0,1.0,HBAN
2024-10-14,390,390,0,1.0,HBAN
2024-10-15,390,390,0,1.0,HBAN
2024-10-16,390,390,0,1.0,HBAN
2024-10-17,390,390,0,1.0,HBAN
2024-10-18,390,390,0,1.0,HBAN
2024-10-21,390,390,0,1.0,HBAN
2024-10-22,390,390,0,1.0,HBAN
2024-10-23,390,389,1,0.9974358974358974,HBAN
2024-10-24,390,389,1,0.9974358974358974,HBAN
2024-10-25,390,390,0,1.0,HBAN
2024-10-28,390,390,0,1.0,HBAN
2024-10-29,390,389,1,0.9974358974358974,HBAN
2024-10-30,390,387,3,0.9923076923076923,HBAN
2024-10-31,390,389,1,0.9974358974358974,HBAN
2024-11-01,390,390,0,1.0,HBAN
2024-11-04,390,390,0,1.0,HBAN
2024-11-05,390,390,0,1.0,HBAN
2024-11-06,390,390,0,1.0,HBAN
2024-11-07,390,390,0,1.0,HBAN
2024-11-08,390,390,0,1.0,HBAN
2024-11-11,390,390,0,1.0,HBAN
2024-11-12,390,390,0,1.0,HBAN
2024-11-13,390,390,0,1.0,HBAN
2024-11-14,390,390,0,1.0,HBAN
2024-11-15,390,390,0,1.0,HBAN
2024-11-18,390,390,0,1.0,HBAN
2024-11-19,390,390,0,1.0,HBAN
2024-11-20,390,390,0,1.0,HBAN
2024-11-21,390,390,0,1.0,HBAN
2024-11-22,390,390,0,1.0,HBAN
2024-11-25,390,390,0,1.0,HBAN
2024-11-26,390,390,0,1.0,HBAN
2024-11-27,390,390,0,1.0,HBAN
2024-11-29,210,209,1,0.9952380952380953,HBAN
2024-12-02,390,390,0,1.0,HBAN
2024-12-03,390,389,1,0.9974358974358974,HBAN
2024-12-04,390,388,2,0.9948717948717949,HBAN
2024-12-05,390,389,1,0.9974358974358974,HBAN
2024-12-06,390,390,0,1.0,HBAN
2024-12-09,390,390,0,1.0,HBAN
2024-12-10,390,390,0,1.0,HBAN
2024-12-11,390,390,0,1.0,HBAN
2024-12-12,390,390,0,1.0,HBAN
2024-12-13,390,389,1,0.9974358974358974,HBAN
2024-12-16,390,390,0,1.0,HBAN
2024-12-17,390,390,0,1.0,HBAN
2024-12-18,390,390,0,1.0,HBAN
2024-12-19,390,390,0,1.0,HBAN
2024-12-20,390,390,0,1.0,HBAN
2024-12-23,390,390,0,1.0,HBAN
2024-12-24,210,210,0,1.0,HBAN
2024-12-26,390,388,2,0.9948717948717949,HBAN
2024-12-27,390,390,0,1.0,HBAN
2024-12-30,390,390,0,1.0,HBAN
2024-12-31,390,390,0,1.0,HBAN
2025-01-02,390,390,0,1.0,HBAN
2025-01-03,390,390,0,1.0,HBAN
2025-01-06,390,390,0,1.0,HBAN
2025-01-07,390,390,0,1.0,HBAN
2025-01-08,390,389,1,0.9974358974358974,HBAN
2025-01-10,390,390,0,1.0,HBAN
2025-01-13,390,390,0,1.0,HBAN
2025-01-14,390,390,0,1.0,HBAN
2025-01-15,390,390,0,1.0,HBAN
2025-01-16,390,390,0,1.0,HBAN
2025-01-17,390,390,0,1.0,HBAN
2025-01-21,390,390,0,1.0,HBAN
2025-01-22,390,390,0,1.0,HBAN
2025-01-23,390,390,0,1.0,HBAN
2025-01-24,390,390,0,1.0,HBAN
2025-01-27,390,390,0,1.0,HBAN
2025-01-28,390,390,0,1.0,HBAN
2025-01-29,390,390,0,1.0,HBAN
2025-01-30,390,390,0,1.0,HBAN
2025-01-31,390,390,0,1.0,HBAN
2025-02-03,390,390,0,1.0,HBAN
2025-02-04,390,390,0,1.0,HBAN
2025-02-05,390,389,1,0.9974358974358974,HBAN
2025-02-06,390,390,0,1.0,HBAN
2025-02-07,390,390,0,1.0,HBAN
2025-02-10,390,390,0,1.0,HBAN
2025-02-11,390,390,0,1.0,HBAN
2025-02-12,390,390,0,1.0,HBAN
2025-02-13,390,390,0,1.0,HBAN
2025-02-14,390,390,0,1.0,HBAN
2025-02-18,390,390,0,1.0,HBAN
2025-02-19,390,390,0,1.0,HBAN
2025-02-20,390,390,0,1.0,HBAN
2025-02-21,390,390,0,1.0,HBAN
2025-02-24,390,390,0,1.0,HBAN
2025-02-25,390,390,0,1.0,HBAN
2025-02-26,390,390,0,1.0,HBAN
2025-02-27,390,390,0,1.0,HBAN
2025-02-28,390,390,0,1.0,HBAN
2025-03-03,390,390,0,1.0,HBAN
2025-03-04,390,390,0,1.0,HBAN
2025-03-05,390,390,0,1.0,HBAN
2025-03-06,390,390,0,1.0,HBAN
2025-03-07,390,390,0,1.0,HBAN
2025-03-10,390,390,0,1.0,HBAN
2025-03-11,390,390,0,1.0,HBAN
2025-03-12,390,390,0,1.0,HBAN
2025-03-13,390,390,0,1.0,HBAN
2025-03-14,390,390,0,1.0,HBAN
2025-03-17,390,390,0,1.0,HBAN
2025-03-18,390,390,0,1.0,HBAN
2025-03-19,390,390,0,1.0,HBAN
2025-03-20,390,390,0,1.0,HBAN
2025-03-21,390,390,0,1.0,HBAN
2025-03-24,390,390,0,1.0,HBAN
2025-03-25,390,389,1,0.9974358974358974,HBAN
2025-03-26,390,390,0,1.0,HBAN
2025-03-27,390,390,0,1.0,HBAN
2025-03-28,390,390,0,1.0,HBAN
2025-03-31,390,390,0,1.0,HBAN
2025-04-01,390,388,2,0.9948717948717949,HBAN
2025-04-02,390,390,0,1.0,HBAN
2025-04-03,390,390,0,1.0,HBAN
2025-04-04,390,390,0,1.0,HBAN
2025-04-07,390,390,0,1.0,HBAN
2025-04-08,390,390,0,1.0,HBAN
2025-04-09,390,390,0,1.0,HBAN
2025-04-10,390,390,0,1.0,HBAN
2025-04-11,390,390,0,1.0,HBAN
2025-04-14,390,390,0,1.0,HBAN
2025-04-15,390,390,0,1.0,HBAN
2025-04-16,390,390,0,1.0,HBAN
2025-04-17,390,390,0,1.0,HBAN
2025-04-21,390,390,0,1.0,HBAN
2025-04-22,390,390,0,1.0,HBAN
2025-04-23,390,390,0,1.0,HBAN
2025-04-24,390,390,0,1.0,HBAN
2025-04-25,390,390,0,1.0,HBAN
2025-04-28,390,390,0,1.0,HBAN
2025-04-29,390,390,0,1.0,HBAN
2025-04-30,390,389,1,0.9974358974358974,HBAN
2025-05-01,390,390,0,1.0,HBAN
2025-05-02,390,390,0,1.0,HBAN
2025-05-05,390,390,0,1.0,HBAN
2025-05-06,390,390,0,1.0,HBAN
2025-05-07,390,389,1,0.9974358974358974,HBAN
2025-05-08,390,390,0,1.0,HBAN
2025-05-09,390,390,0,1.0,HBAN
2025-05-12,390,390,0,1.0,HBAN
2025-05-13,390,390,0,1.0,HBAN
2025-05-14,390,390,0,1.0,HBAN
2025-05-15,390,390,0,1.0,HBAN
2025-05-16,390,390,0,1.0,HBAN
2025-05-19,390,390,0,1.0,HBAN
2025-05-20,390,390,0,1.0,HBAN
2025-05-21,390,390,0,1.0,HBAN
2025-05-22,390,390,0,1.0,HBAN
2025-05-23,390,390,0,1.0,HBAN
2025-05-27,390,390,0,1.0,HBAN
2025-05-28,390,390,0,1.0,HBAN
2025-05-29,390,390,0,1.0,HBAN
2025-05-30,390,390,0,1.0,HBAN
2025-06-02,390,389,1,0.9974358974358974,HBAN
2025-06-03,390,390,0,1.0,HBAN
2025-06-04,390,390,0,1.0,HBAN
2025-06-05,390,390,0,1.0,HBAN
2025-06-06,390,390,0,1.0,HBAN
2025-06-09,390,389,1,0.9974358974358974,HBAN
2025-06-10,390,390,0,1.0,HBAN
2025-06-11,390,390,0,1.0,HBAN
2025-06-12,390,390,0,1.0,HBAN
2025-06-13,390,390,0,1.0,HBAN
2025-06-16,390,390,0,1.0,HBAN
2025-06-17,390,389,1,0.9974358974358974,HBAN
2025-06-18,390,390,0,1.0,HBAN
2025-06-20,390,390,0,1.0,HBAN
2025-06-23,390,390,0,1.0,HBAN
2025-06-24,390,390,0,1.0,HBAN
2025-06-25,390,389,1,0.9974358974358974,HBAN
2025-06-26,390,390,0,1.0,HBAN
2025-06-27,390,390,0,1.0,HBAN
2025-06-30,390,390,0,1.0,HBAN
2025-07-01,390,390,0,1.0,HBAN
2025-07-02,390,390,0,1.0,HBAN
2025-07-03,210,210,0,1.0,HBAN
2025-07-07,390,390,0,1.0,HBAN
2025-07-08,390,389,1,0.9974358974358974,HBAN
2025-07-09,390,389,1,0.9974358974358974,HBAN
2025-07-10,390,390,0,1.0,HBAN
2025-07-11,390,390,0,1.0,HBAN
2025-07-14,390,390,0,1.0,HBAN
2025-07-15,390,390,0,1.0,HBAN
2025-07-16,390,390,0,1.0,HBAN
2025-07-17,390,390,0,1.0,HBAN
2025-07-18,390,390,0,1.0,HBAN
2025-07-21,390,390,0,1.0,HBAN
2025-07-22,390,390,0,1.0,HBAN
2025-07-23,390,390,0,1.0,HBAN
2025-07-24,390,390,0,1.0,HBAN
2025-07-25,390,390,0,1.0,HBAN
2025-07-28,390,390,0,1.0,HBAN
2025-07-29,390,390,0,1.0,HBAN
2025-07-30,390,390,0,1.0,HBAN
2025-07-31,390,390,0,1.0,HBAN
2025-08-01,390,390,0,1.0,HBAN
2025-08-04,390,390,0,1.0,HBAN
2025-08-05,390,390,0,1.0,HBAN
2025-08-06,390,390,0,1.0,HBAN
2025-08-07,390,390,0,1.0,HBAN
2025-08-08,390,390,0,1.0,HBAN
2025-08-11,390,390,0,1.0,HBAN
2025-08-12,390,389,1,0.9974358974358974,HBAN
2025-08-13,390,390,0,1.0,HBAN
2025-08-14,390,390,0,1.0,HBAN
2025-08-15,390,390,0,1.0,HBAN
2025-08-18,390,390,0,1.0,HBAN
2025-08-19,390,390,0,1.0,HBAN
2025-08-20,390,390,0,1.0,HBAN
2025-08-21,390,390,0,1.0,HBAN
2025-08-22,390,390,0,1.0,HBAN
2025-08-25,390,390,0,1.0,HBAN
2025-08-26,390,390,0,1.0,HBAN
2025-08-27,390,390,0,1.0,HBAN
2025-08-28,390,389,1,0.9974358974358974,HBAN
2025-08-29,390,390,0,1.0,HBAN
2025-09-02,390,390,0,1.0,HBAN
2025-09-03,390,390,0,1.0,HBAN
2025-09-04,390,390,0,1.0,HBAN
2025-09-05,390,390,0,1.0,HBAN
2025-09-08,390,390,0,1.0,HBAN
2025-09-09,390,388,2,0.9948717948717949,HBAN
2025-09-10,390,390,0,1.0,HBAN
2025-09-11,390,390,0,1.0,HBAN
2025-09-12,390,390,0,1.0,HBAN
2025-09-15,390,390,0,1.0,HBAN
2025-09-16,390,390,0,1.0,HBAN
2025-09-17,390,390,0,1.0,HBAN
2025-09-18,390,390,0,1.0,HBAN
2025-09-19,390,390,0,1.0,HBAN
2025-09-22,390,390,0,1.0,HBAN
2025-09-23,390,390,0,1.0,HBAN
2025-09-24,390,390,0,1.0,HBAN
2025-09-25,390,390,0,1.0,HBAN
2025-09-26,390,390,0,1.0,HBAN
2025-09-29,390,390,0,1.0,HBAN
2025-09-30,390,390,0,1.0,HBAN
2025-10-01,390,390,0,1.0,HBAN
2025-10-02,390,390,0,1.0,HBAN
2025-10-03,390,390,0,1.0,HBAN
2025-10-06,390,390,0,1.0,HBAN
2025-10-07,390,390,0,1.0,HBAN
2025-10-08,390,390,0,1.0,HBAN
2025-10-09,390,390,0,1.0,HBAN
2025-10-10,390,390,0,1.0,HBAN
2025-10-13,390,390,0,1.0,HBAN
2025-10-14,390,390,0,1.0,HBAN
2025-10-15,390,390,0,1.0,HBAN
2025-10-16,390,390,0,1.0,HBAN
2025-10-17,390,390,0,1.0,HBAN
2025-10-20,390,390,0,1.0,HBAN
2025-10-21,390,390,0,1.0,HBAN
2025-10-22,390,390,0,1.0,HBAN
2025-10-23,390,390,0,1.0,HBAN
2025-10-24,390,388,2,0.9948717948717949,HBAN
2025-10-27,390,390,0,1.0,HBAN
2025-10-28,390,390,0,1.0,HBAN
2025-10-29,390,390,0,1.0,HBAN
2025-10-30,390,390,0,1.0,HBAN
2025-10-31,390,390,0,1.0,HBAN
2025-11-03,390,390,0,1.0,HBAN
2025-11-04,390,390,0,1.0,HBAN
2025-11-05,390,390,0,1.0,HBAN
2025-11-06,390,390,0,1.0,HBAN
2025-11-07,390,390,0,1.0,HBAN
2025-11-10,390,389,1,0.9974358974358974,HBAN
2025-11-11,390,390,0,1.0,HBAN
2025-11-12,390,390,0,1.0,HBAN
2025-11-13,390,390,0,1.0,HBAN
2025-11-14,390,390,0,1.0,HBAN
2025-11-17,390,390,0,1.0,HBAN
2025-11-18,390,390,0,1.0,HBAN
2025-11-19,390,390,0,1.0,HBAN
2025-11-20,390,390,0,1.0,HBAN
2025-11-21,390,390,0,1.0,HBAN
2025-11-24,390,390,0,1.0,HBAN
2025-11-25,390,390,0,1.0,HBAN
2025-11-26,390,390,0,1.0,HBAN
2025-11-28,210,210,0,1.0,HBAN
2025-12-01,390,390,0,1.0,HBAN
2025-12-02,390,390,0,1.0,HBAN
2025-12-03,390,390,0,1.0,HBAN
2025-12-04,390,390,0,1.0,HBAN
2025-12-05,390,390,0,1.0,HBAN
2025-12-08,390,390,0,1.0,HBAN
2025-12-09,390,390,0,1.0,HBAN
2025-12-10,390,390,0,1.0,HBAN
2025-12-11,390,390,0,1.0,HBAN
2025-12-12,390,390,0,1.0,HBAN
2025-12-15,390,390,0,1.0,HBAN
2025-12-16,390,390,0,1.0,HBAN
2025-12-17,390,390,0,1.0,HBAN
2025-12-18,390,390,0,1.0,HBAN
2025-12-19,390,390,0,1.0,HBAN
2025-12-22,390,390,0,1.0,HBAN
2025-12-23,390,390,0,1.0,HBAN
2025-12-24,210,210,0,1.0,HBAN
2025-12-26,390,390,0,1.0,HBAN
2025-12-29,390,390,0,1.0,HBAN
2025-12-30,390,390,0,1.0,HBAN
2025-12-31,390,390,0,1.0,HBAN
2026-01-02,390,390,0,1.0,HBAN
2026-01-05,390,390,0,1.0,HBAN
2026-01-06,390,390,0,1.0,HBAN
2026-01-07,390,390,0,1.0,HBAN
2026-01-08,390,390,0,1.0,HBAN
2026-01-09,390,390,0,1.0,HBAN
2026-01-12,390,390,0,1.0,HBAN
2026-01-13,390,390,0,1.0,HBAN
2026-01-14,390,390,0,1.0,HBAN
2026-01-15,390,390,0,1.0,HBAN
2026-01-16,390,390,0,1.0,HBAN
2026-01-20,390,390,0,1.0,HBAN
2026-01-21,390,390,0,1.0,HBAN
2026-01-22,390,390,0,1.0,HBAN
2026-01-23,390,390,0,1.0,HBAN
2026-01-26,390,390,0,1.0,HBAN
2026-01-27,390,390,0,1.0,HBAN
2026-01-28,390,390,0,1.0,HBAN
2026-01-29,390,390,0,1.0,HBAN
2026-01-30,390,390,0,1.0,HBAN
2026-02-02,390,390,0,1.0,HBAN
2026-02-03,390,390,0,1.0,HBAN
2026-02-04,390,390,0,1.0,HBAN
2026-02-05,390,390,0,1.0,HBAN
2026-02-06,390,390,0,1.0,HBAN
2026-02-09,390,389,1,0.9974358974358974,HBAN
2026-02-10,390,390,0,1.0,HBAN
2026-02-11,390,390,0,1.0,HBAN
2026-02-12,390,390,0,1.0,HBAN
2026-02-13,390,390,0,1.0,HBAN
2026-02-17,390,390,0,1.0,HBAN
2026-02-18,390,390,0,1.0,HBAN
2026-02-19,390,390,0,1.0,HBAN
2026-02-20,390,390,0,1.0,HBAN
2026-02-23,390,390,0,1.0,HBAN
2026-02-24,390,390,0,1.0,HBAN
2026-02-25,390,390,0,1.0,HBAN
2026-02-26,390,390,0,1.0,HBAN
2026-02-27,390,390,0,1.0,HBAN
2026-03-02,390,390,0,1.0,HBAN
2026-03-03,390,390,0,1.0,HBAN
2026-03-04,390,390,0,1.0,HBAN
2026-03-05,390,390,0,1.0,HBAN
2026-03-06,390,390,0,1.0,HBAN
2026-03-09,390,390,0,1.0,HBAN
2026-03-10,390,390,0,1.0,HBAN
2026-03-11,390,390,0,1.0,HBAN
2026-03-12,390,390,0,1.0,HBAN
2026-03-13,390,390,0,1.0,HBAN
2026-03-16,390,390,0,1.0,HBAN
2026-03-17,390,390,0,1.0,HBAN
2026-03-18,390,390,0,1.0,HBAN
2026-03-19,390,390,0,1.0,HBAN
2026-03-20,390,390,0,1.0,HBAN
2026-03-23,390,390,0,1.0,HBAN
2026-03-24,390,390,0,1.0,HBAN
2026-03-25,390,390,0,1.0,HBAN
2026-03-26,390,390,0,1.0,HBAN
2026-03-27,390,390,0,1.0,HBAN
2026-03-30,390,390,0,1.0,HBAN
2026-03-31,390,390,0,1.0,HBAN
2026-04-01,390,390,0,1.0,HBAN
2026-04-02,390,390,0,1.0,HBAN
2026-04-06,390,390,0,1.0,HBAN
2026-04-07,390,390,0,1.0,HBAN
2026-04-08,390,390,0,1.0,HBAN
2026-04-09,390,390,0,1.0,HBAN
2026-04-10,390,389,1,0.9974358974358974,HBAN
2026-04-13,390,390,0,1.0,HBAN
2026-04-14,390,390,0,1.0,HBAN
2026-04-15,390,390,0,1.0,HBAN
2026-04-16,390,390,0,1.0,HBAN
2026-04-17,390,390,0,1.0,HBAN
2026-04-20,390,390,0,1.0,HBAN
2026-04-21,390,390,0,1.0,HBAN
2026-04-22,390,390,0,1.0,HBAN
2026-04-23,390,390,0,1.0,HBAN
2026-04-24,390,390,0,1.0,HBAN
2026-04-27,390,390,0,1.0,HBAN
2026-04-28,390,390,0,1.0,HBAN
2026-04-29,390,390,0,1.0,HBAN
2026-04-30,390,389,1,0.9974358974358974,HBAN
2026-05-01,390,390,0,1.0,HBAN
2026-05-04,390,390,0,1.0,HBAN
2026-05-05,390,390,0,1.0,HBAN
2026-05-06,390,390,0,1.0,HBAN
2026-05-07,390,390,0,1.0,HBAN
2026-05-08,390,390,0,1.0,HBAN
2026-05-11,390,390,0,1.0,HBAN
2026-05-12,390,390,0,1.0,HBAN
2026-05-13,390,390,0,1.0,HBAN
2026-05-14,390,390,0,1.0,HBAN
2026-05-15,390,390,0,1.0,HBAN
2026-05-18,390,390,0,1.0,HBAN
2026-05-19,390,390,0,1.0,HBAN
2026-05-20,390,390,0,1.0,HBAN
2026-05-21,390,390,0,1.0,HBAN
2026-05-22,390,390,0,1.0,HBAN
2026-05-26,390,390,0,1.0,HBAN
2026-05-27,390,390,0,1.0,HBAN
2026-05-28,390,390,0,1.0,HBAN
2026-05-29,390,390,0,1.0,HBAN
2026-06-01,390,390,0,1.0,HBAN
2026-06-02,390,390,0,1.0,HBAN
2026-06-03,390,390,0,1.0,HBAN
2026-06-04,390,390,0,1.0,HBAN
2026-06-05,390,390,0,1.0,HBAN
2026-06-08,390,390,0,1.0,HBAN
2026-06-09,390,390,0,1.0,HBAN
2026-06-10,390,390,0,1.0,HBAN
2026-06-11,390,390,0,1.0,HBAN
2026-06-12,390,390,0,1.0,HBAN
2026-06-15,390,390,0,1.0,HBAN
2026-06-16,390,390,0,1.0,HBAN
2026-06-17,390,390,0,1.0,HBAN
2026-06-18,390,390,0,1.0,HBAN
2026-06-22,390,390,0,1.0,HBAN
2026-06-23,390,390,0,1.0,HBAN
2026-06-24,390,390,0,1.0,HBAN
2026-06-25,390,390,0,1.0,HBAN
2026-06-26,390,390,0,1.0,HBAN
2026-06-29,390,390,0,1.0,HBAN
2026-06-30,390,390,0,1.0,HBAN
2026-07-01,390,390,0,1.0,HBAN
2026-07-02,390,390,0,1.0,HBAN
2026-07-06,390,390,0,1.0,HBAN
2026-07-07,390,390,0,1.0,HBAN
2026-07-08,390,390,0,1.0,HBAN
2026-07-09,390,390,0,1.0,HBAN
2026-07-10,390,390,0,1.0,HBAN
2026-07-13,390,390,0,1.0,HBAN
2026-07-14,390,390,0,1.0,HBAN
2026-07-15,390,389,1,0.9974358974358974,HBAN
2026-07-16,390,390,0,1.0,HBAN
2026-07-17,390,390,0,1.0,HBAN
2026-07-20,390,390,0,1.0,HBAN
2026-07-21,390,390,0,1.0,HBAN
2026-07-22,390,390,0,1.0,HBAN
2026-07-23,390,390,0,1.0,HBAN
2026-07-24,390,390,0,1.0,HBAN
2026-07-27,390,390,0,1.0,HBAN
2026-07-28,390,390,0,1.0,HBAN
2026-07-29,390,390,0,1.0,HBAN
2026-07-30,390,390,0,1.0,HBAN
2026-07-31,390,390,0,1.0,HBAN
2026-08-03,390,390,0,1.0,HBAN
2026-08-04,390,390,0,1.0,HBAN
2026-08-05,390,390,0,1.0,HBAN
2026-08-06,390,390,0,1.0,HBAN
2026-08-07,390,390,0,1.0,HBAN
2026-08-10,390,390,0,1.0,HBAN
2026-08-11,390,390,0,1.0,HBAN
2026-08-12,390,390,0,1.0,HBAN
2026-08-13,390,390,0,1.0,HBAN
2026-08-14,390,390,0,1.0,HBAN
2026-08-17,390,390,0,1.0,HBAN
2026-08-18,390,390,0,1.0,HBAN
2026-08-19,390,390,0,1.0,HBAN
2026-08-20,390,390,0,1.0,HBAN
2026-08-21,390,390,0,1.0,HBAN
2026-08-24,390,390,0,1.0,HBAN
2026-08-25,390,390,0,1.0,HBAN
2026-08-26,390,390,0,1.0,HBAN
2026-08-27,390,390,0,1.0,HBAN
2026-08-28,390,390,0,1.0,HBAN
2026-08-31,390,389,1,0.9974358974358974,HBAN
2026-09-01,390,390,0,1.0,HBAN
2026-09-02,390,390,0,1.0,HBAN
2026-09-03,390,390,0,1.0,HBAN
2026-09-04,390,390,0,1.0,HBAN
2026-09-08,390,390,0,1.0,HBAN
2026-09-09,390,390,0,1.0,HBAN
2023-01-03,390,390,0,1.0,WFC
2023-01-04,390,389,1,0.9974358974358974,WFC
2023-01-05,390,390,0,1.0,WFC
2023-01-06,390,390,0,1.0,WFC
2023-01-09,390,390,0,1.0,WFC
2023-01-10,390,390,0,1.0,WFC
2023-01-11,390,390,0,1.0,WFC
2023-01-12,390,390,0,1.0,WFC
2023-01-13,390,390,0,1.0,WFC
2023-01-17,390,390,0,1.0,WFC
2023-01-18,390,390,0,1.0,WFC
2023-01-19,390,390,0,1.0,WFC
2023-01-20,390,390,0,1.0,WFC
2023-01-23,390,390,0,1.0,WFC
2023-01-24,390,379,11,0.9717948717948718,WFC
2023-01-25,390,390,0,1.0,WFC
2023-01-26,390,390,0,1.0,WFC
2023-01-27,390,390,0,1.0,WFC
2023-01-30,390,390,0,1.0,WFC
2023-01-31,390,390,0,1.0,WFC
2023-02-01,390,390,0,1.0,WFC
2023-02-02,390,390,0,1.0,WFC
2023-02-03,390,390,0,1.0,WFC
2023-02-06,390,390,0,1.0,WFC
2023-02-07,390,390,0,1.0,WFC
2023-02-08,390,389,1,0.9974358974358974,WFC
2023-02-09,390,390,0,1.0,WFC
2023-02-10,390,390,0,1.0,WFC
2023-02-13,390,390,0,1.0,WFC
2023-02-14,390,389,1,0.9974358974358974,WFC
2023-02-15,390,390,0,1.0,WFC
2023-02-16,390,390,0,1.0,WFC
2023-02-17,390,390,0,1.0,WFC
2023-02-21,390,389,1,0.9974358974358974,WFC
2023-02-22,390,390,0,1.0,WFC
2023-02-23,390,390,0,1.0,WFC
2023-02-24,390,390,0,1.0,WFC
2023-02-27,390,390,0,1.0,WFC
2023-02-28,390,390,0,1.0,WFC
2023-03-01,390,390,0,1.0,WFC
2023-03-02,390,390,0,1.0,WFC
2023-03-03,390,390,0,1.0,WFC
2023-03-06,390,390,0,1.0,WFC
2023-03-07,390,390,0,1.0,WFC
2023-03-08,390,390,0,1.0,WFC
2023-03-09,390,390,0,1.0,WFC
2023-03-10,390,390,0,1.0,WFC
2023-03-13,390,390,0,1.0,WFC
2023-03-14,390,390,0,1.0,WFC
2023-03-15,390,390,0,1.0,WFC
2023-03-16,390,390,0,1.0,WFC
2023-03-17,390,390,0,1.0,WFC
2023-03-20,390,390,0,1.0,WFC
2023-03-21,390,390,0,1.0,WFC
2023-03-22,390,390,0,1.0,WFC
2023-03-23,390,390,0,1.0,WFC
2023-03-24,390,390,0,1.0,WFC
2023-03-27,390,390,0,1.0,WFC
2023-03-28,390,390,0,1.0,WFC
2023-03-29,390,390,0,1.0,WFC
2023-03-30,390,390,0,1.0,WFC
2023-03-31,390,390,0,1.0,WFC
2023-04-03,390,390,0,1.0,WFC
2023-04-04,390,390,0,1.0,WFC
2023-04-05,390,390,0,1.0,WFC
2023-04-06,390,390,0,1.0,WFC
2023-04-10,390,390,0,1.0,WFC
2023-04-11,390,390,0,1.0,WFC
2023-04-12,390,390,0,1.0,WFC
2023-04-13,390,390,0,1.0,WFC
2023-04-14,390,390,0,1.0,WFC
2023-04-17,390,390,0,1.0,WFC
2023-04-18,390,390,0,1.0,WFC
2023-04-19,390,390,0,1.0,WFC
2023-04-20,390,390,0,1.0,WFC
2023-04-21,390,390,0,1.0,WFC
2023-04-24,390,390,0,1.0,WFC
2023-04-25,390,390,0,1.0,WFC
2023-04-26,390,390,0,1.0,WFC
2023-04-27,390,390,0,1.0,WFC
2023-04-28,390,390,0,1.0,WFC
2023-05-01,390,390,0,1.0,WFC
2023-05-02,390,390,0,1.0,WFC
2023-05-03,390,390,0,1.0,WFC
2023-05-04,390,390,0,1.0,WFC
2023-05-05,390,390,0,1.0,WFC
2023-05-08,390,390,0,1.0,WFC
2023-05-09,390,390,0,1.0,WFC
2023-05-10,390,390,0,1.0,WFC
2023-05-11,390,390,0,1.0,WFC
2023-05-12,390,390,0,1.0,WFC
2023-05-15,390,390,0,1.0,WFC
2023-05-16,390,390,0,1.0,WFC
2023-05-17,390,390,0,1.0,WFC
2023-05-18,390,390,0,1.0,WFC
2023-05-19,390,390,0,1.0,WFC
2023-05-22,390,390,0,1.0,WFC
2023-05-23,390,390,0,1.0,WFC
2023-05-24,390,390,0,1.0,WFC
2023-05-25,390,390,0,1.0,WFC
2023-05-26,390,390,0,1.0,WFC
2023-05-30,390,390,0,1.0,WFC
2023-05-31,390,390,0,1.0,WFC
2023-06-01,390,390,0,1.0,WFC
2023-06-02,390,390,0,1.0,WFC
2023-06-05,390,386,4,0.9897435897435898,WFC
2023-06-06,390,390,0,1.0,WFC
2023-06-07,390,390,0,1.0,WFC
2023-06-08,390,390,0,1.0,WFC
2023-06-09,390,390,0,1.0,WFC
2023-06-12,390,390,0,1.0,WFC
2023-06-13,390,390,0,1.0,WFC
2023-06-14,390,390,0,1.0,WFC
2023-06-15,390,390,0,1.0,WFC
2023-06-16,390,390,0,1.0,WFC
2023-06-20,390,390,0,1.0,WFC
2023-06-21,390,390,0,1.0,WFC
2023-06-22,390,390,0,1.0,WFC
2023-06-23,390,390,0,1.0,WFC
2023-06-26,390,390,0,1.0,WFC
2023-06-27,390,390,0,1.0,WFC
2023-06-28,390,390,0,1.0,WFC
2023-06-29,390,390,0,1.0,WFC
2023-06-30,390,390,0,1.0,WFC
2023-07-03,210,210,0,1.0,WFC
2023-07-05,390,390,0,1.0,WFC
2023-07-06,390,390,0,1.0,WFC
2023-07-07,390,390,0,1.0,WFC
2023-07-10,390,390,0,1.0,WFC
2023-07-11,390,390,0,1.0,WFC
2023-07-12,390,390,0,1.0,WFC
2023-07-13,390,390,0,1.0,WFC
2023-07-14,390,390,0,1.0,WFC
2023-07-17,390,390,0,1.0,WFC
2023-07-18,390,390,0,1.0,WFC
2023-07-19,390,390,0,1.0,WFC
2023-07-20,390,390,0,1.0,WFC
2023-07-21,390,390,0,1.0,WFC
2023-07-24,390,390,0,1.0,WFC
2023-07-25,390,390,0,1.0,WFC
2023-07-26,390,390,0,1.0,WFC
2023-07-27,390,390,0,1.0,WFC
2023-07-28,390,389,1,0.9974358974358974,WFC
2023-07-31,390,390,0,1.0,WFC
2023-08-01,390,390,0,1.0,WFC
2023-08-02,390,390,0,1.0,WFC
2023-08-03,390,390,0,1.0,WFC
2023-08-04,390,390,0,1.0,WFC
2023-08-07,390,389,1,0.9974358974358974,WFC
2023-08-08,390,390,0,1.0,WFC
2023-08-09,390,390,0,1.0,WFC
2023-08-10,390,390,0,1.0,WFC
2023-08-11,390,390,0,1.0,WFC
2023-08-14,390,390,0,1.0,WFC
2023-08-15,390,390,0,1.0,WFC
2023-08-16,390,390,0,1.0,WFC
2023-08-17,390,390,0,1.0,WFC
2023-08-18,390,390,0,1.0,WFC
2023-08-21,390,390,0,1.0,WFC
2023-08-22,390,390,0,1.0,WFC
2023-08-23,390,390,0,1.0,WFC
2023-08-24,390,390,0,1.0,WFC
2023-08-25,390,390,0,1.0,WFC
2023-08-28,390,390,0,1.0,WFC
2023-08-29,390,390,0,1.0,WFC
2023-08-30,390,390,0,1.0,WFC
2023-08-31,390,390,0,1.0,WFC
2023-09-01,390,390,0,1.0,WFC
2023-09-05,390,390,0,1.0,WFC
2023-09-06,390,390,0,1.0,WFC
2023-09-07,390,390,0,1.0,WFC
2023-09-08,390,390,0,1.0,WFC
2023-09-11,390,390,0,1.0,WFC
2023-09-12,390,390,0,1.0,WFC
2023-09-13,390,390,0,1.0,WFC
2023-09-14,390,390,0,1.0,WFC
2023-09-15,390,390,0,1.0,WFC
2023-09-18,390,390,0,1.0,WFC
2023-09-19,390,390,0,1.0,WFC
2023-09-20,390,390,0,1.0,WFC
2023-09-21,390,390,0,1.0,WFC
2023-09-22,390,390,0,1.0,WFC
2023-09-25,390,390,0,1.0,WFC
2023-09-26,390,390,0,1.0,WFC
2023-09-27,390,390,0,1.0,WFC
2023-09-28,390,390,0,1.0,WFC
2023-09-29,390,390,0,1.0,WFC
2023-10-02,390,390,0,1.0,WFC
2023-10-03,390,390,0,1.0,WFC
2023-10-04,390,390,0,1.0,WFC
2023-10-05,390,390,0,1.0,WFC
2023-10-06,390,390,0,1.0,WFC
2023-10-09,390,390,0,1.0,WFC
2023-10-10,390,390,0,1.0,WFC
2023-10-11,390,390,0,1.0,WFC
2023-10-12,390,390,0,1.0,WFC
2023-10-13,390,390,0,1.0,WFC
2023-10-16,390,390,0,1.0,WFC
2023-10-17,390,390,0,1.0,WFC
2023-10-18,390,390,0,1.0,WFC
2023-10-19,390,390,0,1.0,WFC
2023-10-20,390,390,0,1.0,WFC
2023-10-23,390,390,0,1.0,WFC
2023-10-24,390,390,0,1.0,WFC
2023-10-25,390,390,0,1.0,WFC
2023-10-26,390,390,0,1.0,WFC
2023-10-27,390,390,0,1.0,WFC
2023-10-30,390,390,0,1.0,WFC
2023-10-31,390,390,0,1.0,WFC
2023-11-01,390,390,0,1.0,WFC
2023-11-02,390,390,0,1.0,WFC
2023-11-03,390,390,0,1.0,WFC
2023-11-06,390,390,0,1.0,WFC
2023-11-07,390,390,0,1.0,WFC
2023-11-08,390,390,0,1.0,WFC
2023-11-09,390,390,0,1.0,WFC
2023-11-10,390,390,0,1.0,WFC
2023-11-13,390,390,0,1.0,WFC
2023-11-14,390,390,0,1.0,WFC
2023-11-15,390,390,0,1.0,WFC
2023-11-16,390,390,0,1.0,WFC
2023-11-17,390,390,0,1.0,WFC
2023-11-20,390,390,0,1.0,WFC
2023-11-21,390,390,0,1.0,WFC
2023-11-22,390,390,0,1.0,WFC
2023-11-24,210,210,0,1.0,WFC
2023-11-27,390,390,0,1.0,WFC
2023-11-28,390,390,0,1.0,WFC
2023-11-29,390,390,0,1.0,WFC
2023-11-30,390,390,0,1.0,WFC
2023-12-01,390,390,0,1.0,WFC
2023-12-04,390,390,0,1.0,WFC
2023-12-05,390,390,0,1.0,WFC
2023-12-06,390,390,0,1.0,WFC
2023-12-07,390,390,0,1.0,WFC
2023-12-08,390,390,0,1.0,WFC
2023-12-11,390,390,0,1.0,WFC
2023-12-12,390,390,0,1.0,WFC
2023-12-13,390,390,0,1.0,WFC
2023-12-14,390,390,0,1.0,WFC
2023-12-15,390,390,0,1.0,WFC
2023-12-18,390,390,0,1.0,WFC
2023-12-19,390,390,0,1.0,WFC
2023-12-20,390,390,0,1.0,WFC
2023-12-21,390,390,0,1.0,WFC
2023-12-22,390,390,0,1.0,WFC
2023-12-26,390,390,0,1.0,WFC
2023-12-27,390,390,0,1.0,WFC
2023-12-28,390,390,0,1.0,WFC
2023-12-29,390,390,0,1.0,WFC
2024-01-02,390,390,0,1.0,WFC
2024-01-03,390,390,0,1.0,WFC
2024-01-04,390,390,0,1.0,WFC
2024-01-05,390,390,0,1.0,WFC
2024-01-08,390,390,0,1.0,WFC
2024-01-09,390,390,0,1.0,WFC
2024-01-10,390,390,0,1.0,WFC
2024-01-11,390,390,0,1.0,WFC
2024-01-12,390,390,0,1.0,WFC
2024-01-16,390,390,0,1.0,WFC
2024-01-17,390,390,0,1.0,WFC
2024-01-18,390,390,0,1.0,WFC
2024-01-19,390,390,0,1.0,WFC
2024-01-22,390,390,0,1.0,WFC
2024-01-23,390,390,0,1.0,WFC
2024-01-24,390,390,0,1.0,WFC
2024-01-25,390,390,0,1.0,WFC
2024-01-26,390,390,0,1.0,WFC
2024-01-29,390,390,0,1.0,WFC
2024-01-30,390,390,0,1.0,WFC
2024-01-31,390,390,0,1.0,WFC
2024-02-01,390,390,0,1.0,WFC
2024-02-02,390,390,0,1.0,WFC
2024-02-05,390,390,0,1.0,WFC
2024-02-06,390,390,0,1.0,WFC
2024-02-07,390,390,0,1.0,WFC
2024-02-08,390,390,0,1.0,WFC
2024-02-09,390,390,0,1.0,WFC
2024-02-12,390,390,0,1.0,WFC
2024-02-13,390,390,0,1.0,WFC
2024-02-14,390,390,0,1.0,WFC
2024-02-15,390,390,0,1.0,WFC
2024-02-16,390,390,0,1.0,WFC
2024-02-20,390,390,0,1.0,WFC
2024-02-21,390,390,0,1.0,WFC
2024-02-22,390,390,0,1.0,WFC
2024-02-23,390,390,0,1.0,WFC
2024-02-26,390,390,0,1.0,WFC
2024-02-27,390,390,0,1.0,WFC
2024-02-28,390,390,0,1.0,WFC
2024-02-29,390,390,0,1.0,WFC
2024-03-01,390,390,0,1.0,WFC
2024-03-04,390,390,0,1.0,WFC
2024-03-05,390,390,0,1.0,WFC
2024-03-06,390,390,0,1.0,WFC
2024-03-07,390,390,0,1.0,WFC
2024-03-08,390,390,0,1.0,WFC
2024-03-11,390,390,0,1.0,WFC
2024-03-12,390,389,1,0.9974358974358974,WFC
2024-03-13,390,390,0,1.0,WFC
2024-03-14,390,390,0,1.0,WFC
2024-03-15,390,390,0,1.0,WFC
2024-03-18,390,390,0,1.0,WFC
2024-03-19,390,390,0,1.0,WFC
2024-03-20,390,390,0,1.0,WFC
2024-03-21,390,390,0,1.0,WFC
2024-03-22,390,390,0,1.0,WFC
2024-03-25,390,390,0,1.0,WFC
2024-03-26,390,390,0,1.0,WFC
2024-03-27,390,390,0,1.0,WFC
2024-03-28,390,390,0,1.0,WFC
2024-04-01,390,390,0,1.0,WFC
2024-04-02,390,390,0,1.0,WFC
2024-04-03,390,390,0,1.0,WFC
2024-04-04,390,390,0,1.0,WFC
2024-04-05,390,390,0,1.0,WFC
2024-04-08,390,390,0,1.0,WFC
2024-04-09,390,390,0,1.0,WFC
2024-04-10,390,390,0,1.0,WFC
2024-04-11,390,390,0,1.0,WFC
2024-04-12,390,390,0,1.0,WFC
2024-04-15,390,390,0,1.0,WFC
2024-04-16,390,390,0,1.0,WFC
2024-04-17,390,390,0,1.0,WFC
2024-04-18,390,390,0,1.0,WFC
2024-04-19,390,390,0,1.0,WFC
2024-04-22,390,390,0,1.0,WFC
2024-04-23,390,390,0,1.0,WFC
2024-04-24,390,390,0,1.0,WFC
2024-04-25,390,390,0,1.0,WFC
2024-04-26,390,389,1,0.9974358974358974,WFC
2024-04-29,390,390,0,1.0,WFC
2024-04-30,390,390,0,1.0,WFC
2024-05-01,390,390,0,1.0,WFC
2024-05-02,390,390,0,1.0,WFC
2024-05-03,390,390,0,1.0,WFC
2024-05-06,390,390,0,1.0,WFC
2024-05-07,390,390,0,1.0,WFC
2024-05-08,390,390,0,1.0,WFC
2024-05-09,390,390,0,1.0,WFC
2024-05-10,390,390,0,1.0,WFC
2024-05-13,390,390,0,1.0,WFC
2024-05-14,390,390,0,1.0,WFC
2024-05-15,390,390,0,1.0,WFC
2024-05-16,390,390,0,1.0,WFC
2024-05-17,390,390,0,1.0,WFC
2024-05-20,390,390,0,1.0,WFC
2024-05-21,390,390,0,1.0,WFC
2024-05-22,390,390,0,1.0,WFC
2024-05-23,390,390,0,1.0,WFC
2024-05-24,390,389,1,0.9974358974358974,WFC
2024-05-28,390,390,0,1.0,WFC
2024-05-29,390,390,0,1.0,WFC
2024-05-30,390,390,0,1.0,WFC
2024-05-31,390,388,2,0.9948717948717949,WFC
2024-06-03,390,390,0,1.0,WFC
2024-06-04,390,389,1,0.9974358974358974,WFC
2024-06-05,390,390,0,1.0,WFC
2024-06-06,390,390,0,1.0,WFC
2024-06-07,390,388,2,0.9948717948717949,WFC
2024-06-10,390,390,0,1.0,WFC
2024-06-11,390,390,0,1.0,WFC
2024-06-12,390,390,0,1.0,WFC
2024-06-13,390,390,0,1.0,WFC
2024-06-14,390,390,0,1.0,WFC
2024-06-17,390,390,0,1.0,WFC
2024-06-18,390,390,0,1.0,WFC
2024-06-20,390,390,0,1.0,WFC
2024-06-21,390,390,0,1.0,WFC
2024-06-24,390,390,0,1.0,WFC
2024-06-25,390,390,0,1.0,WFC
2024-06-26,390,390,0,1.0,WFC
2024-06-27,390,390,0,1.0,WFC
2024-06-28,390,390,0,1.0,WFC
2024-07-01,390,390,0,1.0,WFC
2024-07-02,390,389,1,0.9974358974358974,WFC
2024-07-03,210,210,0,1.0,WFC
2024-07-05,390,390,0,1.0,WFC
2024-07-08,390,390,0,1.0,WFC
2024-07-09,390,389,1,0.9974358974358974,WFC
2024-07-10,390,390,0,1.0,WFC
2024-07-11,390,390,0,1.0,WFC
2024-07-12,390,390,0,1.0,WFC
2024-07-15,390,390,0,1.0,WFC
2024-07-16,390,390,0,1.0,WFC
2024-07-17,390,390,0,1.0,WFC
2024-07-18,390,390,0,1.0,WFC
2024-07-19,390,390,0,1.0,WFC
2024-07-22,390,388,2,0.9948717948717949,WFC
2024-07-23,390,389,1,0.9974358974358974,WFC
2024-07-24,390,390,0,1.0,WFC
2024-07-25,390,390,0,1.0,WFC
2024-07-26,390,390,0,1.0,WFC
2024-07-29,390,390,0,1.0,WFC
2024-07-30,390,390,0,1.0,WFC
2024-07-31,390,390,0,1.0,WFC
2024-08-01,390,390,0,1.0,WFC
2024-08-02,390,390,0,1.0,WFC
2024-08-05,390,390,0,1.0,WFC
2024-08-06,390,390,0,1.0,WFC
2024-08-07,390,390,0,1.0,WFC
2024-08-08,390,390,0,1.0,WFC
2024-08-09,390,390,0,1.0,WFC
2024-08-12,390,390,0,1.0,WFC
2024-08-13,390,389,1,0.9974358974358974,WFC
2024-08-14,390,389,1,0.9974358974358974,WFC
2024-08-15,390,390,0,1.0,WFC
2024-08-16,390,389,1,0.9974358974358974,WFC
2024-08-19,390,390,0,1.0,WFC
2024-08-20,390,390,0,1.0,WFC
2024-08-21,390,389,1,0.9974358974358974,WFC
2024-08-22,390,390,0,1.0,WFC
2024-08-23,390,390,0,1.0,WFC
2024-08-26,390,390,0,1.0,WFC
2024-08-27,390,390,0,1.0,WFC
2024-08-28,390,389,1,0.9974358974358974,WFC
2024-08-29,390,390,0,1.0,WFC
2024-08-30,390,390,0,1.0,WFC
2024-09-03,390,390,0,1.0,WFC
2024-09-04,390,390,0,1.0,WFC
2024-09-05,390,390,0,1.0,WFC
2024-09-06,390,390,0,1.0,WFC
2024-09-09,390,390,0,1.0,WFC
2024-09-10,390,390,0,1.0,WFC
2024-09-11,390,390,0,1.0,WFC
2024-09-12,390,390,0,1.0,WFC
2024-09-13,390,390,0,1.0,WFC
2024-09-16,390,390,0,1.0,WFC
2024-09-17,390,390,0,1.0,WFC
2024-09-18,390,390,0,1.0,WFC
2024-09-19,390,390,0,1.0,WFC
2024-09-20,390,390,0,1.0,WFC
2024-09-23,390,390,0,1.0,WFC
2024-09-24,390,389,1,0.9974358974358974,WFC
2024-09-25,390,390,0,1.0,WFC
2024-09-26,390,390,0,1.0,WFC
2024-09-27,390,390,0,1.0,WFC
2024-09-30,390,390,0,1.0,WFC
2024-10-01,390,390,0,1.0,WFC
2024-10-02,390,390,0,1.0,WFC
2024-10-03,390,390,0,1.0,WFC
2024-10-04,390,390,0,1.0,WFC
2024-10-07,390,390,0,1.0,WFC
2024-10-08,390,390,0,1.0,WFC
2024-10-09,390,390,0,1.0,WFC
2024-10-10,390,390,0,1.0,WFC
2024-10-11,390,390,0,1.0,WFC
2024-10-14,390,390,0,1.0,WFC
2024-10-15,390,390,0,1.0,WFC
2024-10-16,390,390,0,1.0,WFC
2024-10-17,390,390,0,1.0,WFC
2024-10-18,390,390,0,1.0,WFC
2024-10-21,390,390,0,1.0,WFC
2024-10-22,390,390,0,1.0,WFC
2024-10-23,390,390,0,1.0,WFC
2024-10-24,390,390,0,1.0,WFC
2024-10-25,390,390,0,1.0,WFC
2024-10-28,390,390,0,1.0,WFC
2024-10-29,390,390,0,1.0,WFC
2024-10-30,390,390,0,1.0,WFC
2024-10-31,390,390,0,1.0,WFC
2024-11-01,390,390,0,1.0,WFC
2024-11-04,390,390,0,1.0,WFC
2024-11-05,390,390,0,1.0,WFC
2024-11-06,390,390,0,1.0,WFC
2024-11-07,390,390,0,1.0,WFC
2024-11-08,390,389,1,0.9974358974358974,WFC
2024-11-11,390,390,0,1.0,WFC
2024-11-12,390,390,0,1.0,WFC
2024-11-13,390,390,0,1.0,WFC
2024-11-14,390,390,0,1.0,WFC
2024-11-15,390,390,0,1.0,WFC
2024-11-18,390,390,0,1.0,WFC
2024-11-19,390,390,0,1.0,WFC
2024-11-20,390,390,0,1.0,WFC
2024-11-21,390,390,0,1.0,WFC
2024-11-22,390,390,0,1.0,WFC
2024-11-25,390,390,0,1.0,WFC
2024-11-26,390,390,0,1.0,WFC
2024-11-27,390,390,0,1.0,WFC
2024-11-29,210,210,0,1.0,WFC
2024-12-02,390,390,0,1.0,WFC
2024-12-03,390,389,1,0.9974358974358974,WFC
2024-12-04,390,390,0,1.0,WFC
2024-12-05,390,390,0,1.0,WFC
2024-12-06,390,390,0,1.0,WFC
2024-12-09,390,390,0,1.0,WFC
2024-12-10,390,390,0,1.0,WFC
2024-12-11,390,390,0,1.0,WFC
2024-12-12,390,390,0,1.0,WFC
2024-12-13,390,390,0,1.0,WFC
2024-12-16,390,390,0,1.0,WFC
2024-12-17,390,389,1,0.9974358974358974,WFC
2024-12-18,390,390,0,1.0,WFC
2024-12-19,390,390,0,1.0,WFC
2024-12-20,390,390,0,1.0,WFC
2024-12-23,390,390,0,1.0,WFC
2024-12-24,210,210,0,1.0,WFC
2024-12-26,390,390,0,1.0,WFC
2024-12-27,390,390,0,1.0,WFC
2024-12-30,390,390,0,1.0,WFC
2024-12-31,390,390,0,1.0,WFC
2025-01-02,390,389,1,0.9974358974358974,WFC
2025-01-03,390,390,0,1.0,WFC
2025-01-06,390,389,1,0.9974358974358974,WFC
2025-01-07,390,390,0,1.0,WFC
2025-01-08,390,390,0,1.0,WFC
2025-01-10,390,390,0,1.0,WFC
2025-01-13,390,390,0,1.0,WFC
2025-01-14,390,390,0,1.0,WFC
2025-01-15,390,390,0,1.0,WFC
2025-01-16,390,390,0,1.0,WFC
2025-01-17,390,390,0,1.0,WFC
2025-01-21,390,390,0,1.0,WFC
2025-01-22,390,390,0,1.0,WFC
2025-01-23,390,390,0,1.0,WFC
2025-01-24,390,390,0,1.0,WFC
2025-01-27,390,390,0,1.0,WFC
2025-01-28,390,390,0,1.0,WFC
2025-01-29,390,390,0,1.0,WFC
2025-01-30,390,389,1,0.9974358974358974,WFC
2025-01-31,390,390,0,1.0,WFC
2025-02-03,390,390,0,1.0,WFC
2025-02-04,390,390,0,1.0,WFC
2025-02-05,390,390,0,1.0,WFC
2025-02-06,390,390,0,1.0,WFC
2025-02-07,390,390,0,1.0,WFC
2025-02-10,390,390,0,1.0,WFC
2025-02-11,390,390,0,1.0,WFC
2025-02-12,390,390,0,1.0,WFC
2025-02-13,390,390,0,1.0,WFC
2025-02-14,390,390,0,1.0,WFC
2025-02-18,390,390,0,1.0,WFC
2025-02-19,390,390,0,1.0,WFC
2025-02-20,390,390,0,1.0,WFC
2025-02-21,390,390,0,1.0,WFC
2025-02-24,390,390,0,1.0,WFC
2025-02-25,390,390,0,1.0,WFC
2025-02-26,390,390,0,1.0,WFC
2025-02-27,390,390,0,1.0,WFC
2025-02-28,390,390,0,1.0,WFC
2025-03-03,390,390,0,1.0,WFC
2025-03-04,390,390,0,1.0,WFC
2025-03-05,390,390,0,1.0,WFC
2025-03-06,390,390,0,1.0,WFC
2025-03-07,390,390,0,1.0,WFC
2025-03-10,390,390,0,1.0,WFC
2025-03-11,390,390,0,1.0,WFC
2025-03-12,390,390,0,1.0,WFC
2025-03-13,390,390,0,1.0,WFC
2025-03-14,390,390,0,1.0,WFC
2025-03-17,390,390,0,1.0,WFC
2025-03-18,390,390,0,1.0,WFC
2025-03-19,390,390,0,1.0,WFC
2025-03-20,390,390,0,1.0,WFC
2025-03-21,390,390,0,1.0,WFC
2025-03-24,390,390,0,1.0,WFC
2025-03-25,390,390,0,1.0,WFC
2025-03-26,390,390,0,1.0,WFC
2025-03-27,390,390,0,1.0,WFC
2025-03-28,390,390,0,1.0,WFC
2025-03-31,390,390,0,1.0,WFC
2025-04-01,390,390,0,1.0,WFC
2025-04-02,390,390,0,1.0,WFC
2025-04-03,390,390,0,1.0,WFC
2025-04-04,390,390,0,1.0,WFC
2025-04-07,390,390,0,1.0,WFC
2025-04-08,390,390,0,1.0,WFC
2025-04-09,390,390,0,1.0,WFC
2025-04-10,390,390,0,1.0,WFC
2025-04-11,390,390,0,1.0,WFC
2025-04-14,390,390,0,1.0,WFC
2025-04-15,390,390,0,1.0,WFC
2025-04-16,390,390,0,1.0,WFC
2025-04-17,390,390,0,1.0,WFC
2025-04-21,390,390,0,1.0,WFC
2025-04-22,390,390,0,1.0,WFC
2025-04-23,390,390,0,1.0,WFC
2025-04-24,390,390,0,1.0,WFC
2025-04-25,390,388,2,0.9948717948717949,WFC
2025-04-28,390,390,0,1.0,WFC
2025-04-29,390,390,0,1.0,WFC
2025-04-30,390,390,0,1.0,WFC
2025-05-01,390,390,0,1.0,WFC
2025-05-02,390,390,0,1.0,WFC
2025-05-05,390,390,0,1.0,WFC
2025-05-06,390,390,0,1.0,WFC
2025-05-07,390,390,0,1.0,WFC
2025-05-08,390,390,0,1.0,WFC
2025-05-09,390,390,0,1.0,WFC
2025-05-12,390,390,0,1.0,WFC
2025-05-13,390,390,0,1.0,WFC
2025-05-14,390,390,0,1.0,WFC
2025-05-15,390,390,0,1.0,WFC
2025-05-16,390,390,0,1.0,WFC
2025-05-19,390,390,0,1.0,WFC
2025-05-20,390,390,0,1.0,WFC
2025-05-21,390,390,0,1.0,WFC
2025-05-22,390,390,0,1.0,WFC
2025-05-23,390,390,0,1.0,WFC
2025-05-27,390,390,0,1.0,WFC
2025-05-28,390,390,0,1.0,WFC
2025-05-29,390,390,0,1.0,WFC
2025-05-30,390,390,0,1.0,WFC
2025-06-02,390,390,0,1.0,WFC
2025-06-03,390,390,0,1.0,WFC
2025-06-04,390,390,0,1.0,WFC
2025-06-05,390,390,0,1.0,WFC
2025-06-06,390,390,0,1.0,WFC
2025-06-09,390,390,0,1.0,WFC
2025-06-10,390,390,0,1.0,WFC
2025-06-11,390,390,0,1.0,WFC
2025-06-12,390,390,0,1.0,WFC
2025-06-13,390,390,0,1.0,WFC
2025-06-16,390,390,0,1.0,WFC
2025-06-17,390,390,0,1.0,WFC
2025-06-18,390,390,0,1.0,WFC
2025-06-20,390,390,0,1.0,WFC
2025-06-23,390,390,0,1.0,WFC
2025-06-24,390,390,0,1.0,WFC
2025-06-25,390,390,0,1.0,WFC
2025-06-26,390,390,0,1.0,WFC
2025-06-27,390,390,0,1.0,WFC
2025-06-30,390,390,0,1.0,WFC
2025-07-01,390,390,0,1.0,WFC
2025-07-02,390,390,0,1.0,WFC
2025-07-03,210,210,0,1.0,WFC
2025-07-07,390,390,0,1.0,WFC
2025-07-08,390,390,0,1.0,WFC
2025-07-09,390,390,0,1.0,WFC
2025-07-10,390,390,0,1.0,WFC
2025-07-11,390,390,0,1.0,WFC
2025-07-14,390,390,0,1.0,WFC
2025-07-15,390,390,0,1.0,WFC
2025-07-16,390,390,0,1.0,WFC
2025-07-17,390,390,0,1.0,WFC
2025-07-18,390,390,0,1.0,WFC
2025-07-21,390,389,1,0.9974358974358974,WFC
2025-07-22,390,390,0,1.0,WFC
2025-07-23,390,390,0,1.0,WFC
2025-07-24,390,390,0,1.0,WFC
2025-07-25,390,390,0,1.0,WFC
2025-07-28,390,390,0,1.0,WFC
2025-07-29,390,390,0,1.0,WFC
2025-07-30,390,390,0,1.0,WFC
2025-07-31,390,390,0,1.0,WFC
2025-08-01,390,390,0,1.0,WFC
2025-08-04,390,390,0,1.0,WFC
2025-08-05,390,390,0,1.0,WFC
2025-08-06,390,390,0,1.0,WFC
2025-08-07,390,390,0,1.0,WFC
2025-08-08,390,390,0,1.0,WFC
2025-08-11,390,390,0,1.0,WFC
2025-08-12,390,390,0,1.0,WFC
2025-08-13,390,390,0,1.0,WFC
2025-08-14,390,389,1,0.9974358974358974,WFC
2025-08-15,390,390,0,1.0,WFC
2025-08-18,390,390,0,1.0,WFC
2025-08-19,390,390,0,1.0,WFC
2025-08-20,390,390,0,1.0,WFC
2025-08-21,390,390,0,1.0,WFC
2025-08-22,390,390,0,1.0,WFC
2025-08-25,390,390,0,1.0,WFC
2025-08-26,390,390,0,1.0,WFC
2025-08-27,390,390,0,1.0,WFC
2025-08-28,390,390,0,1.0,WFC
2025-08-29,390,390,0,1.0,WFC
2025-09-02,390,390,0,1.0,WFC
2025-09-03,390,390,0,1.0,WFC
2025-09-04,390,390,0,1.0,WFC
2025-09-05,390,390,0,1.0,WFC
2025-09-08,390,390,0,1.0,WFC
2025-09-09,390,390,0,1.0,WFC
2025-09-10,390,390,0,1.0,WFC
2025-09-11,390,390,0,1.0,WFC
2025-09-12,390,390,0,1.0,WFC
2025-09-15,390,390,0,1.0,WFC
2025-09-16,390,390,0,1.0,WFC
2025-09-17,390,390,0,1.0,WFC
2025-09-18,390,390,0,1.0,WFC
2025-09-19,390,390,0,1.0,WFC
2025-09-22,390,390,0,1.0,WFC
2025-09-23,390,390,0,1.0,WFC
2025-09-24,390,390,0,1.0,WFC
2025-09-25,390,390,0,1.0,WFC
2025-09-26,390,390,0,1.0,WFC
2025-09-29,390,390,0,1.0,WFC
2025-09-30,390,390,0,1.0,WFC
2025-10-01,390,390,0,1.0,WFC
2025-10-02,390,390,0,1.0,WFC
2025-10-03,390,390,0,1.0,WFC
2025-10-06,390,390,0,1.0,WFC
2025-10-07,390,390,0,1.0,WFC
2025-10-08,390,390,0,1.0,WFC
2025-10-09,390,390,0,1.0,WFC
2025-10-10,390,390,0,1.0,WFC
2025-10-13,390,390,0,1.0,WFC
2025-10-14,390,390,0,1.0,WFC
2025-10-15,390,390,0,1.0,WFC
2025-10-16,390,390,0,1.0,WFC
2025-10-17,390,390,0,1.0,WFC
2025-10-20,390,390,0,1.0,WFC
2025-10-21,390,390,0,1.0,WFC
2025-10-22,390,390,0,1.0,WFC
2025-10-23,390,390,0,1.0,WFC
2025-10-24,390,390,0,1.0,WFC
2025-10-27,390,390,0,1.0,WFC
2025-10-28,390,390,0,1.0,WFC
2025-10-29,390,390,0,1.0,WFC
2025-10-30,390,390,0,1.0,WFC
2025-10-31,390,390,0,1.0,WFC
2025-11-03,390,390,0,1.0,WFC
2025-11-04,390,390,0,1.0,WFC
2025-11-05,390,390,0,1.0,WFC
2025-11-06,390,390,0,1.0,WFC
2025-11-07,390,390,0,1.0,WFC
2025-11-10,390,390,0,1.0,WFC
2025-11-11,390,390,0,1.0,WFC
2025-11-12,390,390,0,1.0,WFC
2025-11-13,390,390,0,1.0,WFC
2025-11-14,390,390,0,1.0,WFC
2025-11-17,390,390,0,1.0,WFC
2025-11-18,390,390,0,1.0,WFC
2025-11-19,390,390,0,1.0,WFC
2025-11-20,390,390,0,1.0,WFC
2025-11-21,390,390,0,1.0,WFC
2025-11-24,390,390,0,1.0,WFC
2025-11-25,390,390,0,1.0,WFC
2025-11-26,390,390,0,1.0,WFC
2025-11-28,210,210,0,1.0,WFC
2025-12-01,390,390,0,1.0,WFC
2025-12-02,390,390,0,1.0,WFC
2025-12-03,390,390,0,1.0,WFC
2025-12-04,390,390,0,1.0,WFC
2025-12-05,390,390,0,1.0,WFC
2025-12-08,390,390,0,1.0,WFC
2025-12-09,390,390,0,1.0,WFC
2025-12-10,390,390,0,1.0,WFC
2025-12-11,390,390,0,1.0,WFC
2025-12-12,390,390,0,1.0,WFC
2025-12-15,390,390,0,1.0,WFC
2025-12-16,390,390,0,1.0,WFC
2025-12-17,390,390,0,1.0,WFC
2025-12-18,390,390,0,1.0,WFC
2025-12-19,390,390,0,1.0,WFC
2025-12-22,390,390,0,1.0,WFC
2025-12-23,390,390,0,1.0,WFC
2025-12-24,210,210,0,1.0,WFC
2025-12-26,390,390,0,1.0,WFC
2025-12-29,390,390,0,1.0,WFC
2025-12-30,390,390,0,1.0,WFC
2025-12-31,390,390,0,1.0,WFC
2026-01-02,390,390,0,1.0,WFC
2026-01-05,390,390,0,1.0,WFC
2026-01-06,390,390,0,1.0,WFC
2026-01-07,390,389,1,0.9974358974358974,WFC
2026-01-08,390,390,0,1.0,WFC
2026-01-09,390,390,0,1.0,WFC
2026-01-12,390,390,0,1.0,WFC
2026-01-13,390,390,0,1.0,WFC
2026-01-14,390,390,0,1.0,WFC
2026-01-15,390,390,0,1.0,WFC
2026-01-16,390,390,0,1.0,WFC
2026-01-20,390,390,0,1.0,WFC
2026-01-21,390,389,1,0.9974358974358974,WFC
2026-01-22,390,390,0,1.0,WFC
2026-01-23,390,390,0,1.0,WFC
2026-01-26,390,390,0,1.0,WFC
2026-01-27,390,390,0,1.0,WFC
2026-01-28,390,390,0,1.0,WFC
2026-01-29,390,390,0,1.0,WFC
2026-01-30,390,390,0,1.0,WFC
2026-02-02,390,390,0,1.0,WFC
2026-02-03,390,390,0,1.0,WFC
2026-02-04,390,390,0,1.0,WFC
2026-02-05,390,390,0,1.0,WFC
2026-02-06,390,390,0,1.0,WFC
2026-02-09,390,390,0,1.0,WFC
2026-02-10,390,390,0,1.0,WFC
2026-02-11,390,389,1,0.9974358974358974,WFC
2026-02-12,390,390,0,1.0,WFC
2026-02-13,390,390,0,1.0,WFC
2026-02-17,390,390,0,1.0,WFC
2026-02-18,390,390,0,1.0,WFC
2026-02-19,390,390,0,1.0,WFC
2026-02-20,390,390,0,1.0,WFC
2026-02-23,390,390,0,1.0,WFC
2026-02-24,390,390,0,1.0,WFC
2026-02-25,390,390,0,1.0,WFC
2026-02-26,390,390,0,1.0,WFC
2026-02-27,390,390,0,1.0,WFC
2026-03-02,390,390,0,1.0,WFC
2026-03-03,390,390,0,1.0,WFC
2026-03-04,390,390,0,1.0,WFC
2026-03-05,390,390,0,1.0,WFC
2026-03-06,390,390,0,1.0,WFC
2026-03-09,390,390,0,1.0,WFC
2026-03-10,390,390,0,1.0,WFC
2026-03-11,390,390,0,1.0,WFC
2026-03-12,390,390,0,1.0,WFC
2026-03-13,390,390,0,1.0,WFC
2026-03-16,390,390,0,1.0,WFC
2026-03-17,390,390,0,1.0,WFC
2026-03-18,390,390,0,1.0,WFC
2026-03-19,390,390,0,1.0,WFC
2026-03-20,390,390,0,1.0,WFC
2026-03-23,390,390,0,1.0,WFC
2026-03-24,390,390,0,1.0,WFC
2026-03-25,390,390,0,1.0,WFC
2026-03-26,390,390,0,1.0,WFC
2026-03-27,390,390,0,1.0,WFC
2026-03-30,390,390,0,1.0,WFC
2026-03-31,390,389,1,0.9974358974358974,WFC
2026-04-01,390,390,0,1.0,WFC
2026-04-02,390,390,0,1.0,WFC
2026-04-06,390,390,0,1.0,WFC
2026-04-07,390,390,0,1.0,WFC
2026-04-08,390,390,0,1.0,WFC
2026-04-09,390,390,0,1.0,WFC
2026-04-10,390,390,0,1.0,WFC
2026-04-13,390,390,0,1.0,WFC
2026-04-14,390,390,0,1.0,WFC
2026-04-15,390,390,0,1.0,WFC
2026-04-16,390,390,0,1.0,WFC
2026-04-17,390,390,0,1.0,WFC
2026-04-20,390,390,0,1.0,WFC
2026-04-21,390,390,0,1.0,WFC
2026-04-22,390,390,0,1.0,WFC
2026-04-23,390,390,0,1.0,WFC
2026-04-24,390,390,0,1.0,WFC
2026-04-27,390,390,0,1.0,WFC
2026-04-28,390,390,0,1.0,WFC
2026-04-29,390,390,0,1.0,WFC
2026-04-30,390,390,0,1.0,WFC
2026-05-01,390,390,0,1.0,WFC
2026-05-04,390,390,0,1.0,WFC
2026-05-05,390,390,0,1.0,WFC
2026-05-06,390,390,0,1.0,WFC
2026-05-07,390,390,0,1.0,WFC
2026-05-08,390,390,0,1.0,WFC
2026-05-11,390,390,0,1.0,WFC
2026-05-12,390,390,0,1.0,WFC
2026-05-13,390,390,0,1.0,WFC
2026-05-14,390,390,0,1.0,WFC
2026-05-15,390,390,0,1.0,WFC
2026-05-18,390,389,1,0.9974358974358974,WFC
2026-05-19,390,390,0,1.0,WFC
2026-05-20,390,390,0,1.0,WFC
2026-05-21,390,390,0,1.0,WFC
2026-05-22,390,390,0,1.0,WFC
2026-05-26,390,390,0,1.0,WFC
2026-05-27,390,390,0,1.0,WFC
2026-05-28,390,390,0,1.0,WFC
2026-05-29,390,390,0,1.0,WFC
2026-06-01,390,390,0,1.0,WFC
2026-06-02,390,390,0,1.0,WFC
2026-06-03,390,390,0,1.0,WFC
2026-06-04,390,390,0,1.0,WFC
2026-06-05,390,390,0,1.0,WFC
2026-06-08,390,390,0,1.0,WFC
2026-06-09,390,390,0,1.0,WFC
2026-06-10,390,389,1,0.9974358974358974,WFC
2026-06-11,390,390,0,1.0,WFC
2026-06-12,390,390,0,1.0,WFC
2026-06-15,390,390,0,1.0,WFC
2026-06-16,390,390,0,1.0,WFC
2026-06-17,390,390,0,1.0,WFC
2026-06-18,390,390,0,1.0,WFC
2026-06-22,390,390,0,1.0,WFC
2026-06-23,390,390,0,1.0,WFC
2026-06-24,390,390,0,1.0,WFC
2026-06-25,390,390,0,1.0,WFC
2026-06-26,390,390,0,1.0,WFC
2026-06-29,390,389,1,0.9974358974358974,WFC
2026-06-30,390,388,2,0.9948717948717949,WFC
2026-07-01,390,389,1,0.9974358974358974,WFC
2026-07-02,390,390,0,1.0,WFC
2026-07-06,390,390,0,1.0,WFC
2026-07-07,390,390,0,1.0,WFC
2026-07-08,390,390,0,1.0,WFC
2026-07-09,390,389,1,0.9974358974358974,WFC
2026-07-10,390,390,0,1.0,WFC
2026-07-13,390,390,0,1.0,WFC
2026-07-14,390,390,0,1.0,WFC
2026-07-15,390,390,0,1.0,WFC
2026-07-16,390,390,0,1.0,WFC
2026-07-17,390,390,0,1.0,WFC
2026-07-20,390,390,0,1.0,WFC
2026-07-21,390,390,0,1.0,WFC
2026-07-22,390,390,0,1.0,WFC
2026-07-23,390,390,0,1.0,WFC
2026-07-24,390,390,0,1.0,WFC
2026-07-27,390,390,0,1.0,WFC
2026-07-28,390,390,0,1.0,WFC
2026-07-29,390,390,0,1.0,WFC
2026-07-30,390,390,0,1.0,WFC
2026-07-31,390,390,0,1.0,WFC
2026-08-03,390,390,0,1.0,WFC
2026-08-04,390,390,0,1.0,WFC
2026-08-05,390,390,0,1.0,WFC
2026-08-06,390,390,0,1.0,WFC
2026-08-07,390,390,0,1.0,WFC
2026-08-10,390,390,0,1.0,WFC
2026-08-11,390,390,0,1.0,WFC
2026-08-12,390,390,0,1.0,WFC
2026-08-13,390,390,0,1.0,WFC
2026-08-14,390,390,0,1.0,WFC
2026-08-17,390,390,0,1.0,WFC
2026-08-18,390,389,1,0.9974358974358974,WFC
2026-08-19,390,390,0,1.0,WFC
2026-08-20,390,390,0,1.0,WFC
2026-08-21,390,390,0,1.0,WFC
2026-08-24,390,390,0,1.0,WFC
2026-08-25,390,390,0,1.0,WFC
2026-08-26,390,390,0,1.0,WFC
2026-08-27,390,390,0,1.0,WFC
2026-08-28,390,390,0,1.0,WFC
2026-08-31,390,390,0,1.0,WFC
2026-09-01,390,390,0,1.0,WFC
2026-09-02,390,390,0,1.0,WFC
2026-09-03,390,390,0,1.0,WFC
2026-09-04,390,390,0,1.0,WFC
2026-09-08,390,390,0,1.0,WFC
2026-09-09,390,390,0,1.0,WFC
2023-01-03,390,390,0,1.0,USB
2023-01-04,390,390,0,1.0,USB
2023-01-05,390,390,0,1.0,USB
2023-01-06,390,390,0,1.0,USB
2023-01-09,390,390,0,1.0,USB
2023-01-10,390,390,0,1.0,USB
2023-01-11,390,390,0,1.0,USB
2023-01-12,390,390,0,1.0,USB
2023-01-13,390,390,0,1.0,USB
2023-01-17,390,390,0,1.0,USB
2023-01-18,390,390,0,1.0,USB
2023-01-19,390,390,0,1.0,USB
2023-01-20,390,390,0,1.0,USB
2023-01-23,390,390,0,1.0,USB
2023-01-24,390,390,0,1.0,USB
2023-01-25,390,390,0,1.0,USB
2023-01-26,390,390,0,1.0,USB
2023-01-27,390,390,0,1.0,USB
2023-01-30,390,390,0,1.0,USB
2023-01-31,390,390,0,1.0,USB
2023-02-01,390,390,0,1.0,USB
2023-02-02,390,390,0,1.0,USB
2023-02-03,390,390,0,1.0,USB
2023-02-06,390,390,0,1.0,USB
2023-02-07,390,390,0,1.0,USB
2023-02-08,390,390,0,1.0,USB
2023-02-09,390,390,0,1.0,USB
2023-02-10,390,390,0,1.0,USB
2023-02-13,390,390,0,1.0,USB
2023-02-14,390,390,0,1.0,USB
2023-02-15,390,390,0,1.0,USB
2023-02-16,390,390,0,1.0,USB
2023-02-17,390,390,0,1.0,USB
2023-02-21,390,390,0,1.0,USB
2023-02-22,390,390,0,1.0,USB
2023-02-23,390,390,0,1.0,USB
2023-02-24,390,390,0,1.0,USB
2023-02-27,390,390,0,1.0,USB
2023-02-28,390,390,0,1.0,USB
2023-03-01,390,390,0,1.0,USB
2023-03-02,390,390,0,1.0,USB
2023-03-03,390,390,0,1.0,USB
2023-03-06,390,390,0,1.0,USB
2023-03-07,390,390,0,1.0,USB
2023-03-08,390,390,0,1.0,USB
2023-03-09,390,390,0,1.0,USB
2023-03-10,390,390,0,1.0,USB
2023-03-13,390,390,0,1.0,USB
2023-03-14,390,390,0,1.0,USB
2023-03-15,390,390,0,1.0,USB
2023-03-16,390,390,0,1.0,USB
2023-03-17,390,390,0,1.0,USB
2023-03-20,390,390,0,1.0,USB
2023-03-21,390,390,0,1.0,USB
2023-03-22,390,390,0,1.0,USB
2023-03-23,390,390,0,1.0,USB
2023-03-24,390,390,0,1.0,USB
2023-03-27,390,390,0,1.0,USB
2023-03-28,390,390,0,1.0,USB
2023-03-29,390,390,0,1.0,USB
2023-03-30,390,390,0,1.0,USB
2023-03-31,390,390,0,1.0,USB
2023-04-03,390,390,0,1.0,USB
2023-04-04,390,390,0,1.0,USB
2023-04-05,390,390,0,1.0,USB
2023-04-06,390,390,0,1.0,USB
2023-04-10,390,390,0,1.0,USB
2023-04-11,390,390,0,1.0,USB
2023-04-12,390,390,0,1.0,USB
2023-04-13,390,390,0,1.0,USB
2023-04-14,390,390,0,1.0,USB
2023-04-17,390,390,0,1.0,USB
2023-04-18,390,390,0,1.0,USB
2023-04-19,390,390,0,1.0,USB
2023-04-20,390,390,0,1.0,USB
2023-04-21,390,390,0,1.0,USB
2023-04-24,390,390,0,1.0,USB
2023-04-25,390,390,0,1.0,USB
2023-04-26,390,390,0,1.0,USB
2023-04-27,390,390,0,1.0,USB
2023-04-28,390,390,0,1.0,USB
2023-05-01,390,390,0,1.0,USB
2023-05-02,390,390,0,1.0,USB
2023-05-03,390,390,0,1.0,USB
2023-05-04,390,390,0,1.0,USB
2023-05-05,390,390,0,1.0,USB
2023-05-08,390,390,0,1.0,USB
2023-05-09,390,390,0,1.0,USB
2023-05-10,390,390,0,1.0,USB
2023-05-11,390,390,0,1.0,USB
2023-05-12,390,390,0,1.0,USB
2023-05-15,390,390,0,1.0,USB
2023-05-16,390,390,0,1.0,USB
2023-05-17,390,390,0,1.0,USB
2023-05-18,390,390,0,1.0,USB
2023-05-19,390,390,0,1.0,USB
2023-05-22,390,390,0,1.0,USB
2023-05-23,390,390,0,1.0,USB
2023-05-24,390,390,0,1.0,USB
2023-05-25,390,390,0,1.0,USB
2023-05-26,390,390,0,1.0,USB
2023-05-30,390,390,0,1.0,USB
2023-05-31,390,390,0,1.0,USB
2023-06-01,390,390,0,1.0,USB
2023-06-02,390,390,0,1.0,USB
2023-06-05,390,386,4,0.9897435897435898,USB
2023-06-06,390,390,0,1.0,USB
2023-06-07,390,390,0,1.0,USB
2023-06-08,390,390,0,1.0,USB
2023-06-09,390,390,0,1.0,USB
2023-06-12,390,390,0,1.0,USB
2023-06-13,390,390,0,1.0,USB
2023-06-14,390,390,0,1.0,USB
2023-06-15,390,390,0,1.0,USB
2023-06-16,390,390,0,1.0,USB
2023-06-20,390,390,0,1.0,USB
2023-06-21,390,390,0,1.0,USB
2023-06-22,390,390,0,1.0,USB
2023-06-23,390,390,0,1.0,USB
2023-06-26,390,390,0,1.0,USB
2023-06-27,390,390,0,1.0,USB
2023-06-28,390,390,0,1.0,USB
2023-06-29,390,390,0,1.0,USB
2023-06-30,390,390,0,1.0,USB
2023-07-03,210,210,0,1.0,USB
2023-07-05,390,390,0,1.0,USB
2023-07-06,390,390,0,1.0,USB
2023-07-07,390,390,0,1.0,USB
2023-07-10,390,390,0,1.0,USB
2023-07-11,390,390,0,1.0,USB
2023-07-12,390,390,0,1.0,USB
2023-07-13,390,390,0,1.0,USB
2023-07-14,390,390,0,1.0,USB
2023-07-17,390,390,0,1.0,USB
2023-07-18,390,390,0,1.0,USB
2023-07-19,390,390,0,1.0,USB
2023-07-20,390,390,0,1.0,USB
2023-07-21,390,390,0,1.0,USB
2023-07-24,390,390,0,1.0,USB
2023-07-25,390,390,0,1.0,USB
2023-07-26,390,390,0,1.0,USB
2023-07-27,390,390,0,1.0,USB
2023-07-28,390,390,0,1.0,USB
2023-07-31,390,390,0,1.0,USB
2023-08-01,390,390,0,1.0,USB
2023-08-02,390,390,0,1.0,USB
2023-08-03,390,390,0,1.0,USB
2023-08-04,390,390,0,1.0,USB
2023-08-07,390,390,0,1.0,USB
2023-08-08,390,390,0,1.0,USB
2023-08-09,390,390,0,1.0,USB
2023-08-10,390,390,0,1.0,USB
2023-08-11,390,390,0,1.0,USB
2023-08-14,390,390,0,1.0,USB
2023-08-15,390,390,0,1.0,USB
2023-08-16,390,390,0,1.0,USB
2023-08-17,390,390,0,1.0,USB
2023-08-18,390,390,0,1.0,USB
2023-08-21,390,390,0,1.0,USB
2023-08-22,390,390,0,1.0,USB
2023-08-23,390,390,0,1.0,USB
2023-08-24,390,390,0,1.0,USB
2023-08-25,390,390,0,1.0,USB
2023-08-28,390,390,0,1.0,USB
2023-08-29,390,390,0,1.0,USB
2023-08-30,390,390,0,1.0,USB
2023-08-31,390,390,0,1.0,USB
2023-09-01,390,390,0,1.0,USB
2023-09-05,390,390,0,1.0,USB
2023-09-06,390,390,0,1.0,USB
2023-09-07,390,390,0,1.0,USB
2023-09-08,390,390,0,1.0,USB
2023-09-11,390,390,0,1.0,USB
2023-09-12,390,390,0,1.0,USB
2023-09-13,390,390,0,1.0,USB
2023-09-14,390,390,0,1.0,USB
2023-09-15,390,390,0,1.0,USB
2023-09-18,390,390,0,1.0,USB
2023-09-19,390,390,0,1.0,USB
2023-09-20,390,390,0,1.0,USB
2023-09-21,390,390,0,1.0,USB
2023-09-22,390,390,0,1.0,USB
2023-09-25,390,390,0,1.0,USB
2023-09-26,390,390,0,1.0,USB
2023-09-27,390,390,0,1.0,USB
2023-09-28,390,390,0,1.0,USB
2023-09-29,390,390,0,1.0,USB
2023-10-02,390,390,0,1.0,USB
2023-10-03,390,390,0,1.0,USB
2023-10-04,390,390,0,1.0,USB
2023-10-05,390,390,0,1.0,USB
2023-10-06,390,390,0,1.0,USB
2023-10-09,390,390,0,1.0,USB
2023-10-10,390,390,0,1.0,USB
2023-10-11,390,390,0,1.0,USB
2023-10-12,390,390,0,1.0,USB
2023-10-13,390,390,0,1.0,USB
2023-10-16,390,390,0,1.0,USB
2023-10-17,390,390,0,1.0,USB
2023-10-18,390,390,0,1.0,USB
2023-10-19,390,390,0,1.0,USB
2023-10-20,390,390,0,1.0,USB
2023-10-23,390,390,0,1.0,USB
2023-10-24,390,390,0,1.0,USB
2023-10-25,390,390,0,1.0,USB
2023-10-26,390,390,0,1.0,USB
2023-10-27,390,390,0,1.0,USB
2023-10-30,390,390,0,1.0,USB
2023-10-31,390,390,0,1.0,USB
2023-11-01,390,390,0,1.0,USB
2023-11-02,390,390,0,1.0,USB
2023-11-03,390,390,0,1.0,USB
2023-11-06,390,390,0,1.0,USB
2023-11-07,390,390,0,1.0,USB
2023-11-08,390,390,0,1.0,USB
2023-11-09,390,390,0,1.0,USB
2023-11-10,390,390,0,1.0,USB
2023-11-13,390,390,0,1.0,USB
2023-11-14,390,390,0,1.0,USB
2023-11-15,390,390,0,1.0,USB
2023-11-16,390,390,0,1.0,USB
2023-11-17,390,390,0,1.0,USB
2023-11-20,390,390,0,1.0,USB
2023-11-21,390,390,0,1.0,USB
2023-11-22,390,390,0,1.0,USB
2023-11-24,210,210,0,1.0,USB
2023-11-27,390,390,0,1.0,USB
2023-11-28,390,390,0,1.0,USB
2023-11-29,390,390,0,1.0,USB
2023-11-30,390,390,0,1.0,USB
2023-12-01,390,390,0,1.0,USB
2023-12-04,390,390,0,1.0,USB
2023-12-05,390,390,0,1.0,USB
2023-12-06,390,390,0,1.0,USB
2023-12-07,390,390,0,1.0,USB
2023-12-08,390,390,0,1.0,USB
2023-12-11,390,390,0,1.0,USB
2023-12-12,390,390,0,1.0,USB
2023-12-13,390,390,0,1.0,USB
2023-12-14,390,390,0,1.0,USB
2023-12-15,390,390,0,1.0,USB
2023-12-18,390,390,0,1.0,USB
2023-12-19,390,390,0,1.0,USB
2023-12-20,390,390,0,1.0,USB
2023-12-21,390,390,0,1.0,USB
2023-12-22,390,390,0,1.0,USB
2023-12-26,390,390,0,1.0,USB
2023-12-27,390,390,0,1.0,USB
2023-12-28,390,390,0,1.0,USB
2023-12-29,390,390,0,1.0,USB
2024-01-02,390,390,0,1.0,USB
2024-01-03,390,390,0,1.0,USB
2024-01-04,390,390,0,1.0,USB
2024-01-05,390,390,0,1.0,USB
2024-01-08,390,390,0,1.0,USB
2024-01-09,390,390,0,1.0,USB
2024-01-10,390,390,0,1.0,USB
2024-01-11,390,390,0,1.0,USB
2024-01-12,390,390,0,1.0,USB
2024-01-16,390,390,0,1.0,USB
2024-01-17,390,390,0,1.0,USB
2024-01-18,390,390,0,1.0,USB
2024-01-19,390,390,0,1.0,USB
2024-01-22,390,390,0,1.0,USB
2024-01-23,390,390,0,1.0,USB
2024-01-24,390,390,0,1.0,USB
2024-01-25,390,390,0,1.0,USB
2024-01-26,390,390,0,1.0,USB
2024-01-29,390,390,0,1.0,USB
2024-01-30,390,390,0,1.0,USB
2024-01-31,390,390,0,1.0,USB
2024-02-01,390,390,0,1.0,USB
2024-02-02,390,390,0,1.0,USB
2024-02-05,390,390,0,1.0,USB
2024-02-06,390,390,0,1.0,USB
2024-02-07,390,390,0,1.0,USB
2024-02-08,390,390,0,1.0,USB
2024-02-09,390,390,0,1.0,USB
2024-02-12,390,390,0,1.0,USB
2024-02-13,390,390,0,1.0,USB
2024-02-14,390,390,0,1.0,USB
2024-02-15,390,390,0,1.0,USB
2024-02-16,390,390,0,1.0,USB
2024-02-20,390,390,0,1.0,USB
2024-02-21,390,390,0,1.0,USB
2024-02-22,390,390,0,1.0,USB
2024-02-23,390,390,0,1.0,USB
2024-02-26,390,390,0,1.0,USB
2024-02-27,390,390,0,1.0,USB
2024-02-28,390,390,0,1.0,USB
2024-02-29,390,390,0,1.0,USB
2024-03-01,390,390,0,1.0,USB
2024-03-04,390,390,0,1.0,USB
2024-03-05,390,390,0,1.0,USB
2024-03-06,390,390,0,1.0,USB
2024-03-07,390,390,0,1.0,USB
2024-03-08,390,390,0,1.0,USB
2024-03-11,390,390,0,1.0,USB
2024-03-12,390,390,0,1.0,USB
2024-03-13,390,390,0,1.0,USB
2024-03-14,390,390,0,1.0,USB
2024-03-15,390,390,0,1.0,USB
2024-03-18,390,390,0,1.0,USB
2024-03-19,390,390,0,1.0,USB
2024-03-20,390,390,0,1.0,USB
2024-03-21,390,390,0,1.0,USB
2024-03-22,390,390,0,1.0,USB
2024-03-25,390,390,0,1.0,USB
2024-03-26,390,390,0,1.0,USB
2024-03-27,390,390,0,1.0,USB
2024-03-28,390,390,0,1.0,USB
2024-04-01,390,390,0,1.0,USB
2024-04-02,390,390,0,1.0,USB
2024-04-03,390,390,0,1.0,USB
2024-04-04,390,390,0,1.0,USB
2024-04-05,390,390,0,1.0,USB
2024-04-08,390,390,0,1.0,USB
2024-04-09,390,390,0,1.0,USB
2024-04-10,390,390,0,1.0,USB
2024-04-11,390,390,0,1.0,USB
2024-04-12,390,390,0,1.0,USB
2024-04-15,390,390,0,1.0,USB
2024-04-16,390,390,0,1.0,USB
2024-04-17,390,390,0,1.0,USB
2024-04-18,390,390,0,1.0,USB
2024-04-19,390,390,0,1.0,USB
2024-04-22,390,390,0,1.0,USB
2024-04-23,390,390,0,1.0,USB
2024-04-24,390,390,0,1.0,USB
2024-04-25,390,390,0,1.0,USB
2024-04-26,390,390,0,1.0,USB
2024-04-29,390,390,0,1.0,USB
2024-04-30,390,390,0,1.0,USB
2024-05-01,390,390,0,1.0,USB
2024-05-02,390,390,0,1.0,USB
2024-05-03,390,390,0,1.0,USB
2024-05-06,390,390,0,1.0,USB
2024-05-07,390,390,0,1.0,USB
2024-05-08,390,390,0,1.0,USB
2024-05-09,390,390,0,1.0,USB
2024-05-10,390,389,1,0.9974358974358974,USB
2024-05-13,390,390,0,1.0,USB
2024-05-14,390,390,0,1.0,USB
2024-05-15,390,390,0,1.0,USB
2024-05-16,390,390,0,1.0,USB
2024-05-17,390,390,0,1.0,USB
2024-05-20,390,390,0,1.0,USB
2024-05-21,390,389,1,0.9974358974358974,USB
2024-05-22,390,389,1,0.9974358974358974,USB
2024-05-23,390,390,0,1.0,USB
2024-05-24,390,390,0,1.0,USB
2024-05-28,390,390,0,1.0,USB
2024-05-29,390,390,0,1.0,USB
2024-05-30,390,390,0,1.0,USB
2024-05-31,390,390,0,1.0,USB
2024-06-03,390,390,0,1.0,USB
2024-06-04,390,390,0,1.0,USB
2024-06-05,390,390,0,1.0,USB
2024-06-06,390,390,0,1.0,USB
2024-06-07,390,390,0,1.0,USB
2024-06-10,390,390,0,1.0,USB
2024-06-11,390,390,0,1.0,USB
2024-06-12,390,390,0,1.0,USB
2024-06-13,390,390,0,1.0,USB
2024-06-14,390,390,0,1.0,USB
2024-06-17,390,390,0,1.0,USB
2024-06-18,390,389,1,0.9974358974358974,USB
2024-06-20,390,390,0,1.0,USB
2024-06-21,390,390,0,1.0,USB
2024-06-24,390,390,0,1.0,USB
2024-06-25,390,390,0,1.0,USB
2024-06-26,390,390,0,1.0,USB
2024-06-27,390,390,0,1.0,USB
2024-06-28,390,390,0,1.0,USB
2024-07-01,390,390,0,1.0,USB
2024-07-02,390,390,0,1.0,USB
2024-07-03,210,210,0,1.0,USB
2024-07-05,390,390,0,1.0,USB
2024-07-08,390,390,0,1.0,USB
2024-07-09,390,390,0,1.0,USB
2024-07-10,390,390,0,1.0,USB
2024-07-11,390,390,0,1.0,USB
2024-07-12,390,390,0,1.0,USB
2024-07-15,390,390,0,1.0,USB
2024-07-16,390,390,0,1.0,USB
2024-07-17,390,390,0,1.0,USB
2024-07-18,390,390,0,1.0,USB
2024-07-19,390,390,0,1.0,USB
2024-07-22,390,390,0,1.0,USB
2024-07-23,390,390,0,1.0,USB
2024-07-24,390,390,0,1.0,USB
2024-07-25,390,390,0,1.0,USB
2024-07-26,390,390,0,1.0,USB
2024-07-29,390,390,0,1.0,USB
2024-07-30,390,390,0,1.0,USB
2024-07-31,390,390,0,1.0,USB
2024-08-01,390,390,0,1.0,USB
2024-08-02,390,390,0,1.0,USB
2024-08-05,390,390,0,1.0,USB
2024-08-06,390,390,0,1.0,USB
2024-08-07,390,390,0,1.0,USB
2024-08-08,390,390,0,1.0,USB
2024-08-09,390,390,0,1.0,USB
2024-08-12,390,390,0,1.0,USB
2024-08-13,390,390,0,1.0,USB
2024-08-14,390,390,0,1.0,USB
2024-08-15,390,390,0,1.0,USB
2024-08-16,390,389,1,0.9974358974358974,USB
2024-08-19,390,389,1,0.9974358974358974,USB
2024-08-20,390,390,0,1.0,USB
2024-08-21,390,390,0,1.0,USB
2024-08-22,390,390,0,1.0,USB
2024-08-23,390,390,0,1.0,USB
2024-08-26,390,390,0,1.0,USB
2024-08-27,390,389,1,0.9974358974358974,USB
2024-08-28,390,390,0,1.0,USB
2024-08-29,390,390,0,1.0,USB
2024-08-30,390,390,0,1.0,USB
2024-09-03,390,390,0,1.0,USB
2024-09-04,390,390,0,1.0,USB
2024-09-05,390,390,0,1.0,USB
2024-09-06,390,390,0,1.0,USB
2024-09-09,390,390,0,1.0,USB
2024-09-10,390,390,0,1.0,USB
2024-09-11,390,390,0,1.0,USB
2024-09-12,390,390,0,1.0,USB
2024-09-13,390,390,0,1.0,USB
2024-09-16,390,390,0,1.0,USB
2024-09-17,390,390,0,1.0,USB
2024-09-18,390,390,0,1.0,USB
2024-09-19,390,390,0,1.0,USB
2024-09-20,390,390,0,1.0,USB
2024-09-23,390,390,0,1.0,USB
2024-09-24,390,390,0,1.0,USB
2024-09-25,390,390,0,1.0,USB
2024-09-26,390,390,0,1.0,USB
2024-09-27,390,390,0,1.0,USB
2024-09-30,390,390,0,1.0,USB
2024-10-01,390,390,0,1.0,USB
2024-10-02,390,390,0,1.0,USB
2024-10-03,390,390,0,1.0,USB
2024-10-04,390,390,0,1.0,USB
2024-10-07,390,390,0,1.0,USB
2024-10-08,390,390,0,1.0,USB
2024-10-09,390,390,0,1.0,USB
2024-10-10,390,390,0,1.0,USB
2024-10-11,390,390,0,1.0,USB
2024-10-14,390,390,0,1.0,USB
2024-10-15,390,390,0,1.0,USB
2024-10-16,390,390,0,1.0,USB
2024-10-17,390,390,0,1.0,USB
2024-10-18,390,390,0,1.0,USB
2024-10-21,390,390,0,1.0,USB
2024-10-22,390,390,0,1.0,USB
2024-10-23,390,390,0,1.0,USB
2024-10-24,390,390,0,1.0,USB
2024-10-25,390,390,0,1.0,USB
2024-10-28,390,390,0,1.0,USB
2024-10-29,390,390,0,1.0,USB
2024-10-30,390,390,0,1.0,USB
2024-10-31,390,390,0,1.0,USB
2024-11-01,390,390,0,1.0,USB
2024-11-04,390,390,0,1.0,USB
2024-11-05,390,390,0,1.0,USB
2024-11-06,390,390,0,1.0,USB
2024-11-07,390,390,0,1.0,USB
2024-11-08,390,390,0,1.0,USB
2024-11-11,390,390,0,1.0,USB
2024-11-12,390,390,0,1.0,USB
2024-11-13,390,390,0,1.0,USB
2024-11-14,390,390,0,1.0,USB
2024-11-15,390,390,0,1.0,USB
2024-11-18,390,390,0,1.0,USB
2024-11-19,390,390,0,1.0,USB
2024-11-20,390,390,0,1.0,USB
2024-11-21,390,390,0,1.0,USB
2024-11-22,390,390,0,1.0,USB
2024-11-25,390,390,0,1.0,USB
2024-11-26,390,390,0,1.0,USB
2024-11-27,390,388,2,0.9948717948717949,USB
2024-11-29,210,210,0,1.0,USB
2024-12-02,390,390,0,1.0,USB
2024-12-03,390,390,0,1.0,USB
2024-12-04,390,389,1,0.9974358974358974,USB
2024-12-05,390,390,0,1.0,USB
2024-12-06,390,390,0,1.0,USB
2024-12-09,390,390,0,1.0,USB
2024-12-10,390,390,0,1.0,USB
2024-12-11,390,390,0,1.0,USB
2024-12-12,390,390,0,1.0,USB
2024-12-13,390,390,0,1.0,USB
2024-12-16,390,390,0,1.0,USB
2024-12-17,390,390,0,1.0,USB
2024-12-18,390,390,0,1.0,USB
2024-12-19,390,390,0,1.0,USB
2024-12-20,390,390,0,1.0,USB
2024-12-23,390,390,0,1.0,USB
2024-12-24,210,210,0,1.0,USB
2024-12-26,390,390,0,1.0,USB
2024-12-27,390,390,0,1.0,USB
2024-12-30,390,390,0,1.0,USB
2024-12-31,390,390,0,1.0,USB
2025-01-02,390,390,0,1.0,USB
2025-01-03,390,390,0,1.0,USB
2025-01-06,390,390,0,1.0,USB
2025-01-07,390,390,0,1.0,USB
2025-01-08,390,390,0,1.0,USB
2025-01-10,390,390,0,1.0,USB
2025-01-13,390,390,0,1.0,USB
2025-01-14,390,390,0,1.0,USB
2025-01-15,390,390,0,1.0,USB
2025-01-16,390,390,0,1.0,USB
2025-01-17,390,390,0,1.0,USB
2025-01-21,390,390,0,1.0,USB
2025-01-22,390,390,0,1.0,USB
2025-01-23,390,390,0,1.0,USB
2025-01-24,390,390,0,1.0,USB
2025-01-27,390,390,0,1.0,USB
2025-01-28,390,390,0,1.0,USB
2025-01-29,390,390,0,1.0,USB
2025-01-30,390,390,0,1.0,USB
2025-01-31,390,390,0,1.0,USB
2025-02-03,390,390,0,1.0,USB
2025-02-04,390,390,0,1.0,USB
2025-02-05,390,390,0,1.0,USB
2025-02-06,390,390,0,1.0,USB
2025-02-07,390,390,0,1.0,USB
2025-02-10,390,390,0,1.0,USB
2025-02-11,390,390,0,1.0,USB
2025-02-12,390,390,0,1.0,USB
2025-02-13,390,390,0,1.0,USB
2025-02-14,390,390,0,1.0,USB
2025-02-18,390,390,0,1.0,USB
2025-02-19,390,389,1,0.9974358974358974,USB
2025-02-20,390,390,0,1.0,USB
2025-02-21,390,390,0,1.0,USB
2025-02-24,390,390,0,1.0,USB
2025-02-25,390,390,0,1.0,USB
2025-02-26,390,390,0,1.0,USB
2025-02-27,390,390,0,1.0,USB
2025-02-28,390,390,0,1.0,USB
2025-03-03,390,390,0,1.0,USB
2025-03-04,390,390,0,1.0,USB
2025-03-05,390,390,0,1.0,USB
2025-03-06,390,390,0,1.0,USB
2025-03-07,390,390,0,1.0,USB
2025-03-10,390,390,0,1.0,USB
2025-03-11,390,390,0,1.0,USB
2025-03-12,390,390,0,1.0,USB
2025-03-13,390,390,0,1.0,USB
2025-03-14,390,390,0,1.0,USB
2025-03-17,390,390,0,1.0,USB
2025-03-18,390,390,0,1.0,USB
2025-03-19,390,390,0,1.0,USB
2025-03-20,390,390,0,1.0,USB
2025-03-21,390,390,0,1.0,USB
2025-03-24,390,390,0,1.0,USB
2025-03-25,390,390,0,1.0,USB
2025-03-26,390,390,0,1.0,USB
2025-03-27,390,390,0,1.0,USB
2025-03-28,390,390,0,1.0,USB
2025-03-31,390,390,0,1.0,USB
2025-04-01,390,390,0,1.0,USB
2025-04-02,390,390,0,1.0,USB
2025-04-03,390,390,0,1.0,USB
2025-04-04,390,390,0,1.0,USB
2025-04-07,390,390,0,1.0,USB
2025-04-08,390,390,0,1.0,USB
2025-04-09,390,390,0,1.0,USB
2025-04-10,390,390,0,1.0,USB
2025-04-11,390,390,0,1.0,USB
2025-04-14,390,390,0,1.0,USB
2025-04-15,390,390,0,1.0,USB
2025-04-16,390,390,0,1.0,USB
2025-04-17,390,390,0,1.0,USB
2025-04-21,390,390,0,1.0,USB
2025-04-22,390,390,0,1.0,USB
2025-04-23,390,390,0,1.0,USB
2025-04-24,390,390,0,1.0,USB
2025-04-25,390,390,0,1.0,USB
2025-04-28,390,390,0,1.0,USB
2025-04-29,390,390,0,1.0,USB
2025-04-30,390,390,0,1.0,USB
2025-05-01,390,390,0,1.0,USB
2025-05-02,390,390,0,1.0,USB
2025-05-05,390,390,0,1.0,USB
2025-05-06,390,390,0,1.0,USB
2025-05-07,390,390,0,1.0,USB
2025-05-08,390,390,0,1.0,USB
2025-05-09,390,390,0,1.0,USB
2025-05-12,390,390,0,1.0,USB
2025-05-13,390,390,0,1.0,USB
2025-05-14,390,390,0,1.0,USB
2025-05-15,390,390,0,1.0,USB
2025-05-16,390,390,0,1.0,USB
2025-05-19,390,390,0,1.0,USB
2025-05-20,390,390,0,1.0,USB
2025-05-21,390,390,0,1.0,USB
2025-05-22,390,390,0,1.0,USB
2025-05-23,390,390,0,1.0,USB
2025-05-27,390,390,0,1.0,USB
2025-05-28,390,390,0,1.0,USB
2025-05-29,390,390,0,1.0,USB
2025-05-30,390,390,0,1.0,USB
2025-06-02,390,390,0,1.0,USB
2025-06-03,390,390,0,1.0,USB
2025-06-04,390,390,0,1.0,USB
2025-06-05,390,390,0,1.0,USB
2025-06-06,390,389,1,0.9974358974358974,USB
2025-06-09,390,390,0,1.0,USB
2025-06-10,390,390,0,1.0,USB
2025-06-11,390,390,0,1.0,USB
2025-06-12,390,390,0,1.0,USB
2025-06-13,390,390,0,1.0,USB
2025-06-16,390,390,0,1.0,USB
2025-06-17,390,390,0,1.0,USB
2025-06-18,390,390,0,1.0,USB
2025-06-20,390,390,0,1.0,USB
2025-06-23,390,390,0,1.0,USB
2025-06-24,390,390,0,1.0,USB
2025-06-25,390,390,0,1.0,USB
2025-06-26,390,390,0,1.0,USB
2025-06-27,390,390,0,1.0,USB
2025-06-30,390,390,0,1.0,USB
2025-07-01,390,390,0,1.0,USB
2025-07-02,390,390,0,1.0,USB
2025-07-03,210,210,0,1.0,USB
2025-07-07,390,390,0,1.0,USB
2025-07-08,390,390,0,1.0,USB
2025-07-09,390,390,0,1.0,USB
2025-07-10,390,390,0,1.0,USB
2025-07-11,390,390,0,1.0,USB
2025-07-14,390,390,0,1.0,USB
2025-07-15,390,390,0,1.0,USB
2025-07-16,390,390,0,1.0,USB
2025-07-17,390,390,0,1.0,USB
2025-07-18,390,390,0,1.0,USB
2025-07-21,390,390,0,1.0,USB
2025-07-22,390,390,0,1.0,USB
2025-07-23,390,390,0,1.0,USB
2025-07-24,390,390,0,1.0,USB
2025-07-25,390,390,0,1.0,USB
2025-07-28,390,390,0,1.0,USB
2025-07-29,390,390,0,1.0,USB
2025-07-30,390,390,0,1.0,USB
2025-07-31,390,390,0,1.0,USB
2025-08-01,390,390,0,1.0,USB
2025-08-04,390,390,0,1.0,USB
2025-08-05,390,390,0,1.0,USB
2025-08-06,390,390,0,1.0,USB
2025-08-07,390,390,0,1.0,USB
2025-08-08,390,390,0,1.0,USB
2025-08-11,390,390,0,1.0,USB
2025-08-12,390,390,0,1.0,USB
2025-08-13,390,390,0,1.0,USB
2025-08-14,390,390,0,1.0,USB
2025-08-15,390,390,0,1.0,USB
2025-08-18,390,390,0,1.0,USB
2025-08-19,390,390,0,1.0,USB
2025-08-20,390,390,0,1.0,USB
2025-08-21,390,389,1,0.9974358974358974,USB
2025-08-22,390,390,0,1.0,USB
2025-08-25,390,390,0,1.0,USB
2025-08-26,390,390,0,1.0,USB
2025-08-27,390,390,0,1.0,USB
2025-08-28,390,390,0,1.0,USB
2025-08-29,390,390,0,1.0,USB
2025-09-02,390,390,0,1.0,USB
2025-09-03,390,390,0,1.0,USB
2025-09-04,390,390,0,1.0,USB
2025-09-05,390,390,0,1.0,USB
2025-09-08,390,390,0,1.0,USB
2025-09-09,390,390,0,1.0,USB
2025-09-10,390,390,0,1.0,USB
2025-09-11,390,390,0,1.0,USB
2025-09-12,390,390,0,1.0,USB
2025-09-15,390,390,0,1.0,USB
2025-09-16,390,390,0,1.0,USB
2025-09-17,390,390,0,1.0,USB
2025-09-18,390,390,0,1.0,USB
2025-09-19,390,390,0,1.0,USB
2025-09-22,390,390,0,1.0,USB
2025-09-23,390,390,0,1.0,USB
2025-09-24,390,390,0,1.0,USB
2025-09-25,390,390,0,1.0,USB
2025-09-26,390,390,0,1.0,USB
2025-09-29,390,390,0,1.0,USB
2025-09-30,390,390,0,1.0,USB
2025-10-01,390,390,0,1.0,USB
2025-10-02,390,390,0,1.0,USB
2025-10-03,390,390,0,1.0,USB
2025-10-06,390,390,0,1.0,USB
2025-10-07,390,390,0,1.0,USB
2025-10-08,390,390,0,1.0,USB
2025-10-09,390,390,0,1.0,USB
2025-10-10,390,390,0,1.0,USB
2025-10-13,390,390,0,1.0,USB
2025-10-14,390,390,0,1.0,USB
2025-10-15,390,390,0,1.0,USB
2025-10-16,390,390,0,1.0,USB
2025-10-17,390,390,0,1.0,USB
2025-10-20,390,390,0,1.0,USB
2025-10-21,390,390,0,1.0,USB
2025-10-22,390,390,0,1.0,USB
2025-10-23,390,390,0,1.0,USB
2025-10-24,390,390,0,1.0,USB
2025-10-27,390,390,0,1.0,USB
2025-10-28,390,390,0,1.0,USB
2025-10-29,390,390,0,1.0,USB
2025-10-30,390,390,0,1.0,USB
2025-10-31,390,390,0,1.0,USB
2025-11-03,390,390,0,1.0,USB
2025-11-04,390,390,0,1.0,USB
2025-11-05,390,390,0,1.0,USB
2025-11-06,390,390,0,1.0,USB
2025-11-07,390,390,0,1.0,USB
2025-11-10,390,390,0,1.0,USB
2025-11-11,390,390,0,1.0,USB
2025-11-12,390,389,1,0.9974358974358974,USB
2025-11-13,390,390,0,1.0,USB
2025-11-14,390,390,0,1.0,USB
2025-11-17,390,390,0,1.0,USB
2025-11-18,390,390,0,1.0,USB
2025-11-19,390,390,0,1.0,USB
2025-11-20,390,390,0,1.0,USB
2025-11-21,390,390,0,1.0,USB
2025-11-24,390,390,0,1.0,USB
2025-11-25,390,390,0,1.0,USB
2025-11-26,390,390,0,1.0,USB
2025-11-28,210,210,0,1.0,USB
2025-12-01,390,390,0,1.0,USB
2025-12-02,390,390,0,1.0,USB
2025-12-03,390,390,0,1.0,USB
2025-12-04,390,390,0,1.0,USB
2025-12-05,390,390,0,1.0,USB
2025-12-08,390,390,0,1.0,USB
2025-12-09,390,390,0,1.0,USB
2025-12-10,390,390,0,1.0,USB
2025-12-11,390,390,0,1.0,USB
2025-12-12,390,390,0,1.0,USB
2025-12-15,390,390,0,1.0,USB
2025-12-16,390,390,0,1.0,USB
2025-12-17,390,390,0,1.0,USB
2025-12-18,390,390,0,1.0,USB
2025-12-19,390,390,0,1.0,USB
2025-12-22,390,390,0,1.0,USB
2025-12-23,390,390,0,1.0,USB
2025-12-24,210,210,0,1.0,USB
2025-12-26,390,390,0,1.0,USB
2025-12-29,390,390,0,1.0,USB
2025-12-30,390,389,1,0.9974358974358974,USB
2025-12-31,390,390,0,1.0,USB
2026-01-02,390,390,0,1.0,USB
2026-01-05,390,390,0,1.0,USB
2026-01-06,390,390,0,1.0,USB
2026-01-07,390,390,0,1.0,USB
2026-01-08,390,390,0,1.0,USB
2026-01-09,390,390,0,1.0,USB
2026-01-12,390,390,0,1.0,USB
2026-01-13,390,390,0,1.0,USB
2026-01-14,390,390,0,1.0,USB
2026-01-15,390,390,0,1.0,USB
2026-01-16,390,390,0,1.0,USB
2026-01-20,390,390,0,1.0,USB
2026-01-21,390,390,0,1.0,USB
2026-01-22,390,390,0,1.0,USB
2026-01-23,390,390,0,1.0,USB
2026-01-26,390,390,0,1.0,USB
2026-01-27,390,390,0,1.0,USB
2026-01-28,390,390,0,1.0,USB
2026-01-29,390,390,0,1.0,USB
2026-01-30,390,390,0,1.0,USB
2026-02-02,390,390,0,1.0,USB
2026-02-03,390,390,0,1.0,USB
2026-02-04,390,390,0,1.0,USB
2026-02-05,390,390,0,1.0,USB
2026-02-06,390,390,0,1.0,USB
2026-02-09,390,390,0,1.0,USB
2026-02-10,390,390,0,1.0,USB
2026-02-11,390,390,0,1.0,USB
2026-02-12,390,390,0,1.0,USB
2026-02-13,390,390,0,1.0,USB
2026-02-17,390,390,0,1.0,USB
2026-02-18,390,390,0,1.0,USB
2026-02-19,390,390,0,1.0,USB
2026-02-20,390,390,0,1.0,USB
2026-02-23,390,390,0,1.0,USB
2026-02-24,390,390,0,1.0,USB
2026-02-25,390,390,0,1.0,USB
2026-02-26,390,390,0,1.0,USB
2026-02-27,390,390,0,1.0,USB
2026-03-02,390,390,0,1.0,USB
2026-03-03,390,390,0,1.0,USB
2026-03-04,390,390,0,1.0,USB
2026-03-05,390,390,0,1.0,USB
2026-03-06,390,390,0,1.0,USB
2026-03-09,390,390,0,1.0,USB
2026-03-10,390,390,0,1.0,USB
2026-03-11,390,390,0,1.0,USB
2026-03-12,390,390,0,1.0,USB
2026-03-13,390,390,0,1.0,USB
2026-03-16,390,390,0,1.0,USB
2026-03-17,390,390,0,1.0,USB
2026-03-18,390,390,0,1.0,USB
2026-03-19,390,390,0,1.0,USB
2026-03-20,390,390,0,1.0,USB
2026-03-23,390,390,0,1.0,USB
2026-03-24,390,390,0,1.0,USB
2026-03-25,390,390,0,1.0,USB
2026-03-26,390,390,0,1.0,USB
2026-03-27,390,390,0,1.0,USB
2026-03-30,390,390,0,1.0,USB
2026-03-31,390,390,0,1.0,USB
2026-04-01,390,390,0,1.0,USB
2026-04-02,390,390,0,1.0,USB
2026-04-06,390,390,0,1.0,USB
2026-04-07,390,390,0,1.0,USB
2026-04-08,390,390,0,1.0,USB
2026-04-09,390,390,0,1.0,USB
2026-04-10,390,390,0,1.0,USB
2026-04-13,390,390,0,1.0,USB
2026-04-14,390,390,0,1.0,USB
2026-04-15,390,390,0,1.0,USB
2026-04-16,390,390,0,1.0,USB
2026-04-17,390,390,0,1.0,USB
2026-04-20,390,390,0,1.0,USB
2026-04-21,390,390,0,1.0,USB
2026-04-22,390,390,0,1.0,USB
2026-04-23,390,390,0,1.0,USB
2026-04-24,390,390,0,1.0,USB
2026-04-27,390,390,0,1.0,USB
2026-04-28,390,390,0,1.0,USB
2026-04-29,390,390,0,1.0,USB
2026-04-30,390,389,1,0.9974358974358974,USB
2026-05-01,390,390,0,1.0,USB
2026-05-04,390,390,0,1.0,USB
2026-05-05,390,390,0,1.0,USB
2026-05-06,390,390,0,1.0,USB
2026-05-07,390,390,0,1.0,USB
2026-05-08,390,390,0,1.0,USB
2026-05-11,390,390,0,1.0,USB
2026-05-12,390,390,0,1.0,USB
2026-05-13,390,390,0,1.0,USB
2026-05-14,390,390,0,1.0,USB
2026-05-15,390,390,0,1.0,USB
2026-05-18,390,390,0,1.0,USB
2026-05-19,390,390,0,1.0,USB
2026-05-20,390,390,0,1.0,USB
2026-05-21,390,390,0,1.0,USB
2026-05-22,390,390,0,1.0,USB
2026-05-26,390,390,0,1.0,USB
2026-05-27,390,390,0,1.0,USB
2026-05-28,390,390,0,1.0,USB
2026-05-29,390,390,0,1.0,USB
2026-06-01,390,390,0,1.0,USB
2026-06-02,390,390,0,1.0,USB
2026-06-03,390,390,0,1.0,USB
2026-06-04,390,390,0,1.0,USB
2026-06-05,390,390,0,1.0,USB
2026-06-08,390,390,0,1.0,USB
2026-06-09,390,390,0,1.0,USB
2026-06-10,390,390,0,1.0,USB
2026-06-11,390,390,0,1.0,USB
2026-06-12,390,390,0,1.0,USB
2026-06-15,390,390,0,1.0,USB
2026-06-16,390,390,0,1.0,USB
2026-06-17,390,390,0,1.0,USB
2026-06-18,390,390,0,1.0,USB
2026-06-22,390,390,0,1.0,USB
2026-06-23,390,390,0,1.0,USB
2026-06-24,390,390,0,1.0,USB
2026-06-25,390,390,0,1.0,USB
2026-06-26,390,390,0,1.0,USB
2026-06-29,390,390,0,1.0,USB
2026-06-30,390,390,0,1.0,USB
2026-07-01,390,390,0,1.0,USB
2026-07-02,390,390,0,1.0,USB
2026-07-06,390,390,0,1.0,USB
2026-07-07,390,390,0,1.0,USB
2026-07-08,390,390,0,1.0,USB
2026-07-09,390,390,0,1.0,USB
2026-07-10,390,390,0,1.0,USB
2026-07-13,390,390,0,1.0,USB
2026-07-14,390,390,0,1.0,USB
2026-07-15,390,390,0,1.0,USB
2026-07-16,390,390,0,1.0,USB
2026-07-17,390,390,0,1.0,USB
2026-07-20,390,390,0,1.0,USB
2026-07-21,390,390,0,1.0,USB
2026-07-22,390,390,0,1.0,USB
2026-07-23,390,390,0,1.0,USB
2026-07-24,390,390,0,1.0,USB
2026-07-27,390,390,0,1.0,USB
2026-07-28,390,389,1,0.9974358974358974,USB
2026-07-29,390,390,0,1.0,USB
2026-07-30,390,390,0,1.0,USB
2026-07-31,390,390,0,1.0,USB
2026-08-03,390,390,0,1.0,USB
2026-08-04,390,390,0,1.0,USB
2026-08-05,390,390,0,1.0,USB
2026-08-06,390,390,0,1.0,USB
2026-08-07,390,388,2,0.9948717948717949,USB
2026-08-10,390,390,0,1.0,USB
2026-08-11,390,390,0,1.0,USB
2026-08-12,390,390,0,1.0,USB
2026-08-13,390,390,0,1.0,USB
2026-08-14,390,390,0,1.0,USB
2026-08-17,390,390,0,1.0,USB
2026-08-18,390,390,0,1.0,USB
2026-08-19,390,390,0,1.0,USB
2026-08-20,390,390,0,1.0,USB
2026-08-21,390,390,0,1.0,USB
2026-08-24,390,390,0,1.0,USB
2026-08-25,390,390,0,1.0,USB
2026-08-26,390,390,0,1.0,USB
2026-08-27,390,390,0,1.0,USB
2026-08-28,390,390,0,1.0,USB
2026-08-31,390,390,0,1.0,USB
2026-09-01,390,390,0,1.0,USB
2026-09-02,390,390,0,1.0,USB
2026-09-03,390,390,0,1.0,USB
2026-09-04,390,390,0,1.0,USB
2026-09-08,390,390,0,1.0,USB
2026-09-09,390,390,0,1.0,USB
2023-01-03,390,390,0,1.0,RF
2023-01-04,390,390,0,1.0,RF
2023-01-05,390,389,1,0.9974358974358974,RF
2023-01-06,390,387,3,0.9923076923076923,RF
2023-01-09,390,390,0,1.0,RF
2023-01-10,390,390,0,1.0,RF
2023-01-11,390,390,0,1.0,RF
2023-01-12,390,389,1,0.9974358974358974,RF
2023-01-13,390,390,0,1.0,RF
2023-01-17,390,390,0,1.0,RF
2023-01-18,390,390,0,1.0,RF
2023-01-19,390,390,0,1.0,RF
2023-01-20,390,390,0,1.0,RF
2023-01-23,390,390,0,1.0,RF
2023-01-24,390,390,0,1.0,RF
2023-01-25,390,390,0,1.0,RF
2023-01-26,390,390,0,1.0,RF
2023-01-27,390,389,1,0.9974358974358974,RF
2023-01-30,390,390,0,1.0,RF
2023-01-31,390,390,0,1.0,RF
2023-02-01,390,390,0,1.0,RF
2023-02-02,390,390,0,1.0,RF
2023-02-03,390,390,0,1.0,RF
2023-02-06,390,390,0,1.0,RF
2023-02-07,390,390,0,1.0,RF
2023-02-08,390,390,0,1.0,RF
2023-02-09,390,390,0,1.0,RF
2023-02-10,390,390,0,1.0,RF
2023-02-13,390,390,0,1.0,RF
2023-02-14,390,390,0,1.0,RF
2023-02-15,390,390,0,1.0,RF
2023-02-16,390,390,0,1.0,RF
2023-02-17,390,389,1,0.9974358974358974,RF
2023-02-21,390,390,0,1.0,RF
2023-02-22,390,390,0,1.0,RF
2023-02-23,390,390,0,1.0,RF
2023-02-24,390,390,0,1.0,RF
2023-02-27,390,389,1,0.9974358974358974,RF
2023-02-28,390,390,0,1.0,RF
2023-03-01,390,390,0,1.0,RF
2023-03-02,390,390,0,1.0,RF
2023-03-03,390,390,0,1.0,RF
2023-03-06,390,390,0,1.0,RF
2023-03-07,390,390,0,1.0,RF
2023-03-08,390,390,0,1.0,RF
2023-03-09,390,390,0,1.0,RF
2023-03-10,390,390,0,1.0,RF
2023-03-13,390,365,25,0.9358974358974359,RF
2023-03-14,390,390,0,1.0,RF
2023-03-15,390,390,0,1.0,RF
2023-03-16,390,390,0,1.0,RF
2023-03-17,390,390,0,1.0,RF
2023-03-20,390,390,0,1.0,RF
2023-03-21,390,390,0,1.0,RF
2023-03-22,390,390,0,1.0,RF
2023-03-23,390,390,0,1.0,RF
2023-03-24,390,390,0,1.0,RF
2023-03-27,390,390,0,1.0,RF
2023-03-28,390,390,0,1.0,RF
2023-03-29,390,390,0,1.0,RF
2023-03-30,390,390,0,1.0,RF
2023-03-31,390,390,0,1.0,RF
2023-04-03,390,390,0,1.0,RF
2023-04-04,390,390,0,1.0,RF
2023-04-05,390,390,0,1.0,RF
2023-04-06,390,390,0,1.0,RF
2023-04-10,390,390,0,1.0,RF
2023-04-11,390,390,0,1.0,RF
2023-04-12,390,389,1,0.9974358974358974,RF
2023-04-13,390,389,1,0.9974358974358974,RF
2023-04-14,390,390,0,1.0,RF
2023-04-17,390,390,0,1.0,RF
2023-04-18,390,390,0,1.0,RF
2023-04-19,390,390,0,1.0,RF
2023-04-20,390,390,0,1.0,RF
2023-04-21,390,390,0,1.0,RF
2023-04-24,390,390,0,1.0,RF
2023-04-25,390,390,0,1.0,RF
2023-04-26,390,390,0,1.0,RF
2023-04-27,390,390,0,1.0,RF
2023-04-28,390,390,0,1.0,RF
2023-05-01,390,390,0,1.0,RF
2023-05-02,390,390,0,1.0,RF
2023-05-03,390,390,0,1.0,RF
2023-05-04,390,390,0,1.0,RF
2023-05-05,390,390,0,1.0,RF
2023-05-08,390,390,0,1.0,RF
2023-05-09,390,390,0,1.0,RF
2023-05-10,390,390,0,1.0,RF
2023-05-11,390,390,0,1.0,RF
2023-05-12,390,390,0,1.0,RF
2023-05-15,390,390,0,1.0,RF
2023-05-16,390,389,1,0.9974358974358974,RF
2023-05-17,390,390,0,1.0,RF
2023-05-18,390,390,0,1.0,RF
2023-05-19,390,390,0,1.0,RF
2023-05-22,390,390,0,1.0,RF
2023-05-23,390,390,0,1.0,RF
2023-05-24,390,389,1,0.9974358974358974,RF
2023-05-25,390,390,0,1.0,RF
2023-05-26,390,390,0,1.0,RF
2023-05-30,390,390,0,1.0,RF
2023-05-31,390,390,0,1.0,RF
2023-06-01,390,390,0,1.0,RF
2023-06-02,390,390,0,1.0,RF
2023-06-05,390,386,4,0.9897435897435898,RF
2023-06-06,390,390,0,1.0,RF
2023-06-07,390,390,0,1.0,RF
2023-06-08,390,390,0,1.0,RF
2023-06-09,390,390,0,1.0,RF
2023-06-12,390,390,0,1.0,RF
2023-06-13,390,390,0,1.0,RF
2023-06-14,390,390,0,1.0,RF
2023-06-15,390,390,0,1.0,RF
2023-06-16,390,390,0,1.0,RF
2023-06-20,390,390,0,1.0,RF
2023-06-21,390,390,0,1.0,RF
2023-06-22,390,390,0,1.0,RF
2023-06-23,390,390,0,1.0,RF
2023-06-26,390,390,0,1.0,RF
2023-06-27,390,390,0,1.0,RF
2023-06-28,390,389,1,0.9974358974358974,RF
2023-06-29,390,390,0,1.0,RF
2023-06-30,390,390,0,1.0,RF
2023-07-03,210,210,0,1.0,RF
2023-07-05,390,390,0,1.0,RF
2023-07-06,390,390,0,1.0,RF
2023-07-07,390,389,1,0.9974358974358974,RF
2023-07-10,390,390,0,1.0,RF
2023-07-11,390,390,0,1.0,RF
2023-07-12,390,390,0,1.0,RF
2023-07-13,390,389,1,0.9974358974358974,RF
2023-07-14,390,390,0,1.0,RF
2023-07-17,390,390,0,1.0,RF
2023-07-18,390,390,0,1.0,RF
2023-07-19,390,390,0,1.0,RF
2023-07-20,390,390,0,1.0,RF
2023-07-21,390,390,0,1.0,RF
2023-07-24,390,390,0,1.0,RF
2023-07-25,390,390,0,1.0,RF
2023-07-26,390,390,0,1.0,RF
2023-07-27,390,388,2,0.9948717948717949,RF
2023-07-28,390,389,1,0.9974358974358974,RF
2023-07-31,390,390,0,1.0,RF
2023-08-01,390,389,1,0.9974358974358974,RF
2023-08-02,390,390,0,1.0,RF
2023-08-03,390,390,0,1.0,RF
2023-08-04,390,390,0,1.0,RF
2023-08-07,390,390,0,1.0,RF
2023-08-08,390,389,1,0.9974358974358974,RF
2023-08-09,390,389,1,0.9974358974358974,RF
2023-08-10,390,390,0,1.0,RF
2023-08-11,390,390,0,1.0,RF
2023-08-14,390,390,0,1.0,RF
2023-08-15,390,389,1,0.9974358974358974,RF
2023-08-16,390,390,0,1.0,RF
2023-08-17,390,389,1,0.9974358974358974,RF
2023-08-18,390,389,1,0.9974358974358974,RF
2023-08-21,390,390,0,1.0,RF
2023-08-22,390,390,0,1.0,RF
2023-08-23,390,390,0,1.0,RF
2023-08-24,390,390,0,1.0,RF
2023-08-25,390,390,0,1.0,RF
2023-08-28,390,388,2,0.9948717948717949,RF
2023-08-29,390,390,0,1.0,RF
2023-08-30,390,390,0,1.0,RF
2023-08-31,390,390,0,1.0,RF
2023-09-01,390,390,0,1.0,RF
2023-09-05,390,390,0,1.0,RF
2023-09-06,390,389,1,0.9974358974358974,RF
2023-09-07,390,390,0,1.0,RF
2023-09-08,390,389,1,0.9974358974358974,RF
2023-09-11,390,390,0,1.0,RF
2023-09-12,390,390,0,1.0,RF
2023-09-13,390,389,1,0.9974358974358974,RF
2023-09-14,390,390,0,1.0,RF
2023-09-15,390,390,0,1.0,RF
2023-09-18,390,390,0,1.0,RF
2023-09-19,390,390,0,1.0,RF
2023-09-20,390,390,0,1.0,RF
2023-09-21,390,390,0,1.0,RF
2023-09-22,390,389,1,0.9974358974358974,RF
2023-09-25,390,390,0,1.0,RF
2023-09-26,390,390,0,1.0,RF
2023-09-27,390,390,0,1.0,RF
2023-09-28,390,389,1,0.9974358974358974,RF
2023-09-29,390,390,0,1.0,RF
2023-10-02,390,390,0,1.0,RF
2023-10-03,390,390,0,1.0,RF
2023-10-04,390,390,0,1.0,RF
2023-10-05,390,390,0,1.0,RF
2023-10-06,390,390,0,1.0,RF
2023-10-09,390,390,0,1.0,RF
2023-10-10,390,390,0,1.0,RF
2023-10-11,390,390,0,1.0,RF
2023-10-12,390,390,0,1.0,RF
2023-10-13,390,390,0,1.0,RF
2023-10-16,390,390,0,1.0,RF
2023-10-17,390,390,0,1.0,RF
2023-10-18,390,390,0,1.0,RF
2023-10-19,390,390,0,1.0,RF
2023-10-20,390,390,0,1.0,RF
2023-10-23,390,390,0,1.0,RF
2023-10-24,390,390,0,1.0,RF
2023-10-25,390,390,0,1.0,RF
2023-10-26,390,390,0,1.0,RF
2023-10-27,390,390,0,1.0,RF
2023-10-30,390,390,0,1.0,RF
2023-10-31,390,390,0,1.0,RF
2023-11-01,390,390,0,1.0,RF
2023-11-02,390,389,1,0.9974358974358974,RF
2023-11-03,390,390,0,1.0,RF
2023-11-06,390,390,0,1.0,RF
2023-11-07,390,390,0,1.0,RF
2023-11-08,390,390,0,1.0,RF
2023-11-09,390,389,1,0.9974358974358974,RF
2023-11-10,390,389,1,0.9974358974358974,RF
2023-11-13,390,390,0,1.0,RF
2023-11-14,390,390,0,1.0,RF
2023-11-15,390,387,3,0.9923076923076923,RF
2023-11-16,390,390,0,1.0,RF
2023-11-17,390,390,0,1.0,RF
2023-11-20,390,390,0,1.0,RF
2023-11-21,390,389,1,0.9974358974358974,RF
2023-11-22,390,387,3,0.9923076923076923,RF
2023-11-24,210,207,3,0.9857142857142858,RF
2023-11-27,390,390,0,1.0,RF
2023-11-28,390,390,0,1.0,RF
2023-11-29,390,390,0,1.0,RF
2023-11-30,390,390,0,1.0,RF
2023-12-01,390,390,0,1.0,RF
2023-12-04,390,390,0,1.0,RF
2023-12-05,390,390,0,1.0,RF
2023-12-06,390,390,0,1.0,RF
2023-12-07,390,390,0,1.0,RF
2023-12-08,390,390,0,1.0,RF
2023-12-11,390,390,0,1.0,RF
2023-12-12,390,390,0,1.0,RF
2023-12-13,390,390,0,1.0,RF
2023-12-14,390,390,0,1.0,RF
2023-12-15,390,390,0,1.0,RF
2023-12-18,390,390,0,1.0,RF
2023-12-19,390,390,0,1.0,RF
2023-12-20,390,390,0,1.0,RF
2023-12-21,390,390,0,1.0,RF
2023-12-22,390,388,2,0.9948717948717949,RF
2023-12-26,390,389,1,0.9974358974358974,RF
2023-12-27,390,387,3,0.9923076923076923,RF
2023-12-28,390,390,0,1.0,RF
2023-12-29,390,390,0,1.0,RF
2024-01-02,390,390,0,1.0,RF
2024-01-03,390,390,0,1.0,RF
2024-01-04,390,390,0,1.0,RF
2024-01-05,390,389,1,0.9974358974358974,RF
2024-01-08,390,390,0,1.0,RF
2024-01-09,390,390,0,1.0,RF
2024-01-10,390,390,0,1.0,RF
2024-01-11,390,390,0,1.0,RF
2024-01-12,390,390,0,1.0,RF
2024-01-16,390,390,0,1.0,RF
2024-01-17,390,390,0,1.0,RF
2024-01-18,390,390,0,1.0,RF
2024-01-19,390,390,0,1.0,RF
2024-01-22,390,390,0,1.0,RF
2024-01-23,390,390,0,1.0,RF
2024-01-24,390,390,0,1.0,RF
2024-01-25,390,390,0,1.0,RF
2024-01-26,390,389,1,0.9974358974358974,RF
2024-01-29,390,390,0,1.0,RF
2024-01-30,390,390,0,1.0,RF
2024-01-31,390,390,0,1.0,RF
2024-02-01,390,390,0,1.0,RF
2024-02-02,390,390,0,1.0,RF
2024-02-05,390,390,0,1.0,RF
2024-02-06,390,390,0,1.0,RF
2024-02-07,390,390,0,1.0,RF
2024-02-08,390,390,0,1.0,RF
2024-02-09,390,390,0,1.0,RF
2024-02-12,390,390,0,1.0,RF
2024-02-13,390,390,0,1.0,RF
2024-02-14,390,390,0,1.0,RF
2024-02-15,390,390,0,1.0,RF
2024-02-16,390,390,0,1.0,RF
2024-02-20,390,390,0,1.0,RF
2024-02-21,390,389,1,0.9974358974358974,RF
2024-02-22,390,390,0,1.0,RF
2024-02-23,390,390,0,1.0,RF
2024-02-26,390,390,0,1.0,RF
2024-02-27,390,390,0,1.0,RF
2024-02-28,390,390,0,1.0,RF
2024-02-29,390,390,0,1.0,RF
2024-03-01,390,390,0,1.0,RF
2024-03-04,390,390,0,1.0,RF
2024-03-05,390,390,0,1.0,RF
2024-03-06,390,390,0,1.0,RF
2024-03-07,390,390,0,1.0,RF
2024-03-08,390,390,0,1.0,RF
2024-03-11,390,390,0,1.0,RF
2024-03-12,390,390,0,1.0,RF
2024-03-13,390,390,0,1.0,RF
2024-03-14,390,390,0,1.0,RF
2024-03-15,390,390,0,1.0,RF
2024-03-18,390,390,0,1.0,RF
2024-03-19,390,390,0,1.0,RF
2024-03-20,390,388,2,0.9948717948717949,RF
2024-03-21,390,390,0,1.0,RF
2024-03-22,390,390,0,1.0,RF
2024-03-25,390,386,4,0.9897435897435898,RF
2024-03-26,390,390,0,1.0,RF
2024-03-27,390,389,1,0.9974358974358974,RF
2024-03-28,390,390,0,1.0,RF
2024-04-01,390,390,0,1.0,RF
2024-04-02,390,390,0,1.0,RF
2024-04-03,390,389,1,0.9974358974358974,RF
2024-04-04,390,390,0,1.0,RF
2024-04-05,390,390,0,1.0,RF
2024-04-08,390,387,3,0.9923076923076923,RF
2024-04-09,390,390,0,1.0,RF
2024-04-10,390,389,1,0.9974358974358974,RF
2024-04-11,390,390,0,1.0,RF
2024-04-12,390,390,0,1.0,RF
2024-04-15,390,390,0,1.0,RF
2024-04-16,390,390,0,1.0,RF
2024-04-17,390,390,0,1.0,RF
2024-04-18,390,390,0,1.0,RF
2024-04-19,390,390,0,1.0,RF
2024-04-22,390,390,0,1.0,RF
2024-04-23,390,390,0,1.0,RF
2024-04-24,390,390,0,1.0,RF
2024-04-25,390,390,0,1.0,RF
2024-04-26,390,388,2,0.9948717948717949,RF
2024-04-29,390,390,0,1.0,RF
2024-04-30,390,390,0,1.0,RF
2024-05-01,390,390,0,1.0,RF
2024-05-02,390,388,2,0.9948717948717949,RF
2024-05-03,390,390,0,1.0,RF
2024-05-06,390,387,3,0.9923076923076923,RF
2024-05-07,390,384,6,0.9846153846153847,RF
2024-05-08,390,388,2,0.9948717948717949,RF
2024-05-09,390,390,0,1.0,RF
2024-05-10,390,390,0,1.0,RF
2024-05-13,390,389,1,0.9974358974358974,RF
2024-05-14,390,390,0,1.0,RF
2024-05-15,390,390,0,1.0,RF
2024-05-16,390,386,4,0.9897435897435898,RF
2024-05-17,390,385,5,0.9871794871794872,RF
2024-05-20,390,386,4,0.9897435897435898,RF
2024-05-21,390,386,4,0.9897435897435898,RF
2024-05-22,390,390,0,1.0,RF
2024-05-23,390,390,0,1.0,RF
2024-05-24,390,386,4,0.9897435897435898,RF
2024-05-28,390,390,0,1.0,RF
2024-05-29,390,390,0,1.0,RF
2024-05-30,390,390,0,1.0,RF
2024-05-31,390,390,0,1.0,RF
2024-06-03,390,390,0,1.0,RF
2024-06-04,390,390,0,1.0,RF
2024-06-05,390,387,3,0.9923076923076923,RF
2024-06-06,390,389,1,0.9974358974358974,RF
2024-06-07,390,387,3,0.9923076923076923,RF
2024-06-10,390,389,1,0.9974358974358974,RF
2024-06-11,390,390,0,1.0,RF
2024-06-12,390,390,0,1.0,RF
2024-06-13,390,390,0,1.0,RF
2024-06-14,390,390,0,1.0,RF
2024-06-17,390,389,1,0.9974358974358974,RF
2024-06-18,390,390,0,1.0,RF
2024-06-20,390,387,3,0.9923076923076923,RF
2024-06-21,390,390,0,1.0,RF
2024-06-24,390,388,2,0.9948717948717949,RF
2024-06-25,390,388,2,0.9948717948717949,RF
2024-06-26,390,389,1,0.9974358974358974,RF
2024-06-27,390,389,1,0.9974358974358974,RF
2024-06-28,390,390,0,1.0,RF
2024-07-01,390,390,0,1.0,RF
2024-07-02,390,389,1,0.9974358974358974,RF
2024-07-03,210,210,0,1.0,RF
2024-07-05,390,390,0,1.0,RF
2024-07-08,390,389,1,0.9974358974358974,RF
2024-07-09,390,390,0,1.0,RF
2024-07-10,390,390,0,1.0,RF
2024-07-11,390,390,0,1.0,RF
2024-07-12,390,390,0,1.0,RF
2024-07-15,390,390,0,1.0,RF
2024-07-16,390,389,1,0.9974358974358974,RF
2024-07-17,390,390,0,1.0,RF
2024-07-18,390,390,0,1.0,RF
2024-07-19,390,390,0,1.0,RF
2024-07-22,390,390,0,1.0,RF
2024-07-23,390,390,0,1.0,RF
2024-07-24,390,390,0,1.0,RF
2024-07-25,390,390,0,1.0,RF
2024-07-26,390,389,1,0.9974358974358974,RF
2024-07-29,390,390,0,1.0,RF
2024-07-30,390,389,1,0.9974358974358974,RF
2024-07-31,390,390,0,1.0,RF
2024-08-01,390,390,0,1.0,RF
2024-08-02,390,390,0,1.0,RF
2024-08-05,390,390,0,1.0,RF
2024-08-06,390,390,0,1.0,RF
2024-08-07,390,390,0,1.0,RF
2024-08-08,390,389,1,0.9974358974358974,RF
2024-08-09,390,386,4,0.9897435897435898,RF
2024-08-12,390,390,0,1.0,RF
2024-08-13,390,386,4,0.9897435897435898,RF
2024-08-14,390,386,4,0.9897435897435898,RF
2024-08-15,390,390,0,1.0,RF
2024-08-16,390,389,1,0.9974358974358974,RF
2024-08-19,390,385,5,0.9871794871794872,RF
2024-08-20,390,390,0,1.0,RF
2024-08-21,390,389,1,0.9974358974358974,RF
2024-08-22,390,390,0,1.0,RF
2024-08-23,390,390,0,1.0,RF
2024-08-26,390,390,0,1.0,RF
2024-08-27,390,383,7,0.982051282051282,RF
2024-08-28,390,389,1,0.9974358974358974,RF
2024-08-29,390,389,1,0.9974358974358974,RF
2024-08-30,390,390,0,1.0,RF
2024-09-03,390,390,0,1.0,RF
2024-09-04,390,388,2,0.9948717948717949,RF
2024-09-05,390,388,2,0.9948717948717949,RF
2024-09-06,390,390,0,1.0,RF
2024-09-09,390,389,1,0.9974358974358974,RF
2024-09-10,390,390,0,1.0,RF
2024-09-11,390,390,0,1.0,RF
2024-09-12,390,390,0,1.0,RF
2024-09-13,390,390,0,1.0,RF
2024-09-16,390,390,0,1.0,RF
2024-09-17,390,390,0,1.0,RF
2024-09-18,390,390,0,1.0,RF
2024-09-19,390,390,0,1.0,RF
2024-09-20,390,390,0,1.0,RF
2024-09-23,390,390,0,1.0,RF
2024-09-24,390,389,1,0.9974358974358974,RF
2024-09-25,390,390,0,1.0,RF
2024-09-26,390,388,2,0.9948717948717949,RF
2024-09-27,390,390,0,1.0,RF
2024-09-30,390,390,0,1.0,RF
2024-10-01,390,390,0,1.0,RF
2024-10-02,390,390,0,1.0,RF
2024-10-03,390,390,0,1.0,RF
2024-10-04,390,390,0,1.0,RF
2024-10-07,390,388,2,0.9948717948717949,RF
2024-10-08,390,390,0,1.0,RF
2024-10-09,390,390,0,1.0,RF
2024-10-10,390,388,2,0.9948717948717949,RF
2024-10-11,390,389,1,0.9974358974358974,RF
2024-10-14,390,390,0,1.0,RF
2024-10-15,390,390,0,1.0,RF
2024-10-16,390,390,0,1.0,RF
2024-10-17,390,390,0,1.0,RF
2024-10-18,390,390,0,1.0,RF
2024-10-21,390,390,0,1.0,RF
2024-10-22,390,390,0,1.0,RF
2024-10-23,390,390,0,1.0,RF
2024-10-24,390,390,0,1.0,RF
2024-10-25,390,390,0,1.0,RF
2024-10-28,390,390,0,1.0,RF
2024-10-29,390,389,1,0.9974358974358974,RF
2024-10-30,390,389,1,0.9974358974358974,RF
2024-10-31,390,390,0,1.0,RF
2024-11-01,390,390,0,1.0,RF
2024-11-04,390,389,1,0.9974358974358974,RF
2024-11-05,390,389,1,0.9974358974358974,RF
2024-11-06,390,390,0,1.0,RF
2024-11-07,390,390,0,1.0,RF
2024-11-08,390,390,0,1.0,RF
2024-11-11,390,390,0,1.0,RF
2024-11-12,390,390,0,1.0,RF
2024-11-13,390,390,0,1.0,RF
2024-11-14,390,390,0,1.0,RF
2024-11-15,390,390,0,1.0,RF
2024-11-18,390,390,0,1.0,RF
2024-11-19,390,389,1,0.9974358974358974,RF
2024-11-20,390,389,1,0.9974358974358974,RF
2024-11-21,390,390,0,1.0,RF
2024-11-22,390,390,0,1.0,RF
2024-11-25,390,390,0,1.0,RF
2024-11-26,390,390,0,1.0,RF
2024-11-27,390,390,0,1.0,RF
2024-11-29,210,210,0,1.0,RF
2024-12-02,390,389,1,0.9974358974358974,RF
2024-12-03,390,389,1,0.9974358974358974,RF
2024-12-04,390,387,3,0.9923076923076923,RF
2024-12-05,390,390,0,1.0,RF
2024-12-06,390,388,2,0.9948717948717949,RF
2024-12-09,390,390,0,1.0,RF
2024-12-10,390,390,0,1.0,RF
2024-12-11,390,390,0,1.0,RF
2024-12-12,390,390,0,1.0,RF
2024-12-13,390,389,1,0.9974358974358974,RF
2024-12-16,390,390,0,1.0,RF
2024-12-17,390,390,0,1.0,RF
2024-12-18,390,390,0,1.0,RF
2024-12-19,390,390,0,1.0,RF
2024-12-20,390,390,0,1.0,RF
2024-12-23,390,390,0,1.0,RF
2024-12-24,210,210,0,1.0,RF
2024-12-26,390,390,0,1.0,RF
2024-12-27,390,390,0,1.0,RF
2024-12-30,390,390,0,1.0,RF
2024-12-31,390,390,0,1.0,RF
2025-01-02,390,390,0,1.0,RF
2025-01-03,390,388,2,0.9948717948717949,RF
2025-01-06,390,390,0,1.0,RF
2025-01-07,390,390,0,1.0,RF
2025-01-08,390,390,0,1.0,RF
2025-01-10,390,390,0,1.0,RF
2025-01-13,390,390,0,1.0,RF
2025-01-14,390,390,0,1.0,RF
2025-01-15,390,390,0,1.0,RF
2025-01-16,390,390,0,1.0,RF
2025-01-17,390,390,0,1.0,RF
2025-01-21,390,390,0,1.0,RF
2025-01-22,390,390,0,1.0,RF
2025-01-23,390,390,0,1.0,RF
2025-01-24,390,390,0,1.0,RF
2025-01-27,390,390,0,1.0,RF
2025-01-28,390,390,0,1.0,RF
2025-01-29,390,390,0,1.0,RF
2025-01-30,390,387,3,0.9923076923076923,RF
2025-01-31,390,389,1,0.9974358974358974,RF
2025-02-03,390,390,0,1.0,RF
2025-02-04,390,389,1,0.9974358974358974,RF
2025-02-05,390,388,2,0.9948717948717949,RF
2025-02-06,390,390,0,1.0,RF
2025-02-07,390,390,0,1.0,RF
2025-02-10,390,387,3,0.9923076923076923,RF
2025-02-11,390,390,0,1.0,RF
2025-02-12,390,390,0,1.0,RF
2025-02-13,390,390,0,1.0,RF
2025-02-14,390,390,0,1.0,RF
2025-02-18,390,390,0,1.0,RF
2025-02-19,390,390,0,1.0,RF
2025-02-20,390,390,0,1.0,RF
2025-02-21,390,390,0,1.0,RF
2025-02-24,390,390,0,1.0,RF
2025-02-25,390,390,0,1.0,RF
2025-02-26,390,388,2,0.9948717948717949,RF
2025-02-27,390,390,0,1.0,RF
2025-02-28,390,390,0,1.0,RF
2025-03-03,390,390,0,1.0,RF
2025-03-04,390,390,0,1.0,RF
2025-03-05,390,390,0,1.0,RF
2025-03-06,390,390,0,1.0,RF
2025-03-07,390,390,0,1.0,RF
2025-03-10,390,390,0,1.0,RF
2025-03-11,390,390,0,1.0,RF
2025-03-12,390,390,0,1.0,RF
2025-03-13,390,390,0,1.0,RF
2025-03-14,390,390,0,1.0,RF
2025-03-17,390,390,0,1.0,RF
2025-03-18,390,390,0,1.0,RF
2025-03-19,390,390,0,1.0,RF
2025-03-20,390,390,0,1.0,RF
2025-03-21,390,390,0,1.0,RF
2025-03-24,390,388,2,0.9948717948717949,RF
2025-03-25,390,390,0,1.0,RF
2025-03-26,390,390,0,1.0,RF
2025-03-27,390,390,0,1.0,RF
2025-03-28,390,390,0,1.0,RF
2025-03-31,390,390,0,1.0,RF
2025-04-01,390,389,1,0.9974358974358974,RF
2025-04-02,390,390,0,1.0,RF
2025-04-03,390,390,0,1.0,RF
2025-04-04,390,390,0,1.0,RF
2025-04-07,390,390,0,1.0,RF
2025-04-08,390,390,0,1.0,RF
2025-04-09,390,390,0,1.0,RF
2025-04-10,390,390,0,1.0,RF
2025-04-11,390,390,0,1.0,RF
2025-04-14,390,390,0,1.0,RF
2025-04-15,390,390,0,1.0,RF
2025-04-16,390,390,0,1.0,RF
2025-04-17,390,390,0,1.0,RF
2025-04-21,390,390,0,1.0,RF
2025-04-22,390,390,0,1.0,RF
2025-04-23,390,390,0,1.0,RF
2025-04-24,390,390,0,1.0,RF
2025-04-25,390,390,0,1.0,RF
2025-04-28,390,389,1,0.9974358974358974,RF
2025-04-29,390,390,0,1.0,RF
2025-04-30,390,390,0,1.0,RF
2025-05-01,390,390,0,1.0,RF
2025-05-02,390,390,0,1.0,RF
2025-05-05,390,389,1,0.9974358974358974,RF
2025-05-06,390,389,1,0.9974358974358974,RF
2025-05-07,390,390,0,1.0,RF
2025-05-08,390,389,1,0.9974358974358974,RF
2025-05-09,390,389,1,0.9974358974358974,RF
2025-05-12,390,390,0,1.0,RF
2025-05-13,390,390,0,1.0,RF
2025-05-14,390,390,0,1.0,RF
2025-05-15,390,390,0,1.0,RF
2025-05-16,390,390,0,1.0,RF
2025-05-19,390,390,0,1.0,RF
2025-05-20,390,389,1,0.9974358974358974,RF
2025-05-21,390,389,1,0.9974358974358974,RF
2025-05-22,390,390,0,1.0,RF
2025-05-23,390,390,0,1.0,RF
2025-05-27,390,389,1,0.9974358974358974,RF
2025-05-28,390,390,0,1.0,RF
2025-05-29,390,389,1,0.9974358974358974,RF
2025-05-30,390,390,0,1.0,RF
2025-06-02,390,389,1,0.9974358974358974,RF
2025-06-03,390,390,0,1.0,RF
2025-06-04,390,390,0,1.0,RF
2025-06-05,390,390,0,1.0,RF
2025-06-06,390,390,0,1.0,RF
2025-06-09,390,390,0,1.0,RF
2025-06-10,390,390,0,1.0,RF
2025-06-11,390,390,0,1.0,RF
2025-06-12,390,390,0,1.0,RF
2025-06-13,390,390,0,1.0,RF
2025-06-16,390,390,0,1.0,RF
2025-06-17,390,389,1,0.9974358974358974,RF
2025-06-18,390,390,0,1.0,RF
2025-06-20,390,390,0,1.0,RF
2025-06-23,390,389,1,0.9974358974358974,RF
2025-06-24,390,390,0,1.0,RF
2025-06-25,390,389,1,0.9974358974358974,RF
2025-06-26,390,389,1,0.9974358974358974,RF
2025-06-27,390,390,0,1.0,RF
2025-06-30,390,385,5,0.9871794871794872,RF
2025-07-01,390,390,0,1.0,RF
2025-07-02,390,390,0,1.0,RF
2025-07-03,210,210,0,1.0,RF
2025-07-07,390,390,0,1.0,RF
2025-07-08,390,390,0,1.0,RF
2025-07-09,390,390,0,1.0,RF
2025-07-10,390,387,3,0.9923076923076923,RF
2025-07-11,390,390,0,1.0,RF
2025-07-14,390,390,0,1.0,RF
2025-07-15,390,390,0,1.0,RF
2025-07-16,390,390,0,1.0,RF
2025-07-17,390,390,0,1.0,RF
2025-07-18,390,390,0,1.0,RF
2025-07-21,390,390,0,1.0,RF
2025-07-22,390,390,0,1.0,RF
2025-07-23,390,390,0,1.0,RF
2025-07-24,390,390,0,1.0,RF
2025-07-25,390,390,0,1.0,RF
2025-07-28,390,390,0,1.0,RF
2025-07-29,390,390,0,1.0,RF
2025-07-30,390,390,0,1.0,RF
2025-07-31,390,390,0,1.0,RF
2025-08-01,390,390,0,1.0,RF
2025-08-04,390,390,0,1.0,RF
2025-08-05,390,390,0,1.0,RF
2025-08-06,390,388,2,0.9948717948717949,RF
2025-08-07,390,390,0,1.0,RF
2025-08-08,390,390,0,1.0,RF
2025-08-11,390,390,0,1.0,RF
2025-08-12,390,390,0,1.0,RF
2025-08-13,390,390,0,1.0,RF
2025-08-14,390,390,0,1.0,RF
2025-08-15,390,390,0,1.0,RF
2025-08-18,390,385,5,0.9871794871794872,RF
2025-08-19,390,390,0,1.0,RF
2025-08-20,390,390,0,1.0,RF
2025-08-21,390,390,0,1.0,RF
2025-08-22,390,390,0,1.0,RF
2025-08-25,390,390,0,1.0,RF
2025-08-26,390,390,0,1.0,RF
2025-08-27,390,390,0,1.0,RF
2025-08-28,390,390,0,1.0,RF
2025-08-29,390,389,1,0.9974358974358974,RF
2025-09-02,390,390,0,1.0,RF
2025-09-03,390,390,0,1.0,RF
2025-09-04,390,390,0,1.0,RF
2025-09-05,390,390,0,1.0,RF
2025-09-08,390,390,0,1.0,RF
2025-09-09,390,390,0,1.0,RF
2025-09-10,390,390,0,1.0,RF
2025-09-11,390,390,0,1.0,RF
2025-09-12,390,390,0,1.0,RF
2025-09-15,390,390,0,1.0,RF
2025-09-16,390,390,0,1.0,RF
2025-09-17,390,390,0,1.0,RF
2025-09-18,390,390,0,1.0,RF
2025-09-19,390,390,0,1.0,RF
2025-09-22,390,390,0,1.0,RF
2025-09-23,390,390,0,1.0,RF
2025-09-24,390,390,0,1.0,RF
2025-09-25,390,390,0,1.0,RF
2025-09-26,390,390,0,1.0,RF
2025-09-29,390,390,0,1.0,RF
2025-09-30,390,390,0,1.0,RF
2025-10-01,390,390,0,1.0,RF
2025-10-02,390,390,0,1.0,RF
2025-10-03,390,390,0,1.0,RF
2025-10-06,390,390,0,1.0,RF
2025-10-07,390,390,0,1.0,RF
2025-10-08,390,390,0,1.0,RF
2025-10-09,390,390,0,1.0,RF
2025-10-10,390,390,0,1.0,RF
2025-10-13,390,390,0,1.0,RF
2025-10-14,390,390,0,1.0,RF
2025-10-15,390,390,0,1.0,RF
2025-10-16,390,390,0,1.0,RF
2025-10-17,390,390,0,1.0,RF
2025-10-20,390,390,0,1.0,RF
2025-10-21,390,390,0,1.0,RF
2025-10-22,390,390,0,1.0,RF
2025-10-23,390,390,0,1.0,RF
2025-10-24,390,390,0,1.0,RF
2025-10-27,390,390,0,1.0,RF
2025-10-28,390,390,0,1.0,RF
2025-10-29,390,390,0,1.0,RF
2025-10-30,390,390,0,1.0,RF
2025-10-31,390,390,0,1.0,RF
2025-11-03,390,390,0,1.0,RF
2025-11-04,390,390,0,1.0,RF
2025-11-05,390,390,0,1.0,RF
2025-11-06,390,390,0,1.0,RF
2025-11-07,390,390,0,1.0,RF
2025-11-10,390,390,0,1.0,RF
2025-11-11,390,390,0,1.0,RF
2025-11-12,390,390,0,1.0,RF
2025-11-13,390,390,0,1.0,RF
2025-11-14,390,390,0,1.0,RF
2025-11-17,390,390,0,1.0,RF
2025-11-18,390,390,0,1.0,RF
2025-11-19,390,390,0,1.0,RF
2025-11-20,390,390,0,1.0,RF
2025-11-21,390,390,0,1.0,RF
2025-11-24,390,390,0,1.0,RF
2025-11-25,390,390,0,1.0,RF
2025-11-26,390,390,0,1.0,RF
2025-11-28,210,210,0,1.0,RF
2025-12-01,390,390,0,1.0,RF
2025-12-02,390,390,0,1.0,RF
2025-12-03,390,390,0,1.0,RF
2025-12-04,390,390,0,1.0,RF
2025-12-05,390,390,0,1.0,RF
2025-12-08,390,390,0,1.0,RF
2025-12-09,390,390,0,1.0,RF
2025-12-10,390,390,0,1.0,RF
2025-12-11,390,390,0,1.0,RF
2025-12-12,390,390,0,1.0,RF
2025-12-15,390,390,0,1.0,RF
2025-12-16,390,390,0,1.0,RF
2025-12-17,390,390,0,1.0,RF
2025-12-18,390,390,0,1.0,RF
2025-12-19,390,390,0,1.0,RF
2025-12-22,390,389,1,0.9974358974358974,RF
2025-12-23,390,387,3,0.9923076923076923,RF
2025-12-24,210,210,0,1.0,RF
2025-12-26,390,386,4,0.9897435897435898,RF
2025-12-29,390,390,0,1.0,RF
2025-12-30,390,387,3,0.9923076923076923,RF
2025-12-31,390,388,2,0.9948717948717949,RF
2026-01-02,390,390,0,1.0,RF
2026-01-05,390,390,0,1.0,RF
2026-01-06,390,390,0,1.0,RF
2026-01-07,390,390,0,1.0,RF
2026-01-08,390,390,0,1.0,RF
2026-01-09,390,390,0,1.0,RF
2026-01-12,390,390,0,1.0,RF
2026-01-13,390,390,0,1.0,RF
2026-01-14,390,390,0,1.0,RF
2026-01-15,390,390,0,1.0,RF
2026-01-16,390,390,0,1.0,RF
2026-01-20,390,390,0,1.0,RF
2026-01-21,390,390,0,1.0,RF
2026-01-22,390,390,0,1.0,RF
2026-01-23,390,390,0,1.0,RF
2026-01-26,390,390,0,1.0,RF
2026-01-27,390,390,0,1.0,RF
2026-01-28,390,390,0,1.0,RF
2026-01-29,390,390,0,1.0,RF
2026-01-30,390,390,0,1.0,RF
2026-02-02,390,390,0,1.0,RF
2026-02-03,390,390,0,1.0,RF
2026-02-04,390,390,0,1.0,RF
2026-02-05,390,390,0,1.0,RF
2026-02-06,390,390,0,1.0,RF
2026-02-09,390,390,0,1.0,RF
2026-02-10,390,390,0,1.0,RF
2026-02-11,390,390,0,1.0,RF
2026-02-12,390,390,0,1.0,RF
2026-02-13,390,390,0,1.0,RF
2026-02-17,390,390,0,1.0,RF
2026-02-18,390,390,0,1.0,RF
2026-02-19,390,390,0,1.0,RF
2026-02-20,390,390,0,1.0,RF
2026-02-23,390,390,0,1.0,RF
2026-02-24,390,390,0,1.0,RF
2026-02-25,390,390,0,1.0,RF
2026-02-26,390,390,0,1.0,RF
2026-02-27,390,390,0,1.0,RF
2026-03-02,390,390,0,1.0,RF
2026-03-03,390,390,0,1.0,RF
2026-03-04,390,390,0,1.0,RF
2026-03-05,390,390,0,1.0,RF
2026-03-06,390,390,0,1.0,RF
2026-03-09,390,390,0,1.0,RF
2026-03-10,390,390,0,1.0,RF
2026-03-11,390,390,0,1.0,RF
2026-03-12,390,390,0,1.0,RF
2026-03-13,390,390,0,1.0,RF
2026-03-16,390,390,0,1.0,RF
2026-03-17,390,390,0,1.0,RF
2026-03-18,390,390,0,1.0,RF
2026-03-19,390,390,0,1.0,RF
2026-03-20,390,390,0,1.0,RF
2026-03-23,390,390,0,1.0,RF
2026-03-24,390,390,0,1.0,RF
2026-03-25,390,390,0,1.0,RF
2026-03-26,390,390,0,1.0,RF
2026-03-27,390,390,0,1.0,RF
2026-03-30,390,390,0,1.0,RF
2026-03-31,390,390,0,1.0,RF
2026-04-01,390,390,0,1.0,RF
2026-04-02,390,390,0,1.0,RF
2026-04-06,390,390,0,1.0,RF
2026-04-07,390,389,1,0.9974358974358974,RF
2026-04-08,390,390,0,1.0,RF
2026-04-09,390,390,0,1.0,RF
2026-04-10,390,390,0,1.0,RF
2026-04-13,390,390,0,1.0,RF
2026-04-14,390,390,0,1.0,RF
2026-04-15,390,390,0,1.0,RF
2026-04-16,390,390,0,1.0,RF
2026-04-17,390,390,0,1.0,RF
2026-04-20,390,390,0,1.0,RF
2026-04-21,390,390,0,1.0,RF
2026-04-22,390,390,0,1.0,RF
2026-04-23,390,389,1,0.9974358974358974,RF
2026-04-24,390,389,1,0.9974358974358974,RF
2026-04-27,390,390,0,1.0,RF
2026-04-28,390,390,0,1.0,RF
2026-04-29,390,390,0,1.0,RF
2026-04-30,390,390,0,1.0,RF
2026-05-01,390,390,0,1.0,RF
2026-05-04,390,390,0,1.0,RF
2026-05-05,390,390,0,1.0,RF
2026-05-06,390,390,0,1.0,RF
2026-05-07,390,390,0,1.0,RF
2026-05-08,390,390,0,1.0,RF
2026-05-11,390,390,0,1.0,RF
2026-05-12,390,390,0,1.0,RF
2026-05-13,390,390,0,1.0,RF
2026-05-14,390,390,0,1.0,RF
2026-05-15,390,390,0,1.0,RF
2026-05-18,390,389,1,0.9974358974358974,RF
2026-05-19,390,390,0,1.0,RF
2026-05-20,390,390,0,1.0,RF
2026-05-21,390,390,0,1.0,RF
2026-05-22,390,390,0,1.0,RF
2026-05-26,390,390,0,1.0,RF
2026-05-27,390,390,0,1.0,RF
2026-05-28,390,390,0,1.0,RF
2026-05-29,390,390,0,1.0,RF
2026-06-01,390,390,0,1.0,RF
2026-06-02,390,390,0,1.0,RF
2026-06-03,390,390,0,1.0,RF
2026-06-04,390,390,0,1.0,RF
2026-06-05,390,390,0,1.0,RF
2026-06-08,390,390,0,1.0,RF
2026-06-09,390,390,0,1.0,RF
2026-06-10,390,390,0,1.0,RF
2026-06-11,390,390,0,1.0,RF
2026-06-12,390,390,0,1.0,RF
2026-06-15,390,389,1,0.9974358974358974,RF
2026-06-16,390,390,0,1.0,RF
2026-06-17,390,390,0,1.0,RF
2026-06-18,390,390,0,1.0,RF
2026-06-22,390,390,0,1.0,RF
2026-06-23,390,390,0,1.0,RF
2026-06-24,390,390,0,1.0,RF
2026-06-25,390,390,0,1.0,RF
2026-06-26,390,390,0,1.0,RF
2026-06-29,390,390,0,1.0,RF
2026-06-30,390,390,0,1.0,RF
2026-07-01,390,390,0,1.0,RF
2026-07-02,390,390,0,1.0,RF
2026-07-06,390,390,0,1.0,RF
2026-07-07,390,390,0,1.0,RF
2026-07-08,390,390,0,1.0,RF
2026-07-09,390,390,0,1.0,RF
2026-07-10,390,390,0,1.0,RF
2026-07-13,390,390,0,1.0,RF
2026-07-14,390,390,0,1.0,RF
2026-07-15,390,390,0,1.0,RF
2026-07-16,390,390,0,1.0,RF
2026-07-17,390,390,0,1.0,RF
2026-07-20,390,390,0,1.0,RF
2026-07-21,390,390,0,1.0,RF
2026-07-22,390,390,0,1.0,RF
2026-07-23,390,390,0,1.0,RF
2026-07-24,390,390,0,1.0,RF
2026-07-27,390,390,0,1.0,RF
2026-07-28,390,390,0,1.0,RF
2026-07-29,390,390,0,1.0,RF
2026-07-30,390,390,0,1.0,RF
2026-07-31,390,389,1,0.9974358974358974,RF
2026-08-03,390,390,0,1.0,RF
2026-08-04,390,390,0,1.0,RF
2026-08-05,390,390,0,1.0,RF
2026-08-06,390,390,0,1.0,RF
2026-08-07,390,389,1,0.9974358974358974,RF
2026-08-10,390,390,0,1.0,RF
2026-08-11,390,390,0,1.0,RF
2026-08-12,390,389,1,0.9974358974358974,RF
2026-08-13,390,390,0,1.0,RF
2026-08-14,390,390,0,1.0,RF
2026-08-17,390,390,0,1.0,RF
2026-08-18,390,390,0,1.0,RF
2026-08-19,390,390,0,1.0,RF
2026-08-20,390,390,0,1.0,RF
2026-08-21,390,390,0,1.0,RF
2026-08-24,390,390,0,1.0,RF
2026-08-25,390,389,1,0.9974358974358974,RF
2026-08-26,390,390,0,1.0,RF
2026-08-27,390,390,0,1.0,RF
2026-08-28,390,390,0,1.0,RF
2026-08-31,390,390,0,1.0,RF
2026-09-01,390,390,0,1.0,RF
2026-09-02,390,390,0,1.0,RF
2026-09-03,390,390,0,1.0,RF
2026-09-04,390,389,1,0.9974358974358974,RF
2026-09-08,390,390,0,1.0,RF
2026-09-09,390,390,0,1.0,RF
2023-01-03,390,390,0,1.0,SCHW
2023-01-04,390,390,0,1.0,SCHW
2023-01-05,390,390,0,1.0,SCHW
2023-01-06,390,390,0,1.0,SCHW
2023-01-09,390,390,0,1.0,SCHW
2023-01-10,390,390,0,1.0,SCHW
2023-01-11,390,390,0,1.0,SCHW
2023-01-12,390,390,0,1.0,SCHW
2023-01-13,390,390,0,1.0,SCHW
2023-01-17,390,390,0,1.0,SCHW
2023-01-18,390,390,0,1.0,SCHW
2023-01-19,390,390,0,1.0,SCHW
2023-01-20,390,390,0,1.0,SCHW
2023-01-23,390,390,0,1.0,SCHW
2023-01-24,390,390,0,1.0,SCHW
2023-01-25,390,390,0,1.0,SCHW
2023-01-26,390,390,0,1.0,SCHW
2023-01-27,390,390,0,1.0,SCHW
2023-01-30,390,390,0,1.0,SCHW
2023-01-31,390,390,0,1.0,SCHW
2023-02-01,390,390,0,1.0,SCHW
2023-02-02,390,390,0,1.0,SCHW
2023-02-03,390,390,0,1.0,SCHW
2023-02-06,390,390,0,1.0,SCHW
2023-02-07,390,390,0,1.0,SCHW
2023-02-08,390,390,0,1.0,SCHW
2023-02-09,390,390,0,1.0,SCHW
2023-02-10,390,390,0,1.0,SCHW
2023-02-13,390,390,0,1.0,SCHW
2023-02-14,390,390,0,1.0,SCHW
2023-02-15,390,390,0,1.0,SCHW
2023-02-16,390,390,0,1.0,SCHW
2023-02-17,390,390,0,1.0,SCHW
2023-02-21,390,389,1,0.9974358974358974,SCHW
2023-02-22,390,390,0,1.0,SCHW
2023-02-23,390,390,0,1.0,SCHW
2023-02-24,390,390,0,1.0,SCHW
2023-02-27,390,390,0,1.0,SCHW
2023-02-28,390,390,0,1.0,SCHW
2023-03-01,390,390,0,1.0,SCHW
2023-03-02,390,390,0,1.0,SCHW
2023-03-03,390,390,0,1.0,SCHW
2023-03-06,390,390,0,1.0,SCHW
2023-03-07,390,390,0,1.0,SCHW
2023-03-08,390,390,0,1.0,SCHW
2023-03-09,390,390,0,1.0,SCHW
2023-03-10,390,390,0,1.0,SCHW
2023-03-13,390,378,12,0.9692307692307692,SCHW
2023-03-14,390,390,0,1.0,SCHW
2023-03-15,390,390,0,1.0,SCHW
2023-03-16,390,390,0,1.0,SCHW
2023-03-17,390,390,0,1.0,SCHW
2023-03-20,390,390,0,1.0,SCHW
2023-03-21,390,390,0,1.0,SCHW
2023-03-22,390,390,0,1.0,SCHW
2023-03-23,390,390,0,1.0,SCHW
2023-03-24,390,390,0,1.0,SCHW
2023-03-27,390,390,0,1.0,SCHW
2023-03-28,390,390,0,1.0,SCHW
2023-03-29,390,390,0,1.0,SCHW
2023-03-30,390,390,0,1.0,SCHW
2023-03-31,390,390,0,1.0,SCHW
2023-04-03,390,390,0,1.0,SCHW
2023-04-04,390,390,0,1.0,SCHW
2023-04-05,390,390,0,1.0,SCHW
2023-04-06,390,390,0,1.0,SCHW
2023-04-10,390,390,0,1.0,SCHW
2023-04-11,390,390,0,1.0,SCHW
2023-04-12,390,390,0,1.0,SCHW
2023-04-13,390,390,0,1.0,SCHW
2023-04-14,390,390,0,1.0,SCHW
2023-04-17,390,390,0,1.0,SCHW
2023-04-18,390,390,0,1.0,SCHW
2023-04-19,390,390,0,1.0,SCHW
2023-04-20,390,390,0,1.0,SCHW
2023-04-21,390,390,0,1.0,SCHW
2023-04-24,390,390,0,1.0,SCHW
2023-04-25,390,390,0,1.0,SCHW
2023-04-26,390,390,0,1.0,SCHW
2023-04-27,390,390,0,1.0,SCHW
2023-04-28,390,390,0,1.0,SCHW
2023-05-01,390,390,0,1.0,SCHW
2023-05-02,390,390,0,1.0,SCHW
2023-05-03,390,390,0,1.0,SCHW
2023-05-04,390,390,0,1.0,SCHW
2023-05-05,390,390,0,1.0,SCHW
2023-05-08,390,390,0,1.0,SCHW
2023-05-09,390,390,0,1.0,SCHW
2023-05-10,390,390,0,1.0,SCHW
2023-05-11,390,390,0,1.0,SCHW
2023-05-12,390,390,0,1.0,SCHW
2023-05-15,390,390,0,1.0,SCHW
2023-05-16,390,390,0,1.0,SCHW
2023-05-17,390,390,0,1.0,SCHW
2023-05-18,390,390,0,1.0,SCHW
2023-05-19,390,390,0,1.0,SCHW
2023-05-22,390,390,0,1.0,SCHW
2023-05-23,390,390,0,1.0,SCHW
2023-05-24,390,390,0,1.0,SCHW
2023-05-25,390,390,0,1.0,SCHW
2023-05-26,390,390,0,1.0,SCHW
2023-05-30,390,390,0,1.0,SCHW
2023-05-31,390,390,0,1.0,SCHW
2023-06-01,390,390,0,1.0,SCHW
2023-06-02,390,390,0,1.0,SCHW
2023-06-05,390,386,4,0.9897435897435898,SCHW
2023-06-06,390,390,0,1.0,SCHW
2023-06-07,390,390,0,1.0,SCHW
2023-06-08,390,390,0,1.0,SCHW
2023-06-09,390,390,0,1.0,SCHW
2023-06-12,390,390,0,1.0,SCHW
2023-06-13,390,390,0,1.0,SCHW
2023-06-14,390,390,0,1.0,SCHW
2023-06-15,390,390,0,1.0,SCHW
2023-06-16,390,390,0,1.0,SCHW
2023-06-20,390,390,0,1.0,SCHW
2023-06-21,390,390,0,1.0,SCHW
2023-06-22,390,390,0,1.0,SCHW
2023-06-23,390,390,0,1.0,SCHW
2023-06-26,390,390,0,1.0,SCHW
2023-06-27,390,390,0,1.0,SCHW
2023-06-28,390,390,0,1.0,SCHW
2023-06-29,390,390,0,1.0,SCHW
2023-06-30,390,390,0,1.0,SCHW
2023-07-03,210,210,0,1.0,SCHW
2023-07-05,390,390,0,1.0,SCHW
2023-07-06,390,390,0,1.0,SCHW
2023-07-07,390,390,0,1.0,SCHW
2023-07-10,390,390,0,1.0,SCHW
2023-07-11,390,390,0,1.0,SCHW
2023-07-12,390,390,0,1.0,SCHW
2023-07-13,390,390,0,1.0,SCHW
2023-07-14,390,390,0,1.0,SCHW
2023-07-17,390,390,0,1.0,SCHW
2023-07-18,390,390,0,1.0,SCHW
2023-07-19,390,390,0,1.0,SCHW
2023-07-20,390,390,0,1.0,SCHW
2023-07-21,390,390,0,1.0,SCHW
2023-07-24,390,390,0,1.0,SCHW
2023-07-25,390,390,0,1.0,SCHW
2023-07-26,390,390,0,1.0,SCHW
2023-07-27,390,390,0,1.0,SCHW
2023-07-28,390,390,0,1.0,SCHW
2023-07-31,390,390,0,1.0,SCHW
2023-08-01,390,390,0,1.0,SCHW
2023-08-02,390,390,0,1.0,SCHW
2023-08-03,390,390,0,1.0,SCHW
2023-08-04,390,390,0,1.0,SCHW
2023-08-07,390,390,0,1.0,SCHW
2023-08-08,390,390,0,1.0,SCHW
2023-08-09,390,390,0,1.0,SCHW
2023-08-10,390,390,0,1.0,SCHW
2023-08-11,390,390,0,1.0,SCHW
2023-08-14,390,390,0,1.0,SCHW
2023-08-15,390,390,0,1.0,SCHW
2023-08-16,390,390,0,1.0,SCHW
2023-08-17,390,390,0,1.0,SCHW
2023-08-18,390,390,0,1.0,SCHW
2023-08-21,390,390,0,1.0,SCHW
2023-08-22,390,390,0,1.0,SCHW
2023-08-23,390,390,0,1.0,SCHW
2023-08-24,390,390,0,1.0,SCHW
2023-08-25,390,390,0,1.0,SCHW
2023-08-28,390,390,0,1.0,SCHW
2023-08-29,390,390,0,1.0,SCHW
2023-08-30,390,390,0,1.0,SCHW
2023-08-31,390,390,0,1.0,SCHW
2023-09-01,390,390,0,1.0,SCHW
2023-09-05,390,390,0,1.0,SCHW
2023-09-06,390,390,0,1.0,SCHW
2023-09-07,390,390,0,1.0,SCHW
2023-09-08,390,390,0,1.0,SCHW
2023-09-11,390,390,0,1.0,SCHW
2023-09-12,390,390,0,1.0,SCHW
2023-09-13,390,390,0,1.0,SCHW
2023-09-14,390,390,0,1.0,SCHW
2023-09-15,390,390,0,1.0,SCHW
2023-09-18,390,390,0,1.0,SCHW
2023-09-19,390,390,0,1.0,SCHW
2023-09-20,390,390,0,1.0,SCHW
2023-09-21,390,390,0,1.0,SCHW
2023-09-22,390,390,0,1.0,SCHW
2023-09-25,390,390,0,1.0,SCHW
2023-09-26,390,390,0,1.0,SCHW
2023-09-27,390,390,0,1.0,SCHW
2023-09-28,390,390,0,1.0,SCHW
2023-09-29,390,390,0,1.0,SCHW
2023-10-02,390,390,0,1.0,SCHW
2023-10-03,390,390,0,1.0,SCHW
2023-10-04,390,390,0,1.0,SCHW
2023-10-05,390,390,0,1.0,SCHW
2023-10-06,390,390,0,1.0,SCHW
2023-10-09,390,390,0,1.0,SCHW
2023-10-10,390,390,0,1.0,SCHW
2023-10-11,390,390,0,1.0,SCHW
2023-10-12,390,390,0,1.0,SCHW
2023-10-13,390,390,0,1.0,SCHW
2023-10-16,390,390,0,1.0,SCHW
2023-10-17,390,390,0,1.0,SCHW
2023-10-18,390,390,0,1.0,SCHW
2023-10-19,390,390,0,1.0,SCHW
2023-10-20,390,390,0,1.0,SCHW
2023-10-23,390,390,0,1.0,SCHW
2023-10-24,390,390,0,1.0,SCHW
2023-10-25,390,390,0,1.0,SCHW
2023-10-26,390,390,0,1.0,SCHW
2023-10-27,390,390,0,1.0,SCHW
2023-10-30,390,390,0,1.0,SCHW
2023-10-31,390,390,0,1.0,SCHW
2023-11-01,390,390,0,1.0,SCHW
2023-11-02,390,390,0,1.0,SCHW
2023-11-03,390,390,0,1.0,SCHW
2023-11-06,390,390,0,1.0,SCHW
2023-11-07,390,390,0,1.0,SCHW
2023-11-08,390,390,0,1.0,SCHW
2023-11-09,390,390,0,1.0,SCHW
2023-11-10,390,390,0,1.0,SCHW
2023-11-13,390,390,0,1.0,SCHW
2023-11-14,390,390,0,1.0,SCHW
2023-11-15,390,390,0,1.0,SCHW
2023-11-16,390,390,0,1.0,SCHW
2023-11-17,390,390,0,1.0,SCHW
2023-11-20,390,390,0,1.0,SCHW
2023-11-21,390,390,0,1.0,SCHW
2023-11-22,390,390,0,1.0,SCHW
2023-11-24,210,210,0,1.0,SCHW
2023-11-27,390,390,0,1.0,SCHW
2023-11-28,390,390,0,1.0,SCHW
2023-11-29,390,390,0,1.0,SCHW
2023-11-30,390,390,0,1.0,SCHW
2023-12-01,390,390,0,1.0,SCHW
2023-12-04,390,390,0,1.0,SCHW
2023-12-05,390,390,0,1.0,SCHW
2023-12-06,390,390,0,1.0,SCHW
2023-12-07,390,390,0,1.0,SCHW
2023-12-08,390,390,0,1.0,SCHW
2023-12-11,390,390,0,1.0,SCHW
2023-12-12,390,390,0,1.0,SCHW
2023-12-13,390,390,0,1.0,SCHW
2023-12-14,390,390,0,1.0,SCHW
2023-12-15,390,390,0,1.0,SCHW
2023-12-18,390,390,0,1.0,SCHW
2023-12-19,390,390,0,1.0,SCHW
2023-12-20,390,390,0,1.0,SCHW
2023-12-21,390,390,0,1.0,SCHW
2023-12-22,390,390,0,1.0,SCHW
2023-12-26,390,389,1,0.9974358974358974,SCHW
2023-12-27,390,390,0,1.0,SCHW
2023-12-28,390,390,0,1.0,SCHW
2023-12-29,390,390,0,1.0,SCHW
2024-01-02,390,390,0,1.0,SCHW
2024-01-03,390,390,0,1.0,SCHW
2024-01-04,390,390,0,1.0,SCHW
2024-01-05,390,389,1,0.9974358974358974,SCHW
2024-01-08,390,390,0,1.0,SCHW
2024-01-09,390,390,0,1.0,SCHW
2024-01-10,390,390,0,1.0,SCHW
2024-01-11,390,390,0,1.0,SCHW
2024-01-12,390,390,0,1.0,SCHW
2024-01-16,390,390,0,1.0,SCHW
2024-01-17,390,390,0,1.0,SCHW
2024-01-18,390,390,0,1.0,SCHW
2024-01-19,390,390,0,1.0,SCHW
2024-01-22,390,390,0,1.0,SCHW
2024-01-23,390,390,0,1.0,SCHW
2024-01-24,390,390,0,1.0,SCHW
2024-01-25,390,390,0,1.0,SCHW
2024-01-26,390,390,0,1.0,SCHW
2024-01-29,390,390,0,1.0,SCHW
2024-01-30,390,390,0,1.0,SCHW
2024-01-31,390,390,0,1.0,SCHW
2024-02-01,390,390,0,1.0,SCHW
2024-02-02,390,390,0,1.0,SCHW
2024-02-05,390,390,0,1.0,SCHW
2024-02-06,390,390,0,1.0,SCHW
2024-02-07,390,390,0,1.0,SCHW
2024-02-08,390,390,0,1.0,SCHW
2024-02-09,390,390,0,1.0,SCHW
2024-02-12,390,390,0,1.0,SCHW
2024-02-13,390,390,0,1.0,SCHW
2024-02-14,390,390,0,1.0,SCHW
2024-02-15,390,390,0,1.0,SCHW
2024-02-16,390,390,0,1.0,SCHW
2024-02-20,390,390,0,1.0,SCHW
2024-02-21,390,390,0,1.0,SCHW
2024-02-22,390,390,0,1.0,SCHW
2024-02-23,390,390,0,1.0,SCHW
2024-02-26,390,390,0,1.0,SCHW
2024-02-27,390,390,0,1.0,SCHW
2024-02-28,390,390,0,1.0,SCHW
2024-02-29,390,390,0,1.0,SCHW
2024-03-01,390,390,0,1.0,SCHW
2024-03-04,390,390,0,1.0,SCHW
2024-03-05,390,390,0,1.0,SCHW
2024-03-06,390,390,0,1.0,SCHW
2024-03-07,390,390,0,1.0,SCHW
2024-03-08,390,390,0,1.0,SCHW
2024-03-11,390,390,0,1.0,SCHW
2024-03-12,390,390,0,1.0,SCHW
2024-03-13,390,390,0,1.0,SCHW
2024-03-14,390,390,0,1.0,SCHW
2024-03-15,390,390,0,1.0,SCHW
2024-03-18,390,390,0,1.0,SCHW
2024-03-19,390,390,0,1.0,SCHW
2024-03-20,390,390,0,1.0,SCHW
2024-03-21,390,390,0,1.0,SCHW
2024-03-22,390,390,0,1.0,SCHW
2024-03-25,390,390,0,1.0,SCHW
2024-03-26,390,390,0,1.0,SCHW
2024-03-27,390,390,0,1.0,SCHW
2024-03-28,390,390,0,1.0,SCHW
2024-04-01,390,390,0,1.0,SCHW
2024-04-02,390,390,0,1.0,SCHW
2024-04-03,390,390,0,1.0,SCHW
2024-04-04,390,390,0,1.0,SCHW
2024-04-05,390,390,0,1.0,SCHW
2024-04-08,390,390,0,1.0,SCHW
2024-04-09,390,390,0,1.0,SCHW
2024-04-10,390,390,0,1.0,SCHW
2024-04-11,390,390,0,1.0,SCHW
2024-04-12,390,390,0,1.0,SCHW
2024-04-15,390,390,0,1.0,SCHW
2024-04-16,390,390,0,1.0,SCHW
2024-04-17,390,390,0,1.0,SCHW
2024-04-18,390,390,0,1.0,SCHW
2024-04-19,390,390,0,1.0,SCHW
2024-04-22,390,390,0,1.0,SCHW
2024-04-23,390,390,0,1.0,SCHW
2024-04-24,390,390,0,1.0,SCHW
2024-04-25,390,390,0,1.0,SCHW
2024-04-26,390,390,0,1.0,SCHW
2024-04-29,390,390,0,1.0,SCHW
2024-04-30,390,390,0,1.0,SCHW
2024-05-01,390,390,0,1.0,SCHW
2024-05-02,390,390,0,1.0,SCHW
2024-05-03,390,390,0,1.0,SCHW
2024-05-06,390,390,0,1.0,SCHW
2024-05-07,390,390,0,1.0,SCHW
2024-05-08,390,390,0,1.0,SCHW
2024-05-09,390,390,0,1.0,SCHW
2024-05-10,390,390,0,1.0,SCHW
2024-05-13,390,390,0,1.0,SCHW
2024-05-14,390,390,0,1.0,SCHW
2024-05-15,390,390,0,1.0,SCHW
2024-05-16,390,390,0,1.0,SCHW
2024-05-17,390,390,0,1.0,SCHW
2024-05-20,390,390,0,1.0,SCHW
2024-05-21,390,390,0,1.0,SCHW
2024-05-22,390,390,0,1.0,SCHW
2024-05-23,390,390,0,1.0,SCHW
2024-05-24,390,390,0,1.0,SCHW
2024-05-28,390,390,0,1.0,SCHW
2024-05-29,390,390,0,1.0,SCHW
2024-05-30,390,390,0,1.0,SCHW
2024-05-31,390,390,0,1.0,SCHW
2024-06-03,390,390,0,1.0,SCHW
2024-06-04,390,390,0,1.0,SCHW
2024-06-05,390,390,0,1.0,SCHW
2024-06-06,390,390,0,1.0,SCHW
2024-06-07,390,390,0,1.0,SCHW
2024-06-10,390,390,0,1.0,SCHW
2024-06-11,390,390,0,1.0,SCHW
2024-06-12,390,390,0,1.0,SCHW
2024-06-13,390,390,0,1.0,SCHW
2024-06-14,390,390,0,1.0,SCHW
2024-06-17,390,390,0,1.0,SCHW
2024-06-18,390,390,0,1.0,SCHW
2024-06-20,390,390,0,1.0,SCHW
2024-06-21,390,389,1,0.9974358974358974,SCHW
2024-06-24,390,390,0,1.0,SCHW
2024-06-25,390,390,0,1.0,SCHW
2024-06-26,390,390,0,1.0,SCHW
2024-06-27,390,390,0,1.0,SCHW
2024-06-28,390,390,0,1.0,SCHW
2024-07-01,390,390,0,1.0,SCHW
2024-07-02,390,388,2,0.9948717948717949,SCHW
2024-07-03,210,210,0,1.0,SCHW
2024-07-05,390,390,0,1.0,SCHW
2024-07-08,390,390,0,1.0,SCHW
2024-07-09,390,390,0,1.0,SCHW
2024-07-10,390,390,0,1.0,SCHW
2024-07-11,390,390,0,1.0,SCHW
2024-07-12,390,390,0,1.0,SCHW
2024-07-15,390,390,0,1.0,SCHW
2024-07-16,390,390,0,1.0,SCHW
2024-07-17,390,390,0,1.0,SCHW
2024-07-18,390,390,0,1.0,SCHW
2024-07-19,390,390,0,1.0,SCHW
2024-07-22,390,390,0,1.0,SCHW
2024-07-23,390,390,0,1.0,SCHW
2024-07-24,390,390,0,1.0,SCHW
2024-07-25,390,390,0,1.0,SCHW
2024-07-26,390,390,0,1.0,SCHW
2024-07-29,390,390,0,1.0,SCHW
2024-07-30,390,390,0,1.0,SCHW
2024-07-31,390,390,0,1.0,SCHW
2024-08-01,390,390,0,1.0,SCHW
2024-08-02,390,390,0,1.0,SCHW
2024-08-05,390,390,0,1.0,SCHW
2024-08-06,390,390,0,1.0,SCHW
2024-08-07,390,390,0,1.0,SCHW
2024-08-08,390,390,0,1.0,SCHW
2024-08-09,390,390,0,1.0,SCHW
2024-08-12,390,390,0,1.0,SCHW
2024-08-13,390,390,0,1.0,SCHW
2024-08-14,390,390,0,1.0,SCHW
2024-08-15,390,390,0,1.0,SCHW
2024-08-16,390,390,0,1.0,SCHW
2024-08-19,390,390,0,1.0,SCHW
2024-08-20,390,390,0,1.0,SCHW
2024-08-21,390,390,0,1.0,SCHW
2024-08-22,390,390,0,1.0,SCHW
2024-08-23,390,390,0,1.0,SCHW
2024-08-26,390,390,0,1.0,SCHW
2024-08-27,390,390,0,1.0,SCHW
2024-08-28,390,390,0,1.0,SCHW
2024-08-29,390,390,0,1.0,SCHW
2024-08-30,390,390,0,1.0,SCHW
2024-09-03,390,390,0,1.0,SCHW
2024-09-04,390,390,0,1.0,SCHW
2024-09-05,390,390,0,1.0,SCHW
2024-09-06,390,390,0,1.0,SCHW
2024-09-09,390,390,0,1.0,SCHW
2024-09-10,390,390,0,1.0,SCHW
2024-09-11,390,390,0,1.0,SCHW
2024-09-12,390,390,0,1.0,SCHW
2024-09-13,390,390,0,1.0,SCHW
2024-09-16,390,390,0,1.0,SCHW
2024-09-17,390,390,0,1.0,SCHW
2024-09-18,390,390,0,1.0,SCHW
2024-09-19,390,390,0,1.0,SCHW
2024-09-20,390,390,0,1.0,SCHW
2024-09-23,390,390,0,1.0,SCHW
2024-09-24,390,390,0,1.0,SCHW
2024-09-25,390,390,0,1.0,SCHW
2024-09-26,390,390,0,1.0,SCHW
2024-09-27,390,390,0,1.0,SCHW
2024-09-30,390,390,0,1.0,SCHW
2024-10-01,390,390,0,1.0,SCHW
2024-10-02,390,390,0,1.0,SCHW
2024-10-03,390,390,0,1.0,SCHW
2024-10-04,390,390,0,1.0,SCHW
2024-10-07,390,390,0,1.0,SCHW
2024-10-08,390,390,0,1.0,SCHW
2024-10-09,390,390,0,1.0,SCHW
2024-10-10,390,390,0,1.0,SCHW
2024-10-11,390,390,0,1.0,SCHW
2024-10-14,390,390,0,1.0,SCHW
2024-10-15,390,390,0,1.0,SCHW
2024-10-16,390,390,0,1.0,SCHW
2024-10-17,390,390,0,1.0,SCHW
2024-10-18,390,390,0,1.0,SCHW
2024-10-21,390,390,0,1.0,SCHW
2024-10-22,390,390,0,1.0,SCHW
2024-10-23,390,390,0,1.0,SCHW
2024-10-24,390,390,0,1.0,SCHW
2024-10-25,390,390,0,1.0,SCHW
2024-10-28,390,390,0,1.0,SCHW
2024-10-29,390,390,0,1.0,SCHW
2024-10-30,390,390,0,1.0,SCHW
2024-10-31,390,390,0,1.0,SCHW
2024-11-01,390,390,0,1.0,SCHW
2024-11-04,390,390,0,1.0,SCHW
2024-11-05,390,390,0,1.0,SCHW
2024-11-06,390,390,0,1.0,SCHW
2024-11-07,390,390,0,1.0,SCHW
2024-11-08,390,390,0,1.0,SCHW
2024-11-11,390,390,0,1.0,SCHW
2024-11-12,390,390,0,1.0,SCHW
2024-11-13,390,390,0,1.0,SCHW
2024-11-14,390,390,0,1.0,SCHW
2024-11-15,390,390,0,1.0,SCHW
2024-11-18,390,390,0,1.0,SCHW
2024-11-19,390,390,0,1.0,SCHW
2024-11-20,390,390,0,1.0,SCHW
2024-11-21,390,390,0,1.0,SCHW
2024-11-22,390,390,0,1.0,SCHW
2024-11-25,390,390,0,1.0,SCHW
2024-11-26,390,390,0,1.0,SCHW
2024-11-27,390,390,0,1.0,SCHW
2024-11-29,210,210,0,1.0,SCHW
2024-12-02,390,390,0,1.0,SCHW
2024-12-03,390,386,4,0.9897435897435898,SCHW
2024-12-04,390,390,0,1.0,SCHW
2024-12-05,390,390,0,1.0,SCHW
2024-12-06,390,389,1,0.9974358974358974,SCHW
2024-12-09,390,390,0,1.0,SCHW
2024-12-10,390,390,0,1.0,SCHW
2024-12-11,390,389,1,0.9974358974358974,SCHW
2024-12-12,390,390,0,1.0,SCHW
2024-12-13,390,390,0,1.0,SCHW
2024-12-16,390,390,0,1.0,SCHW
2024-12-17,390,390,0,1.0,SCHW
2024-12-18,390,390,0,1.0,SCHW
2024-12-19,390,390,0,1.0,SCHW
2024-12-20,390,390,0,1.0,SCHW
2024-12-23,390,389,1,0.9974358974358974,SCHW
2024-12-24,210,210,0,1.0,SCHW
2024-12-26,390,389,1,0.9974358974358974,SCHW
2024-12-27,390,389,1,0.9974358974358974,SCHW
2024-12-30,390,390,0,1.0,SCHW
2024-12-31,390,390,0,1.0,SCHW
2025-01-02,390,390,0,1.0,SCHW
2025-01-03,390,390,0,1.0,SCHW
2025-01-06,390,390,0,1.0,SCHW
2025-01-07,390,390,0,1.0,SCHW
2025-01-08,390,390,0,1.0,SCHW
2025-01-10,390,390,0,1.0,SCHW
2025-01-13,390,390,0,1.0,SCHW
2025-01-14,390,390,0,1.0,SCHW
2025-01-15,390,390,0,1.0,SCHW
2025-01-16,390,390,0,1.0,SCHW
2025-01-17,390,390,0,1.0,SCHW
2025-01-21,390,390,0,1.0,SCHW
2025-01-22,390,390,0,1.0,SCHW
2025-01-23,390,390,0,1.0,SCHW
2025-01-24,390,390,0,1.0,SCHW
2025-01-27,390,390,0,1.0,SCHW
2025-01-28,390,390,0,1.0,SCHW
2025-01-29,390,390,0,1.0,SCHW
2025-01-30,390,390,0,1.0,SCHW
2025-01-31,390,390,0,1.0,SCHW
2025-02-03,390,390,0,1.0,SCHW
2025-02-04,390,390,0,1.0,SCHW
2025-02-05,390,390,0,1.0,SCHW
2025-02-06,390,390,0,1.0,SCHW
2025-02-07,390,390,0,1.0,SCHW
2025-02-10,390,390,0,1.0,SCHW
2025-02-11,390,390,0,1.0,SCHW
2025-02-12,390,390,0,1.0,SCHW
2025-02-13,390,390,0,1.0,SCHW
2025-02-14,390,390,0,1.0,SCHW
2025-02-18,390,390,0,1.0,SCHW
2025-02-19,390,390,0,1.0,SCHW
2025-02-20,390,390,0,1.0,SCHW
2025-02-21,390,390,0,1.0,SCHW
2025-02-24,390,390,0,1.0,SCHW
2025-02-25,390,390,0,1.0,SCHW
2025-02-26,390,390,0,1.0,SCHW
2025-02-27,390,390,0,1.0,SCHW
2025-02-28,390,390,0,1.0,SCHW
2025-03-03,390,390,0,1.0,SCHW
2025-03-04,390,390,0,1.0,SCHW
2025-03-05,390,390,0,1.0,SCHW
2025-03-06,390,390,0,1.0,SCHW
2025-03-07,390,390,0,1.0,SCHW
2025-03-10,390,390,0,1.0,SCHW
2025-03-11,390,390,0,1.0,SCHW
2025-03-12,390,390,0,1.0,SCHW
2025-03-13,390,390,0,1.0,SCHW
2025-03-14,390,390,0,1.0,SCHW
2025-03-17,390,390,0,1.0,SCHW
2025-03-18,390,390,0,1.0,SCHW
2025-03-19,390,390,0,1.0,SCHW
2025-03-20,390,390,0,1.0,SCHW
2025-03-21,390,390,0,1.0,SCHW
2025-03-24,390,390,0,1.0,SCHW
2025-03-25,390,390,0,1.0,SCHW
2025-03-26,390,390,0,1.0,SCHW
2025-03-27,390,390,0,1.0,SCHW
2025-03-28,390,390,0,1.0,SCHW
2025-03-31,390,390,0,1.0,SCHW
2025-04-01,390,390,0,1.0,SCHW
2025-04-02,390,390,0,1.0,SCHW
2025-04-03,390,390,0,1.0,SCHW
2025-04-04,390,390,0,1.0,SCHW
2025-04-07,390,390,0,1.0,SCHW
2025-04-08,390,390,0,1.0,SCHW
2025-04-09,390,390,0,1.0,SCHW
2025-04-10,390,390,0,1.0,SCHW
2025-04-11,390,390,0,1.0,SCHW
2025-04-14,390,390,0,1.0,SCHW
2025-04-15,390,390,0,1.0,SCHW
2025-04-16,390,390,0,1.0,SCHW
2025-04-17,390,390,0,1.0,SCHW
2025-04-21,390,390,0,1.0,SCHW
2025-04-22,390,390,0,1.0,SCHW
2025-04-23,390,390,0,1.0,SCHW
2025-04-24,390,390,0,1.0,SCHW
2025-04-25,390,390,0,1.0,SCHW
2025-04-28,390,390,0,1.0,SCHW
2025-04-29,390,390,0,1.0,SCHW
2025-04-30,390,390,0,1.0,SCHW
2025-05-01,390,390,0,1.0,SCHW
2025-05-02,390,390,0,1.0,SCHW
2025-05-05,390,389,1,0.9974358974358974,SCHW
2025-05-06,390,390,0,1.0,SCHW
2025-05-07,390,390,0,1.0,SCHW
2025-05-08,390,390,0,1.0,SCHW
2025-05-09,390,390,0,1.0,SCHW
2025-05-12,390,390,0,1.0,SCHW
2025-05-13,390,390,0,1.0,SCHW
2025-05-14,390,390,0,1.0,SCHW
2025-05-15,390,390,0,1.0,SCHW
2025-05-16,390,390,0,1.0,SCHW
2025-05-19,390,390,0,1.0,SCHW
2025-05-20,390,390,0,1.0,SCHW
2025-05-21,390,390,0,1.0,SCHW
2025-05-22,390,390,0,1.0,SCHW
2025-05-23,390,390,0,1.0,SCHW
2025-05-27,390,390,0,1.0,SCHW
2025-05-28,390,390,0,1.0,SCHW
2025-05-29,390,390,0,1.0,SCHW
2025-05-30,390,390,0,1.0,SCHW
2025-06-02,390,390,0,1.0,SCHW
2025-06-03,390,390,0,1.0,SCHW
2025-06-04,390,390,0,1.0,SCHW
2025-06-05,390,390,0,1.0,SCHW
2025-06-06,390,390,0,1.0,SCHW
2025-06-09,390,390,0,1.0,SCHW
2025-06-10,390,389,1,0.9974358974358974,SCHW
2025-06-11,390,390,0,1.0,SCHW
2025-06-12,390,390,0,1.0,SCHW
2025-06-13,390,390,0,1.0,SCHW
2025-06-16,390,390,0,1.0,SCHW
2025-06-17,390,390,0,1.0,SCHW
2025-06-18,390,390,0,1.0,SCHW
2025-06-20,390,390,0,1.0,SCHW
2025-06-23,390,390,0,1.0,SCHW
2025-06-24,390,390,0,1.0,SCHW
2025-06-25,390,390,0,1.0,SCHW
2025-06-26,390,390,0,1.0,SCHW
2025-06-27,390,390,0,1.0,SCHW
2025-06-30,390,390,0,1.0,SCHW
2025-07-01,390,390,0,1.0,SCHW
2025-07-02,390,390,0,1.0,SCHW
2025-07-03,210,210,0,1.0,SCHW
2025-07-07,390,390,0,1.0,SCHW
2025-07-08,390,390,0,1.0,SCHW
2025-07-09,390,390,0,1.0,SCHW
2025-07-10,390,390,0,1.0,SCHW
2025-07-11,390,390,0,1.0,SCHW
2025-07-14,390,390,0,1.0,SCHW
2025-07-15,390,390,0,1.0,SCHW
2025-07-16,390,390,0,1.0,SCHW
2025-07-17,390,390,0,1.0,SCHW
2025-07-18,390,390,0,1.0,SCHW
2025-07-21,390,390,0,1.0,SCHW
2025-07-22,390,390,0,1.0,SCHW
2025-07-23,390,390,0,1.0,SCHW
2025-07-24,390,390,0,1.0,SCHW
2025-07-25,390,390,0,1.0,SCHW
2025-07-28,390,390,0,1.0,SCHW
2025-07-29,390,390,0,1.0,SCHW
2025-07-30,390,390,0,1.0,SCHW
2025-07-31,390,390,0,1.0,SCHW
2025-08-01,390,390,0,1.0,SCHW
2025-08-04,390,390,0,1.0,SCHW
2025-08-05,390,390,0,1.0,SCHW
2025-08-06,390,390,0,1.0,SCHW
2025-08-07,390,390,0,1.0,SCHW
2025-08-08,390,390,0,1.0,SCHW
2025-08-11,390,390,0,1.0,SCHW
2025-08-12,390,390,0,1.0,SCHW
2025-08-13,390,390,0,1.0,SCHW
2025-08-14,390,390,0,1.0,SCHW
2025-08-15,390,390,0,1.0,SCHW
2025-08-18,390,390,0,1.0,SCHW
2025-08-19,390,390,0,1.0,SCHW
2025-08-20,390,390,0,1.0,SCHW
2025-08-21,390,390,0,1.0,SCHW
2025-08-22,390,390,0,1.0,SCHW
2025-08-25,390,390,0,1.0,SCHW
2025-08-26,390,390,0,1.0,SCHW
2025-08-27,390,390,0,1.0,SCHW
2025-08-28,390,390,0,1.0,SCHW
2025-08-29,390,390,0,1.0,SCHW
2025-09-02,390,390,0,1.0,SCHW
2025-09-03,390,390,0,1.0,SCHW
2025-09-04,390,390,0,1.0,SCHW
2025-09-05,390,390,0,1.0,SCHW
2025-09-08,390,390,0,1.0,SCHW
2025-09-09,390,390,0,1.0,SCHW
2025-09-10,390,390,0,1.0,SCHW
2025-09-11,390,390,0,1.0,SCHW
2025-09-12,390,390,0,1.0,SCHW
2025-09-15,390,390,0,1.0,SCHW
2025-09-16,390,390,0,1.0,SCHW
2025-09-17,390,390,0,1.0,SCHW
2025-09-18,390,390,0,1.0,SCHW
2025-09-19,390,390,0,1.0,SCHW
2025-09-22,390,390,0,1.0,SCHW
2025-09-23,390,390,0,1.0,SCHW
2025-09-24,390,390,0,1.0,SCHW
2025-09-25,390,390,0,1.0,SCHW
2025-09-26,390,390,0,1.0,SCHW
2025-09-29,390,390,0,1.0,SCHW
2025-09-30,390,390,0,1.0,SCHW
2025-10-01,390,390,0,1.0,SCHW
2025-10-02,390,390,0,1.0,SCHW
2025-10-03,390,390,0,1.0,SCHW
2025-10-06,390,390,0,1.0,SCHW
2025-10-07,390,390,0,1.0,SCHW
2025-10-08,390,390,0,1.0,SCHW
2025-10-09,390,390,0,1.0,SCHW
2025-10-10,390,390,0,1.0,SCHW
2025-10-13,390,390,0,1.0,SCHW
2025-10-14,390,390,0,1.0,SCHW
2025-10-15,390,390,0,1.0,SCHW
2025-10-16,390,390,0,1.0,SCHW
2025-10-17,390,390,0,1.0,SCHW
2025-10-20,390,390,0,1.0,SCHW
2025-10-21,390,390,0,1.0,SCHW
2025-10-22,390,390,0,1.0,SCHW
2025-10-23,390,390,0,1.0,SCHW
2025-10-24,390,390,0,1.0,SCHW
2025-10-27,390,390,0,1.0,SCHW
2025-10-28,390,390,0,1.0,SCHW
2025-10-29,390,390,0,1.0,SCHW
2025-10-30,390,390,0,1.0,SCHW
2025-10-31,390,390,0,1.0,SCHW
2025-11-03,390,390,0,1.0,SCHW
2025-11-04,390,390,0,1.0,SCHW
2025-11-05,390,389,1,0.9974358974358974,SCHW
2025-11-06,390,390,0,1.0,SCHW
2025-11-07,390,390,0,1.0,SCHW
2025-11-10,390,390,0,1.0,SCHW
2025-11-11,390,390,0,1.0,SCHW
2025-11-12,390,390,0,1.0,SCHW
2025-11-13,390,390,0,1.0,SCHW
2025-11-14,390,390,0,1.0,SCHW
2025-11-17,390,390,0,1.0,SCHW
2025-11-18,390,390,0,1.0,SCHW
2025-11-19,390,390,0,1.0,SCHW
2025-11-20,390,390,0,1.0,SCHW
2025-11-21,390,390,0,1.0,SCHW
2025-11-24,390,390,0,1.0,SCHW
2025-11-25,390,390,0,1.0,SCHW
2025-11-26,390,390,0,1.0,SCHW
2025-11-28,210,210,0,1.0,SCHW
2025-12-01,390,390,0,1.0,SCHW
2025-12-02,390,390,0,1.0,SCHW
2025-12-03,390,390,0,1.0,SCHW
2025-12-04,390,390,0,1.0,SCHW
2025-12-05,390,390,0,1.0,SCHW
2025-12-08,390,390,0,1.0,SCHW
2025-12-09,390,390,0,1.0,SCHW
2025-12-10,390,390,0,1.0,SCHW
2025-12-11,390,390,0,1.0,SCHW
2025-12-12,390,390,0,1.0,SCHW
2025-12-15,390,390,0,1.0,SCHW
2025-12-16,390,390,0,1.0,SCHW
2025-12-17,390,390,0,1.0,SCHW
2025-12-18,390,390,0,1.0,SCHW
2025-12-19,390,390,0,1.0,SCHW
2025-12-22,390,390,0,1.0,SCHW
2025-12-23,390,390,0,1.0,SCHW
2025-12-24,210,210,0,1.0,SCHW
2025-12-26,390,390,0,1.0,SCHW
2025-12-29,390,390,0,1.0,SCHW
2025-12-30,390,390,0,1.0,SCHW
2025-12-31,390,389,1,0.9974358974358974,SCHW
2026-01-02,390,390,0,1.0,SCHW
2026-01-05,390,390,0,1.0,SCHW
2026-01-06,390,390,0,1.0,SCHW
2026-01-07,390,390,0,1.0,SCHW
2026-01-08,390,390,0,1.0,SCHW
2026-01-09,390,390,0,1.0,SCHW
2026-01-12,390,390,0,1.0,SCHW
2026-01-13,390,390,0,1.0,SCHW
2026-01-14,390,390,0,1.0,SCHW
2026-01-15,390,390,0,1.0,SCHW
2026-01-16,390,390,0,1.0,SCHW
2026-01-20,390,390,0,1.0,SCHW
2026-01-21,390,390,0,1.0,SCHW
2026-01-22,390,390,0,1.0,SCHW
2026-01-23,390,390,0,1.0,SCHW
2026-01-26,390,390,0,1.0,SCHW
2026-01-27,390,390,0,1.0,SCHW
2026-01-28,390,390,0,1.0,SCHW
2026-01-29,390,390,0,1.0,SCHW
2026-01-30,390,390,0,1.0,SCHW
2026-02-02,390,390,0,1.0,SCHW
2026-02-03,390,390,0,1.0,SCHW
2026-02-04,390,390,0,1.0,SCHW
2026-02-05,390,390,0,1.0,SCHW
2026-02-06,390,390,0,1.0,SCHW
2026-02-09,390,390,0,1.0,SCHW
2026-02-10,390,390,0,1.0,SCHW
2026-02-11,390,390,0,1.0,SCHW
2026-02-12,390,390,0,1.0,SCHW
2026-02-13,390,390,0,1.0,SCHW
2026-02-17,390,390,0,1.0,SCHW
2026-02-18,390,390,0,1.0,SCHW
2026-02-19,390,390,0,1.0,SCHW
2026-02-20,390,390,0,1.0,SCHW
2026-02-23,390,390,0,1.0,SCHW
2026-02-24,390,390,0,1.0,SCHW
2026-02-25,390,390,0,1.0,SCHW
2026-02-26,390,390,0,1.0,SCHW
2026-02-27,390,390,0,1.0,SCHW
2026-03-02,390,390,0,1.0,SCHW
2026-03-03,390,390,0,1.0,SCHW
2026-03-04,390,390,0,1.0,SCHW
2026-03-05,390,390,0,1.0,SCHW
2026-03-06,390,390,0,1.0,SCHW
2026-03-09,390,390,0,1.0,SCHW
2026-03-10,390,390,0,1.0,SCHW
2026-03-11,390,390,0,1.0,SCHW
2026-03-12,390,390,0,1.0,SCHW
2026-03-13,390,390,0,1.0,SCHW
2026-03-16,390,390,0,1.0,SCHW
2026-03-17,390,390,0,1.0,SCHW
2026-03-18,390,390,0,1.0,SCHW
2026-03-19,390,390,0,1.0,SCHW
2026-03-20,390,390,0,1.0,SCHW
2026-03-23,390,390,0,1.0,SCHW
2026-03-24,390,390,0,1.0,SCHW
2026-03-25,390,390,0,1.0,SCHW
2026-03-26,390,390,0,1.0,SCHW
2026-03-27,390,390,0,1.0,SCHW
2026-03-30,390,390,0,1.0,SCHW
2026-03-31,390,390,0,1.0,SCHW
2026-04-01,390,390,0,1.0,SCHW
2026-04-02,390,390,0,1.0,SCHW
2026-04-06,390,390,0,1.0,SCHW
2026-04-07,390,390,0,1.0,SCHW
2026-04-08,390,390,0,1.0,SCHW
2026-04-09,390,390,0,1.0,SCHW
2026-04-10,390,390,0,1.0,SCHW
2026-04-13,390,390,0,1.0,SCHW
2026-04-14,390,390,0,1.0,SCHW
2026-04-15,390,390,0,1.0,SCHW
2026-04-16,390,390,0,1.0,SCHW
2026-04-17,390,390,0,1.0,SCHW
2026-04-20,390,390,0,1.0,SCHW
2026-04-21,390,390,0,1.0,SCHW
2026-04-22,390,390,0,1.0,SCHW
2026-04-23,390,390,0,1.0,SCHW
2026-04-24,390,390,0,1.0,SCHW
2026-04-27,390,390,0,1.0,SCHW
2026-04-28,390,390,0,1.0,SCHW
2026-04-29,390,390,0,1.0,SCHW
2026-04-30,390,390,0,1.0,SCHW
2026-05-01,390,390,0,1.0,SCHW
2026-05-04,390,390,0,1.0,SCHW
2026-05-05,390,390,0,1.0,SCHW
2026-05-06,390,390,0,1.0,SCHW
2026-05-07,390,390,0,1.0,SCHW
2026-05-08,390,390,0,1.0,SCHW
2026-05-11,390,390,0,1.0,SCHW
2026-05-12,390,390,0,1.0,SCHW
2026-05-13,390,390,0,1.0,SCHW
2026-05-14,390,390,0,1.0,SCHW
2026-05-15,390,390,0,1.0,SCHW
2026-05-18,390,390,0,1.0,SCHW
2026-05-19,390,390,0,1.0,SCHW
2026-05-20,390,390,0,1.0,SCHW
2026-05-21,390,390,0,1.0,SCHW
2026-05-22,390,390,0,1.0,SCHW
2026-05-26,390,390,0,1.0,SCHW
2026-05-27,390,390,0,1.0,SCHW
2026-05-28,390,390,0,1.0,SCHW
2026-05-29,390,390,0,1.0,SCHW
2026-06-01,390,390,0,1.0,SCHW
2026-06-02,390,390,0,1.0,SCHW
2026-06-03,390,390,0,1.0,SCHW
2026-06-04,390,389,1,0.9974358974358974,SCHW
2026-06-05,390,390,0,1.0,SCHW
2026-06-08,390,390,0,1.0,SCHW
2026-06-09,390,390,0,1.0,SCHW
2026-06-10,390,390,0,1.0,SCHW
2026-06-11,390,390,0,1.0,SCHW
2026-06-12,390,390,0,1.0,SCHW
2026-06-15,390,390,0,1.0,SCHW
2026-06-16,390,390,0,1.0,SCHW
2026-06-17,390,390,0,1.0,SCHW
2026-06-18,390,390,0,1.0,SCHW
2026-06-22,390,390,0,1.0,SCHW
2026-06-23,390,390,0,1.0,SCHW
2026-06-24,390,390,0,1.0,SCHW
2026-06-25,390,390,0,1.0,SCHW
2026-06-26,390,390,0,1.0,SCHW
2026-06-29,390,390,0,1.0,SCHW
2026-06-30,390,390,0,1.0,SCHW
2026-07-01,390,390,0,1.0,SCHW
2026-07-02,390,390,0,1.0,SCHW
2026-07-06,390,390,0,1.0,SCHW
2026-07-07,390,390,0,1.0,SCHW
2026-07-08,390,390,0,1.0,SCHW
2026-07-09,390,390,0,1.0,SCHW
2026-07-10,390,390,0,1.0,SCHW
2026-07-13,390,390,0,1.0,SCHW
2026-07-14,390,390,0,1.0,SCHW
2026-07-15,390,390,0,1.0,SCHW
2026-07-16,390,390,0,1.0,SCHW
2026-07-17,390,390,0,1.0,SCHW
2026-07-20,390,390,0,1.0,SCHW
2026-07-21,390,390,0,1.0,SCHW
2026-07-22,390,390,0,1.0,SCHW
2026-07-23,390,390,0,1.0,SCHW
2026-07-24,390,390,0,1.0,SCHW
2026-07-27,390,390,0,1.0,SCHW
2026-07-28,390,390,0,1.0,SCHW
2026-07-29,390,390,0,1.0,SCHW
2026-07-30,390,390,0,1.0,SCHW
2026-07-31,390,390,0,1.0,SCHW
2026-08-03,390,390,0,1.0,SCHW
2026-08-04,390,390,0,1.0,SCHW
2026-08-05,390,390,0,1.0,SCHW
2026-08-06,390,390,0,1.0,SCHW
2026-08-07,390,390,0,1.0,SCHW
2026-08-10,390,390,0,1.0,SCHW
2026-08-11,390,389,1,0.9974358974358974,SCHW
2026-08-12,390,388,2,0.9948717948717949,SCHW
2026-08-13,390,390,0,1.0,SCHW
2026-08-14,390,390,0,1.0,SCHW
2026-08-17,390,390,0,1.0,SCHW
2026-08-18,390,390,0,1.0,SCHW
2026-08-19,390,390,0,1.0,SCHW
2026-08-20,390,390,0,1.0,SCHW
2026-08-21,390,390,0,1.0,SCHW
2026-08-24,390,390,0,1.0,SCHW
2026-08-25,390,390,0,1.0,SCHW
2026-08-26,390,390,0,1.0,SCHW
2026-08-27,390,390,0,1.0,SCHW
2026-08-28,390,390,0,1.0,SCHW
2026-08-31,390,390,0,1.0,SCHW
2026-09-01,390,390,0,1.0,SCHW
2026-09-02,390,390,0,1.0,SCHW
2026-09-03,390,390,0,1.0,SCHW
2026-09-04,390,390,0,1.0,SCHW
2026-09-08,390,390,0,1.0,SCHW
2026-09-09,390,390,0,1.0,SCHW
2023-01-03,390,390,0,1.0,C
2023-01-04,390,390,0,1.0,C
2023-01-05,390,390,0,1.0,C
2023-01-06,390,390,0,1.0,C
2023-01-09,390,390,0,1.0,C
2023-01-10,390,390,0,1.0,C
2023-01-11,390,390,0,1.0,C
2023-01-12,390,390,0,1.0,C
2023-01-13,390,390,0,1.0,C
2023-01-17,390,390,0,1.0,C
2023-01-18,390,390,0,1.0,C
2023-01-19,390,390,0,1.0,C
2023-01-20,390,390,0,1.0,C
2023-01-23,390,390,0,1.0,C
2023-01-24,390,390,0,1.0,C
2023-01-25,390,390,0,1.0,C
2023-01-26,390,390,0,1.0,C
2023-01-27,390,390,0,1.0,C
2023-01-30,390,390,0,1.0,C
2023-01-31,390,390,0,1.0,C
2023-02-01,390,390,0,1.0,C
2023-02-02,390,390,0,1.0,C
2023-02-03,390,390,0,1.0,C
2023-02-06,390,390,0,1.0,C
2023-02-07,390,390,0,1.0,C
2023-02-08,390,390,0,1.0,C
2023-02-09,390,390,0,1.0,C
2023-02-10,390,390,0,1.0,C
2023-02-13,390,390,0,1.0,C
2023-02-14,390,390,0,1.0,C
2023-02-15,390,390,0,1.0,C
2023-02-16,390,390,0,1.0,C
2023-02-17,390,390,0,1.0,C
2023-02-21,390,390,0,1.0,C
2023-02-22,390,390,0,1.0,C
2023-02-23,390,390,0,1.0,C
2023-02-24,390,390,0,1.0,C
2023-02-27,390,390,0,1.0,C
2023-02-28,390,390,0,1.0,C
2023-03-01,390,390,0,1.0,C
2023-03-02,390,390,0,1.0,C
2023-03-03,390,390,0,1.0,C
2023-03-06,390,390,0,1.0,C
2023-03-07,390,390,0,1.0,C
2023-03-08,390,390,0,1.0,C
2023-03-09,390,390,0,1.0,C
2023-03-10,390,390,0,1.0,C
2023-03-13,390,390,0,1.0,C
2023-03-14,390,390,0,1.0,C
2023-03-15,390,390,0,1.0,C
2023-03-16,390,390,0,1.0,C
2023-03-17,390,390,0,1.0,C
2023-03-20,390,390,0,1.0,C
2023-03-21,390,390,0,1.0,C
2023-03-22,390,390,0,1.0,C
2023-03-23,390,390,0,1.0,C
2023-03-24,390,390,0,1.0,C
2023-03-27,390,390,0,1.0,C
2023-03-28,390,390,0,1.0,C
2023-03-29,390,390,0,1.0,C
2023-03-30,390,390,0,1.0,C
2023-03-31,390,390,0,1.0,C
2023-04-03,390,390,0,1.0,C
2023-04-04,390,390,0,1.0,C
2023-04-05,390,390,0,1.0,C
2023-04-06,390,390,0,1.0,C
2023-04-10,390,390,0,1.0,C
2023-04-11,390,390,0,1.0,C
2023-04-12,390,390,0,1.0,C
2023-04-13,390,390,0,1.0,C
2023-04-14,390,390,0,1.0,C
2023-04-17,390,390,0,1.0,C
2023-04-18,390,390,0,1.0,C
2023-04-19,390,390,0,1.0,C
2023-04-20,390,390,0,1.0,C
2023-04-21,390,390,0,1.0,C
2023-04-24,390,390,0,1.0,C
2023-04-25,390,390,0,1.0,C
2023-04-26,390,390,0,1.0,C
2023-04-27,390,390,0,1.0,C
2023-04-28,390,390,0,1.0,C
2023-05-01,390,390,0,1.0,C
2023-05-02,390,390,0,1.0,C
2023-05-03,390,390,0,1.0,C
2023-05-04,390,390,0,1.0,C
2023-05-05,390,390,0,1.0,C
2023-05-08,390,390,0,1.0,C
2023-05-09,390,390,0,1.0,C
2023-05-10,390,390,0,1.0,C
2023-05-11,390,390,0,1.0,C
2023-05-12,390,390,0,1.0,C
2023-05-15,390,390,0,1.0,C
2023-05-16,390,390,0,1.0,C
2023-05-17,390,390,0,1.0,C
2023-05-18,390,390,0,1.0,C
2023-05-19,390,390,0,1.0,C
2023-05-22,390,390,0,1.0,C
2023-05-23,390,390,0,1.0,C
2023-05-24,390,390,0,1.0,C
2023-05-25,390,390,0,1.0,C
2023-05-26,390,390,0,1.0,C
2023-05-30,390,390,0,1.0,C
2023-05-31,390,390,0,1.0,C
2023-06-01,390,390,0,1.0,C
2023-06-02,390,390,0,1.0,C
2023-06-05,390,386,4,0.9897435897435898,C
2023-06-06,390,390,0,1.0,C
2023-06-07,390,390,0,1.0,C
2023-06-08,390,390,0,1.0,C
2023-06-09,390,390,0,1.0,C
2023-06-12,390,390,0,1.0,C
2023-06-13,390,390,0,1.0,C
2023-06-14,390,390,0,1.0,C
2023-06-15,390,390,0,1.0,C
2023-06-16,390,390,0,1.0,C
2023-06-20,390,390,0,1.0,C
2023-06-21,390,390,0,1.0,C
2023-06-22,390,390,0,1.0,C
2023-06-23,390,390,0,1.0,C
2023-06-26,390,390,0,1.0,C
2023-06-27,390,390,0,1.0,C
2023-06-28,390,390,0,1.0,C
2023-06-29,390,390,0,1.0,C
2023-06-30,390,390,0,1.0,C
2023-07-03,210,210,0,1.0,C
2023-07-05,390,390,0,1.0,C
2023-07-06,390,390,0,1.0,C
2023-07-07,390,390,0,1.0,C
2023-07-10,390,390,0,1.0,C
2023-07-11,390,390,0,1.0,C
2023-07-12,390,390,0,1.0,C
2023-07-13,390,390,0,1.0,C
2023-07-14,390,390,0,1.0,C
2023-07-17,390,390,0,1.0,C
2023-07-18,390,390,0,1.0,C
2023-07-19,390,390,0,1.0,C
2023-07-20,390,390,0,1.0,C
2023-07-21,390,390,0,1.0,C
2023-07-24,390,390,0,1.0,C
2023-07-25,390,390,0,1.0,C
2023-07-26,390,390,0,1.0,C
2023-07-27,390,390,0,1.0,C
2023-07-28,390,390,0,1.0,C
2023-07-31,390,390,0,1.0,C
2023-08-01,390,390,0,1.0,C
2023-08-02,390,390,0,1.0,C
2023-08-03,390,390,0,1.0,C
2023-08-04,390,390,0,1.0,C
2023-08-07,390,390,0,1.0,C
2023-08-08,390,390,0,1.0,C
2023-08-09,390,390,0,1.0,C
2023-08-10,390,390,0,1.0,C
2023-08-11,390,390,0,1.0,C
2023-08-14,390,390,0,1.0,C
2023-08-15,390,390,0,1.0,C
2023-08-16,390,390,0,1.0,C
2023-08-17,390,390,0,1.0,C
2023-08-18,390,390,0,1.0,C
2023-08-21,390,390,0,1.0,C
2023-08-22,390,390,0,1.0,C
2023-08-23,390,390,0,1.0,C
2023-08-24,390,390,0,1.0,C
2023-08-25,390,390,0,1.0,C
2023-08-28,390,390,0,1.0,C
2023-08-29,390,390,0,1.0,C
2023-08-30,390,390,0,1.0,C
2023-08-31,390,390,0,1.0,C
2023-09-01,390,390,0,1.0,C
2023-09-05,390,390,0,1.0,C
2023-09-06,390,390,0,1.0,C
2023-09-07,390,390,0,1.0,C
2023-09-08,390,390,0,1.0,C
2023-09-11,390,390,0,1.0,C
2023-09-12,390,390,0,1.0,C
2023-09-13,390,390,0,1.0,C
2023-09-14,390,390,0,1.0,C
2023-09-15,390,390,0,1.0,C
2023-09-18,390,390,0,1.0,C
2023-09-19,390,390,0,1.0,C
2023-09-20,390,390,0,1.0,C
2023-09-21,390,390,0,1.0,C
2023-09-22,390,390,0,1.0,C
2023-09-25,390,390,0,1.0,C
2023-09-26,390,390,0,1.0,C
2023-09-27,390,390,0,1.0,C
2023-09-28,390,390,0,1.0,C
2023-09-29,390,390,0,1.0,C
2023-10-02,390,390,0,1.0,C
2023-10-03,390,390,0,1.0,C
2023-10-04,390,390,0,1.0,C
2023-10-05,390,390,0,1.0,C
2023-10-06,390,390,0,1.0,C
2023-10-09,390,390,0,1.0,C
2023-10-10,390,390,0,1.0,C
2023-10-11,390,390,0,1.0,C
2023-10-12,390,390,0,1.0,C
2023-10-13,390,390,0,1.0,C
2023-10-16,390,390,0,1.0,C
2023-10-17,390,390,0,1.0,C
2023-10-18,390,390,0,1.0,C
2023-10-19,390,390,0,1.0,C
2023-10-20,390,390,0,1.0,C
2023-10-23,390,390,0,1.0,C
2023-10-24,390,390,0,1.0,C
2023-10-25,390,390,0,1.0,C
2023-10-26,390,390,0,1.0,C
2023-10-27,390,390,0,1.0,C
2023-10-30,390,390,0,1.0,C
2023-10-31,390,390,0,1.0,C
2023-11-01,390,390,0,1.0,C
2023-11-02,390,390,0,1.0,C
2023-11-03,390,390,0,1.0,C
2023-11-06,390,390,0,1.0,C
2023-11-07,390,390,0,1.0,C
2023-11-08,390,390,0,1.0,C
2023-11-09,390,390,0,1.0,C
2023-11-10,390,390,0,1.0,C
2023-11-13,390,390,0,1.0,C
2023-11-14,390,390,0,1.0,C
2023-11-15,390,390,0,1.0,C
2023-11-16,390,390,0,1.0,C
2023-11-17,390,390,0,1.0,C
2023-11-20,390,390,0,1.0,C
2023-11-21,390,390,0,1.0,C
2023-11-22,390,390,0,1.0,C
2023-11-24,210,210,0,1.0,C
2023-11-27,390,390,0,1.0,C
2023-11-28,390,390,0,1.0,C
2023-11-29,390,390,0,1.0,C
2023-11-30,390,390,0,1.0,C
2023-12-01,390,390,0,1.0,C
2023-12-04,390,390,0,1.0,C
2023-12-05,390,390,0,1.0,C
2023-12-06,390,390,0,1.0,C
2023-12-07,390,390,0,1.0,C
2023-12-08,390,390,0,1.0,C
2023-12-11,390,389,1,0.9974358974358974,C
2023-12-12,390,390,0,1.0,C
2023-12-13,390,390,0,1.0,C
2023-12-14,390,390,0,1.0,C
2023-12-15,390,390,0,1.0,C
2023-12-18,390,390,0,1.0,C
2023-12-19,390,390,0,1.0,C
2023-12-20,390,390,0,1.0,C
2023-12-21,390,390,0,1.0,C
2023-12-22,390,390,0,1.0,C
2023-12-26,390,390,0,1.0,C
2023-12-27,390,390,0,1.0,C
2023-12-28,390,390,0,1.0,C
2023-12-29,390,390,0,1.0,C
2024-01-02,390,390,0,1.0,C
2024-01-03,390,390,0,1.0,C
2024-01-04,390,390,0,1.0,C
2024-01-05,390,390,0,1.0,C
2024-01-08,390,390,0,1.0,C
2024-01-09,390,390,0,1.0,C
2024-01-10,390,390,0,1.0,C
2024-01-11,390,390,0,1.0,C
2024-01-12,390,390,0,1.0,C
2024-01-16,390,390,0,1.0,C
2024-01-17,390,390,0,1.0,C
2024-01-18,390,390,0,1.0,C
2024-01-19,390,390,0,1.0,C
2024-01-22,390,390,0,1.0,C
2024-01-23,390,390,0,1.0,C
2024-01-24,390,390,0,1.0,C
2024-01-25,390,390,0,1.0,C
2024-01-26,390,390,0,1.0,C
2024-01-29,390,390,0,1.0,C
2024-01-30,390,390,0,1.0,C
2024-01-31,390,390,0,1.0,C
2024-02-01,390,390,0,1.0,C
2024-02-02,390,390,0,1.0,C
2024-02-05,390,390,0,1.0,C
2024-02-06,390,390,0,1.0,C
2024-02-07,390,390,0,1.0,C
2024-02-08,390,390,0,1.0,C
2024-02-09,390,390,0,1.0,C
2024-02-12,390,390,0,1.0,C
2024-02-13,390,390,0,1.0,C
2024-02-14,390,390,0,1.0,C
2024-02-15,390,390,0,1.0,C
2024-02-16,390,390,0,1.0,C
2024-02-20,390,390,0,1.0,C
2024-02-21,390,390,0,1.0,C
2024-02-22,390,390,0,1.0,C
2024-02-23,390,390,0,1.0,C
2024-02-26,390,390,0,1.0,C
2024-02-27,390,390,0,1.0,C
2024-02-28,390,390,0,1.0,C
2024-02-29,390,390,0,1.0,C
2024-03-01,390,390,0,1.0,C
2024-03-04,390,390,0,1.0,C
2024-03-05,390,390,0,1.0,C
2024-03-06,390,390,0,1.0,C
2024-03-07,390,390,0,1.0,C
2024-03-08,390,390,0,1.0,C
2024-03-11,390,390,0,1.0,C
2024-03-12,390,390,0,1.0,C
2024-03-13,390,390,0,1.0,C
2024-03-14,390,390,0,1.0,C
2024-03-15,390,390,0,1.0,C
2024-03-18,390,390,0,1.0,C
2024-03-19,390,390,0,1.0,C
2024-03-20,390,390,0,1.0,C
2024-03-21,390,390,0,1.0,C
2024-03-22,390,390,0,1.0,C
2024-03-25,390,390,0,1.0,C
2024-03-26,390,390,0,1.0,C
2024-03-27,390,390,0,1.0,C
2024-03-28,390,390,0,1.0,C
2024-04-01,390,390,0,1.0,C
2024-04-02,390,390,0,1.0,C
2024-04-03,390,390,0,1.0,C
2024-04-04,390,390,0,1.0,C
2024-04-05,390,390,0,1.0,C
2024-04-08,390,390,0,1.0,C
2024-04-09,390,390,0,1.0,C
2024-04-10,390,390,0,1.0,C
2024-04-11,390,390,0,1.0,C
2024-04-12,390,390,0,1.0,C
2024-04-15,390,390,0,1.0,C
2024-04-16,390,390,0,1.0,C
2024-04-17,390,390,0,1.0,C
2024-04-18,390,390,0,1.0,C
2024-04-19,390,390,0,1.0,C
2024-04-22,390,390,0,1.0,C
2024-04-23,390,390,0,1.0,C
2024-04-24,390,390,0,1.0,C
2024-04-25,390,390,0,1.0,C
2024-04-26,390,389,1,0.9974358974358974,C
2024-04-29,390,390,0,1.0,C
2024-04-30,390,390,0,1.0,C
2024-05-01,390,390,0,1.0,C
2024-05-02,390,390,0,1.0,C
2024-05-03,390,390,0,1.0,C
2024-05-06,390,390,0,1.0,C
2024-05-07,390,390,0,1.0,C
2024-05-08,390,390,0,1.0,C
2024-05-09,390,388,2,0.9948717948717949,C
2024-05-10,390,390,0,1.0,C
2024-05-13,390,390,0,1.0,C
2024-05-14,390,390,0,1.0,C
2024-05-15,390,390,0,1.0,C
2024-05-16,390,390,0,1.0,C
2024-05-17,390,390,0,1.0,C
2024-05-20,390,390,0,1.0,C
2024-05-21,390,390,0,1.0,C
2024-05-22,390,390,0,1.0,C
2024-05-23,390,390,0,1.0,C
2024-05-24,390,390,0,1.0,C
2024-05-28,390,390,0,1.0,C
2024-05-29,390,390,0,1.0,C
2024-05-30,390,390,0,1.0,C
2024-05-31,390,390,0,1.0,C
2024-06-03,390,390,0,1.0,C
2024-06-04,390,390,0,1.0,C
2024-06-05,390,390,0,1.0,C
2024-06-06,390,390,0,1.0,C
2024-06-07,390,390,0,1.0,C
2024-06-10,390,390,0,1.0,C
2024-06-11,390,390,0,1.0,C
2024-06-12,390,390,0,1.0,C
2024-06-13,390,390,0,1.0,C
2024-06-14,390,390,0,1.0,C
2024-06-17,390,390,0,1.0,C
2024-06-18,390,390,0,1.0,C
2024-06-20,390,390,0,1.0,C
2024-06-21,390,390,0,1.0,C
2024-06-24,390,390,0,1.0,C
2024-06-25,390,390,0,1.0,C
2024-06-26,390,390,0,1.0,C
2024-06-27,390,390,0,1.0,C
2024-06-28,390,390,0,1.0,C
2024-07-01,390,390,0,1.0,C
2024-07-02,390,390,0,1.0,C
2024-07-03,210,210,0,1.0,C
2024-07-05,390,390,0,1.0,C
2024-07-08,390,390,0,1.0,C
2024-07-09,390,390,0,1.0,C
2024-07-10,390,390,0,1.0,C
2024-07-11,390,390,0,1.0,C
2024-07-12,390,390,0,1.0,C
2024-07-15,390,390,0,1.0,C
2024-07-16,390,390,0,1.0,C
2024-07-17,390,390,0,1.0,C
2024-07-18,390,389,1,0.9974358974358974,C
2024-07-19,390,390,0,1.0,C
2024-07-22,390,390,0,1.0,C
2024-07-23,390,390,0,1.0,C
2024-07-24,390,390,0,1.0,C
2024-07-25,390,390,0,1.0,C
2024-07-26,390,390,0,1.0,C
2024-07-29,390,390,0,1.0,C
2024-07-30,390,390,0,1.0,C
2024-07-31,390,390,0,1.0,C
2024-08-01,390,390,0,1.0,C
2024-08-02,390,390,0,1.0,C
2024-08-05,390,390,0,1.0,C
2024-08-06,390,390,0,1.0,C
2024-08-07,390,390,0,1.0,C
2024-08-08,390,390,0,1.0,C
2024-08-09,390,390,0,1.0,C
2024-08-12,390,390,0,1.0,C
2024-08-13,390,390,0,1.0,C
2024-08-14,390,390,0,1.0,C
2024-08-15,390,390,0,1.0,C
2024-08-16,390,390,0,1.0,C
2024-08-19,390,390,0,1.0,C
2024-08-20,390,390,0,1.0,C
2024-08-21,390,389,1,0.9974358974358974,C
2024-08-22,390,390,0,1.0,C
2024-08-23,390,390,0,1.0,C
2024-08-26,390,390,0,1.0,C
2024-08-27,390,390,0,1.0,C
2024-08-28,390,390,0,1.0,C
2024-08-29,390,390,0,1.0,C
2024-08-30,390,389,1,0.9974358974358974,C
2024-09-03,390,390,0,1.0,C
2024-09-04,390,390,0,1.0,C
2024-09-05,390,390,0,1.0,C
2024-09-06,390,390,0,1.0,C
2024-09-09,390,390,0,1.0,C
2024-09-10,390,390,0,1.0,C
2024-09-11,390,390,0,1.0,C
2024-09-12,390,390,0,1.0,C
2024-09-13,390,390,0,1.0,C
2024-09-16,390,390,0,1.0,C
2024-09-17,390,390,0,1.0,C
2024-09-18,390,390,0,1.0,C
2024-09-19,390,390,0,1.0,C
2024-09-20,390,390,0,1.0,C
2024-09-23,390,390,0,1.0,C
2024-09-24,390,390,0,1.0,C
2024-09-25,390,390,0,1.0,C
2024-09-26,390,390,0,1.0,C
2024-09-27,390,390,0,1.0,C
2024-09-30,390,390,0,1.0,C
2024-10-01,390,390,0,1.0,C
2024-10-02,390,390,0,1.0,C
2024-10-03,390,390,0,1.0,C
2024-10-04,390,390,0,1.0,C
2024-10-07,390,390,0,1.0,C
2024-10-08,390,390,0,1.0,C
2024-10-09,390,390,0,1.0,C
2024-10-10,390,390,0,1.0,C
2024-10-11,390,390,0,1.0,C
2024-10-14,390,390,0,1.0,C
2024-10-15,390,390,0,1.0,C
2024-10-16,390,390,0,1.0,C
2024-10-17,390,390,0,1.0,C
2024-10-18,390,390,0,1.0,C
2024-10-21,390,390,0,1.0,C
2024-10-22,390,390,0,1.0,C
2024-10-23,390,390,0,1.0,C
2024-10-24,390,390,0,1.0,C
2024-10-25,390,390,0,1.0,C
2024-10-28,390,390,0,1.0,C
2024-10-29,390,390,0,1.0,C
2024-10-30,390,390,0,1.0,C
2024-10-31,390,390,0,1.0,C
2024-11-01,390,390,0,1.0,C
2024-11-04,390,390,0,1.0,C
2024-11-05,390,390,0,1.0,C
2024-11-06,390,390,0,1.0,C
2024-11-07,390,390,0,1.0,C
2024-11-08,390,390,0,1.0,C
2024-11-11,390,390,0,1.0,C
2024-11-12,390,390,0,1.0,C
2024-11-13,390,390,0,1.0,C
2024-11-14,390,390,0,1.0,C
2024-11-15,390,390,0,1.0,C
2024-11-18,390,390,0,1.0,C
2024-11-19,390,390,0,1.0,C
2024-11-20,390,390,0,1.0,C
2024-11-21,390,390,0,1.0,C
2024-11-22,390,389,1,0.9974358974358974,C
2024-11-25,390,390,0,1.0,C
2024-11-26,390,390,0,1.0,C
2024-11-27,390,390,0,1.0,C
2024-11-29,210,210,0,1.0,C
2024-12-02,390,390,0,1.0,C
2024-12-03,390,390,0,1.0,C
2024-12-04,390,390,0,1.0,C
2024-12-05,390,389,1,0.9974358974358974,C
2024-12-06,390,390,0,1.0,C
2024-12-09,390,390,0,1.0,C
2024-12-10,390,390,0,1.0,C
2024-12-11,390,390,0,1.0,C
2024-12-12,390,390,0,1.0,C
2024-12-13,390,390,0,1.0,C
2024-12-16,390,390,0,1.0,C
2024-12-17,390,390,0,1.0,C
2024-12-18,390,390,0,1.0,C
2024-12-19,390,390,0,1.0,C
2024-12-20,390,390,0,1.0,C
2024-12-23,390,390,0,1.0,C
2024-12-24,210,210,0,1.0,C
2024-12-26,390,390,0,1.0,C
2024-12-27,390,390,0,1.0,C
2024-12-30,390,390,0,1.0,C
2024-12-31,390,390,0,1.0,C
2025-01-02,390,390,0,1.0,C
2025-01-03,390,390,0,1.0,C
2025-01-06,390,390,0,1.0,C
2025-01-07,390,390,0,1.0,C
2025-01-08,390,389,1,0.9974358974358974,C
2025-01-10,390,390,0,1.0,C
2025-01-13,390,390,0,1.0,C
2025-01-14,390,390,0,1.0,C
2025-01-15,390,390,0,1.0,C
2025-01-16,390,390,0,1.0,C
2025-01-17,390,390,0,1.0,C
2025-01-21,390,390,0,1.0,C
2025-01-22,390,390,0,1.0,C
2025-01-23,390,390,0,1.0,C
2025-01-24,390,390,0,1.0,C
2025-01-27,390,390,0,1.0,C
2025-01-28,390,390,0,1.0,C
2025-01-29,390,390,0,1.0,C
2025-01-30,390,389,1,0.9974358974358974,C
2025-01-31,390,390,0,1.0,C
2025-02-03,390,390,0,1.0,C
2025-02-04,390,390,0,1.0,C
2025-02-05,390,390,0,1.0,C
2025-02-06,390,390,0,1.0,C
2025-02-07,390,390,0,1.0,C
2025-02-10,390,390,0,1.0,C
2025-02-11,390,390,0,1.0,C
2025-02-12,390,390,0,1.0,C
2025-02-13,390,390,0,1.0,C
2025-02-14,390,390,0,1.0,C
2025-02-18,390,390,0,1.0,C
2025-02-19,390,390,0,1.0,C
2025-02-20,390,390,0,1.0,C
2025-02-21,390,390,0,1.0,C
2025-02-24,390,390,0,1.0,C
2025-02-25,390,390,0,1.0,C
2025-02-26,390,390,0,1.0,C
2025-02-27,390,390,0,1.0,C
2025-02-28,390,390,0,1.0,C
2025-03-03,390,390,0,1.0,C
2025-03-04,390,390,0,1.0,C
2025-03-05,390,390,0,1.0,C
2025-03-06,390,390,0,1.0,C
2025-03-07,390,390,0,1.0,C
2025-03-10,390,390,0,1.0,C
2025-03-11,390,390,0,1.0,C
2025-03-12,390,390,0,1.0,C
2025-03-13,390,390,0,1.0,C
2025-03-14,390,390,0,1.0,C
2025-03-17,390,390,0,1.0,C
2025-03-18,390,390,0,1.0,C
2025-03-19,390,390,0,1.0,C
2025-03-20,390,390,0,1.0,C
2025-03-21,390,390,0,1.0,C
2025-03-24,390,390,0,1.0,C
2025-03-25,390,390,0,1.0,C
2025-03-26,390,390,0,1.0,C
2025-03-27,390,390,0,1.0,C
2025-03-28,390,390,0,1.0,C
2025-03-31,390,390,0,1.0,C
2025-04-01,390,389,1,0.9974358974358974,C
2025-04-02,390,390,0,1.0,C
2025-04-03,390,390,0,1.0,C
2025-04-04,390,390,0,1.0,C
2025-04-07,390,390,0,1.0,C
2025-04-08,390,390,0,1.0,C
2025-04-09,390,390,0,1.0,C
2025-04-10,390,390,0,1.0,C
2025-04-11,390,390,0,1.0,C
2025-04-14,390,390,0,1.0,C
2025-04-15,390,390,0,1.0,C
2025-04-16,390,390,0,1.0,C
2025-04-17,390,390,0,1.0,C
2025-04-21,390,390,0,1.0,C
2025-04-22,390,390,0,1.0,C
2025-04-23,390,390,0,1.0,C
2025-04-24,390,390,0,1.0,C
2025-04-25,390,390,0,1.0,C
2025-04-28,390,390,0,1.0,C
2025-04-29,390,390,0,1.0,C
2025-04-30,390,390,0,1.0,C
2025-05-01,390,390,0,1.0,C
2025-05-02,390,390,0,1.0,C
2025-05-05,390,390,0,1.0,C
2025-05-06,390,390,0,1.0,C
2025-05-07,390,390,0,1.0,C
2025-05-08,390,390,0,1.0,C
2025-05-09,390,390,0,1.0,C
2025-05-12,390,390,0,1.0,C
2025-05-13,390,390,0,1.0,C
2025-05-14,390,390,0,1.0,C
2025-05-15,390,390,0,1.0,C
2025-05-16,390,390,0,1.0,C
2025-05-19,390,390,0,1.0,C
2025-05-20,390,390,0,1.0,C
2025-05-21,390,390,0,1.0,C
2025-05-22,390,390,0,1.0,C
2025-05-23,390,390,0,1.0,C
2025-05-27,390,390,0,1.0,C
2025-05-28,390,390,0,1.0,C
2025-05-29,390,390,0,1.0,C
2025-05-30,390,390,0,1.0,C
2025-06-02,390,390,0,1.0,C
2025-06-03,390,390,0,1.0,C
2025-06-04,390,390,0,1.0,C
2025-06-05,390,390,0,1.0,C
2025-06-06,390,390,0,1.0,C
2025-06-09,390,390,0,1.0,C
2025-06-10,390,390,0,1.0,C
2025-06-11,390,390,0,1.0,C
2025-06-12,390,390,0,1.0,C
2025-06-13,390,390,0,1.0,C
2025-06-16,390,390,0,1.0,C
2025-06-17,390,390,0,1.0,C
2025-06-18,390,390,0,1.0,C
2025-06-20,390,390,0,1.0,C
2025-06-23,390,390,0,1.0,C
2025-06-24,390,390,0,1.0,C
2025-06-25,390,390,0,1.0,C
2025-06-26,390,390,0,1.0,C
2025-06-27,390,390,0,1.0,C
2025-06-30,390,390,0,1.0,C
2025-07-01,390,390,0,1.0,C
2025-07-02,390,390,0,1.0,C
2025-07-03,210,210,0,1.0,C
2025-07-07,390,390,0,1.0,C
2025-07-08,390,390,0,1.0,C
2025-07-09,390,390,0,1.0,C
2025-07-10,390,390,0,1.0,C
2025-07-11,390,390,0,1.0,C
2025-07-14,390,390,0,1.0,C
2025-07-15,390,390,0,1.0,C
2025-07-16,390,390,0,1.0,C
2025-07-17,390,390,0,1.0,C
2025-07-18,390,390,0,1.0,C
2025-07-21,390,390,0,1.0,C
2025-07-22,390,390,0,1.0,C
2025-07-23,390,390,0,1.0,C
2025-07-24,390,390,0,1.0,C
2025-07-25,390,390,0,1.0,C
2025-07-28,390,390,0,1.0,C
2025-07-29,390,390,0,1.0,C
2025-07-30,390,390,0,1.0,C
2025-07-31,390,390,0,1.0,C
2025-08-01,390,390,0,1.0,C
2025-08-04,390,390,0,1.0,C
2025-08-05,390,390,0,1.0,C
2025-08-06,390,390,0,1.0,C
2025-08-07,390,390,0,1.0,C
2025-08-08,390,390,0,1.0,C
2025-08-11,390,390,0,1.0,C
2025-08-12,390,390,0,1.0,C
2025-08-13,390,390,0,1.0,C
2025-08-14,390,390,0,1.0,C
2025-08-15,390,390,0,1.0,C
2025-08-18,390,390,0,1.0,C
2025-08-19,390,390,0,1.0,C
2025-08-20,390,390,0,1.0,C
2025-08-21,390,390,0,1.0,C
2025-08-22,390,390,0,1.0,C
2025-08-25,390,390,0,1.0,C
2025-08-26,390,390,0,1.0,C
2025-08-27,390,390,0,1.0,C
2025-08-28,390,390,0,1.0,C
2025-08-29,390,390,0,1.0,C
2025-09-02,390,390,0,1.0,C
2025-09-03,390,390,0,1.0,C
2025-09-04,390,390,0,1.0,C
2025-09-05,390,390,0,1.0,C
2025-09-08,390,390,0,1.0,C
2025-09-09,390,390,0,1.0,C
2025-09-10,390,390,0,1.0,C
2025-09-11,390,390,0,1.0,C
2025-09-12,390,390,0,1.0,C
2025-09-15,390,390,0,1.0,C
2025-09-16,390,390,0,1.0,C
2025-09-17,390,390,0,1.0,C
2025-09-18,390,390,0,1.0,C
2025-09-19,390,390,0,1.0,C
2025-09-22,390,390,0,1.0,C
2025-09-23,390,390,0,1.0,C
2025-09-24,390,390,0,1.0,C
2025-09-25,390,390,0,1.0,C
2025-09-26,390,390,0,1.0,C
2025-09-29,390,390,0,1.0,C
2025-09-30,390,390,0,1.0,C
2025-10-01,390,390,0,1.0,C
2025-10-02,390,389,1,0.9974358974358974,C
2025-10-03,390,390,0,1.0,C
2025-10-06,390,390,0,1.0,C
2025-10-07,390,390,0,1.0,C
2025-10-08,390,390,0,1.0,C
2025-10-09,390,390,0,1.0,C
2025-10-10,390,390,0,1.0,C
2025-10-13,390,390,0,1.0,C
2025-10-14,390,390,0,1.0,C
2025-10-15,390,390,0,1.0,C
2025-10-16,390,390,0,1.0,C
2025-10-17,390,390,0,1.0,C
2025-10-20,390,390,0,1.0,C
2025-10-21,390,390,0,1.0,C
2025-10-22,390,390,0,1.0,C
2025-10-23,390,390,0,1.0,C
2025-10-24,390,390,0,1.0,C
2025-10-27,390,390,0,1.0,C
2025-10-28,390,390,0,1.0,C
2025-10-29,390,390,0,1.0,C
2025-10-30,390,390,0,1.0,C
2025-10-31,390,390,0,1.0,C
2025-11-03,390,390,0,1.0,C
2025-11-04,390,390,0,1.0,C
2025-11-05,390,390,0,1.0,C
2025-11-06,390,390,0,1.0,C
2025-11-07,390,390,0,1.0,C
2025-11-10,390,390,0,1.0,C
2025-11-11,390,390,0,1.0,C
2025-11-12,390,390,0,1.0,C
2025-11-13,390,390,0,1.0,C
2025-11-14,390,390,0,1.0,C
2025-11-17,390,390,0,1.0,C
2025-11-18,390,390,0,1.0,C
2025-11-19,390,390,0,1.0,C
2025-11-20,390,390,0,1.0,C
2025-11-21,390,390,0,1.0,C
2025-11-24,390,390,0,1.0,C
2025-11-25,390,390,0,1.0,C
2025-11-26,390,390,0,1.0,C
2025-11-28,210,210,0,1.0,C
2025-12-01,390,390,0,1.0,C
2025-12-02,390,390,0,1.0,C
2025-12-03,390,390,0,1.0,C
2025-12-04,390,390,0,1.0,C
2025-12-05,390,390,0,1.0,C
2025-12-08,390,390,0,1.0,C
2025-12-09,390,390,0,1.0,C
2025-12-10,390,390,0,1.0,C
2025-12-11,390,390,0,1.0,C
2025-12-12,390,390,0,1.0,C
2025-12-15,390,390,0,1.0,C
2025-12-16,390,390,0,1.0,C
2025-12-17,390,390,0,1.0,C
2025-12-18,390,390,0,1.0,C
2025-12-19,390,390,0,1.0,C
2025-12-22,390,390,0,1.0,C
2025-12-23,390,390,0,1.0,C
2025-12-24,210,210,0,1.0,C
2025-12-26,390,390,0,1.0,C
2025-12-29,390,390,0,1.0,C
2025-12-30,390,390,0,1.0,C
2025-12-31,390,390,0,1.0,C
2026-01-02,390,390,0,1.0,C
2026-01-05,390,390,0,1.0,C
2026-01-06,390,390,0,1.0,C
2026-01-07,390,390,0,1.0,C
2026-01-08,390,390,0,1.0,C
2026-01-09,390,390,0,1.0,C
2026-01-12,390,390,0,1.0,C
2026-01-13,390,390,0,1.0,C
2026-01-14,390,390,0,1.0,C
2026-01-15,390,390,0,1.0,C
2026-01-16,390,390,0,1.0,C
2026-01-20,390,390,0,1.0,C
2026-01-21,390,390,0,1.0,C
2026-01-22,390,390,0,1.0,C
2026-01-23,390,390,0,1.0,C
2026-01-26,390,390,0,1.0,C
2026-01-27,390,390,0,1.0,C
2026-01-28,390,389,1,0.9974358974358974,C
2026-01-29,390,390,0,1.0,C
2026-01-30,390,390,0,1.0,C
2026-02-02,390,390,0,1.0,C
2026-02-03,390,390,0,1.0,C
2026-02-04,390,390,0,1.0,C
2026-02-05,390,390,0,1.0,C
2026-02-06,390,390,0,1.0,C
2026-02-09,390,390,0,1.0,C
2026-02-10,390,390,0,1.0,C
2026-02-11,390,390,0,1.0,C
2026-02-12,390,390,0,1.0,C
2026-02-13,390,390,0,1.0,C
2026-02-17,390,390,0,1.0,C
2026-02-18,390,389,1,0.9974358974358974,C
2026-02-19,390,390,0,1.0,C
2026-02-20,390,390,0,1.0,C
2026-02-23,390,390,0,1.0,C
2026-02-24,390,390,0,1.0,C
2026-02-25,390,390,0,1.0,C
2026-02-26,390,390,0,1.0,C
2026-02-27,390,390,0,1.0,C
2026-03-02,390,389,1,0.9974358974358974,C
2026-03-03,390,390,0,1.0,C
2026-03-04,390,390,0,1.0,C
2026-03-05,390,389,1,0.9974358974358974,C
2026-03-06,390,390,0,1.0,C
2026-03-09,390,390,0,1.0,C
2026-03-10,390,390,0,1.0,C
2026-03-11,390,390,0,1.0,C
2026-03-12,390,390,0,1.0,C
2026-03-13,390,390,0,1.0,C
2026-03-16,390,390,0,1.0,C
2026-03-17,390,390,0,1.0,C
2026-03-18,390,390,0,1.0,C
2026-03-19,390,390,0,1.0,C
2026-03-20,390,390,0,1.0,C
2026-03-23,390,390,0,1.0,C
2026-03-24,390,390,0,1.0,C
2026-03-25,390,390,0,1.0,C
2026-03-26,390,390,0,1.0,C
2026-03-27,390,390,0,1.0,C
2026-03-30,390,390,0,1.0,C
2026-03-31,390,390,0,1.0,C
2026-04-01,390,390,0,1.0,C
2026-04-02,390,390,0,1.0,C
2026-04-06,390,390,0,1.0,C
2026-04-07,390,389,1,0.9974358974358974,C
2026-04-08,390,390,0,1.0,C
2026-04-09,390,390,0,1.0,C
2026-04-10,390,390,0,1.0,C
2026-04-13,390,390,0,1.0,C
2026-04-14,390,390,0,1.0,C
2026-04-15,390,390,0,1.0,C
2026-04-16,390,390,0,1.0,C
2026-04-17,390,390,0,1.0,C
2026-04-20,390,390,0,1.0,C
2026-04-21,390,390,0,1.0,C
2026-04-22,390,390,0,1.0,C
2026-04-23,390,389,1,0.9974358974358974,C
2026-04-24,390,390,0,1.0,C
2026-04-27,390,390,0,1.0,C
2026-04-28,390,390,0,1.0,C
2026-04-29,390,390,0,1.0,C
2026-04-30,390,390,0,1.0,C
2026-05-01,390,390,0,1.0,C
2026-05-04,390,390,0,1.0,C
2026-05-05,390,390,0,1.0,C
2026-05-06,390,390,0,1.0,C
2026-05-07,390,390,0,1.0,C
2026-05-08,390,390,0,1.0,C
2026-05-11,390,390,0,1.0,C
2026-05-12,390,390,0,1.0,C
2026-05-13,390,389,1,0.9974358974358974,C
2026-05-14,390,390,0,1.0,C
2026-05-15,390,390,0,1.0,C
2026-05-18,390,390,0,1.0,C
2026-05-19,390,390,0,1.0,C
2026-05-20,390,390,0,1.0,C
2026-05-21,390,390,0,1.0,C
2026-05-22,390,390,0,1.0,C
2026-05-26,390,390,0,1.0,C
2026-05-27,390,389,1,0.9974358974358974,C
2026-05-28,390,390,0,1.0,C
2026-05-29,390,390,0,1.0,C
2026-06-01,390,390,0,1.0,C
2026-06-02,390,390,0,1.0,C
2026-06-03,390,390,0,1.0,C
2026-06-04,390,390,0,1.0,C
2026-06-05,390,390,0,1.0,C
2026-06-08,390,389,1,0.9974358974358974,C
2026-06-09,390,390,0,1.0,C
2026-06-10,390,389,1,0.9974358974358974,C
2026-06-11,390,390,0,1.0,C
2026-06-12,390,390,0,1.0,C
2026-06-15,390,390,0,1.0,C
2026-06-16,390,390,0,1.0,C
2026-06-17,390,390,0,1.0,C
2026-06-18,390,390,0,1.0,C
2026-06-22,390,390,0,1.0,C
2026-06-23,390,390,0,1.0,C
2026-06-24,390,390,0,1.0,C
2026-06-25,390,390,0,1.0,C
2026-06-26,390,390,0,1.0,C
2026-06-29,390,390,0,1.0,C
2026-06-30,390,390,0,1.0,C
2026-07-01,390,390,0,1.0,C
2026-07-02,390,390,0,1.0,C
2026-07-06,390,389,1,0.9974358974358974,C
2026-07-07,390,390,0,1.0,C
2026-07-08,390,390,0,1.0,C
2026-07-09,390,389,1,0.9974358974358974,C
2026-07-10,390,389,1,0.9974358974358974,C
2026-07-13,390,389,1,0.9974358974358974,C
2026-07-14,390,390,0,1.0,C
2026-07-15,390,390,0,1.0,C
2026-07-16,390,390,0,1.0,C
2026-07-17,390,390,0,1.0,C
2026-07-20,390,390,0,1.0,C
2026-07-21,390,390,0,1.0,C
2026-07-22,390,389,1,0.9974358974358974,C
2026-07-23,390,389,1,0.9974358974358974,C
2026-07-24,390,390,0,1.0,C
2026-07-27,390,390,0,1.0,C
2026-07-28,390,390,0,1.0,C
2026-07-29,390,390,0,1.0,C
2026-07-30,390,390,0,1.0,C
2026-07-31,390,390,0,1.0,C
2026-08-03,390,390,0,1.0,C
2026-08-04,390,390,0,1.0,C
2026-08-05,390,390,0,1.0,C
2026-08-06,390,390,0,1.0,C
2026-08-07,390,390,0,1.0,C
2026-08-10,390,390,0,1.0,C
2026-08-11,390,390,0,1.0,C
2026-08-12,390,389,1,0.9974358974358974,C
2026-08-13,390,390,0,1.0,C
2026-08-14,390,389,1,0.9974358974358974,C
2026-08-17,390,390,0,1.0,C
2026-08-18,390,390,0,1.0,C
2026-08-19,390,390,0,1.0,C
2026-08-20,390,390,0,1.0,C
2026-08-21,390,390,0,1.0,C
2026-08-24,390,389,1,0.9974358974358974,C
2026-08-25,390,390,0,1.0,C
2026-08-26,390,390,0,1.0,C
2026-08-27,390,390,0,1.0,C
2026-08-28,390,390,0,1.0,C
2026-08-31,390,389,1,0.9974358974358974,C
2026-09-01,390,390,0,1.0,C
2026-09-02,390,390,0,1.0,C
2026-09-03,390,390,0,1.0,C
2026-09-04,390,390,0,1.0,C
2026-09-08,390,390,0,1.0,C
2026-09-09,390,390,0,1.0,C
2023-01-03,390,389,1,0.9974358974358974,AXP
2023-01-04,390,389,1,0.9974358974358974,AXP
2023-01-05,390,390,0,1.0,AXP
2023-01-06,390,390,0,1.0,AXP
2023-01-09,390,390,0,1.0,AXP
2023-01-10,390,389,1,0.9974358974358974,AXP
2023-01-11,390,390,0,1.0,AXP
2023-01-12,390,390,0,1.0,AXP
2023-01-13,390,389,1,0.9974358974358974,AXP
2023-01-17,390,390,0,1.0,AXP
2023-01-18,390,390,0,1.0,AXP
2023-01-19,390,390,0,1.0,AXP
2023-01-20,390,389,1,0.9974358974358974,AXP
2023-01-23,390,390,0,1.0,AXP
2023-01-24,390,389,1,0.9974358974358974,AXP
2023-01-25,390,388,2,0.9948717948717949,AXP
2023-01-26,390,390,0,1.0,AXP
2023-01-27,390,390,0,1.0,AXP
2023-01-30,390,390,0,1.0,AXP
2023-01-31,390,390,0,1.0,AXP
2023-02-01,390,390,0,1.0,AXP
2023-02-02,390,390,0,1.0,AXP
2023-02-03,390,388,2,0.9948717948717949,AXP
2023-02-06,390,390,0,1.0,AXP
2023-02-07,390,390,0,1.0,AXP
2023-02-08,390,390,0,1.0,AXP
2023-02-09,390,390,0,1.0,AXP
2023-02-10,390,390,0,1.0,AXP
2023-02-13,390,390,0,1.0,AXP
2023-02-14,390,386,4,0.9897435897435898,AXP
2023-02-15,390,385,5,0.9871794871794872,AXP
2023-02-16,390,390,0,1.0,AXP
2023-02-17,390,388,2,0.9948717948717949,AXP
2023-02-21,390,389,1,0.9974358974358974,AXP
2023-02-22,390,387,3,0.9923076923076923,AXP
2023-02-23,390,390,0,1.0,AXP
2023-02-24,390,386,4,0.9897435897435898,AXP
2023-02-27,390,390,0,1.0,AXP
2023-02-28,390,384,6,0.9846153846153847,AXP
2023-03-01,390,390,0,1.0,AXP
2023-03-02,390,386,4,0.9897435897435898,AXP
2023-03-03,390,390,0,1.0,AXP
2023-03-06,390,389,1,0.9974358974358974,AXP
2023-03-07,390,390,0,1.0,AXP
2023-03-08,390,390,0,1.0,AXP
2023-03-09,390,390,0,1.0,AXP
2023-03-10,390,390,0,1.0,AXP
2023-03-13,390,390,0,1.0,AXP
2023-03-14,390,390,0,1.0,AXP
2023-03-15,390,390,0,1.0,AXP
2023-03-16,390,390,0,1.0,AXP
2023-03-17,390,390,0,1.0,AXP
2023-03-20,390,390,0,1.0,AXP
2023-03-21,390,390,0,1.0,AXP
2023-03-22,390,390,0,1.0,AXP
2023-03-23,390,389,1,0.9974358974358974,AXP
2023-03-24,390,390,0,1.0,AXP
2023-03-27,390,388,2,0.9948717948717949,AXP
2023-03-28,390,390,0,1.0,AXP
2023-03-29,390,390,0,1.0,AXP
2023-03-30,390,390,0,1.0,AXP
2023-03-31,390,390,0,1.0,AXP
2023-04-03,390,390,0,1.0,AXP
2023-04-04,390,390,0,1.0,AXP
2023-04-05,390,390,0,1.0,AXP
2023-04-06,390,390,0,1.0,AXP
2023-04-10,390,389,1,0.9974358974358974,AXP
2023-04-11,390,389,1,0.9974358974358974,AXP
2023-04-12,390,389,1,0.9974358974358974,AXP
2023-04-13,390,390,0,1.0,AXP
2023-04-14,390,390,0,1.0,AXP
2023-04-17,390,390,0,1.0,AXP
2023-04-18,390,390,0,1.0,AXP
2023-04-19,390,390,0,1.0,AXP
2023-04-20,390,390,0,1.0,AXP
2023-04-21,390,389,1,0.9974358974358974,AXP
2023-04-24,390,389,1,0.9974358974358974,AXP
2023-04-25,390,389,1,0.9974358974358974,AXP
2023-04-26,390,389,1,0.9974358974358974,AXP
2023-04-27,390,388,2,0.9948717948717949,AXP
2023-04-28,390,388,2,0.9948717948717949,AXP
2023-05-01,390,388,2,0.9948717948717949,AXP
2023-05-02,390,389,1,0.9974358974358974,AXP
2023-05-03,390,390,0,1.0,AXP
2023-05-04,390,390,0,1.0,AXP
2023-05-05,390,387,3,0.9923076923076923,AXP
2023-05-08,390,390,0,1.0,AXP
2023-05-09,390,389,1,0.9974358974358974,AXP
2023-05-10,390,390,0,1.0,AXP
2023-05-11,390,390,0,1.0,AXP
2023-05-12,390,389,1,0.9974358974358974,AXP
2023-05-15,390,390,0,1.0,AXP
2023-05-16,390,390,0,1.0,AXP
2023-05-17,390,390,0,1.0,AXP
2023-05-18,390,390,0,1.0,AXP
2023-05-19,390,389,1,0.9974358974358974,AXP
2023-05-22,390,390,0,1.0,AXP
2023-05-23,390,390,0,1.0,AXP
2023-05-24,390,388,2,0.9948717948717949,AXP
2023-05-25,390,388,2,0.9948717948717949,AXP
2023-05-26,390,390,0,1.0,AXP
2023-05-30,390,390,0,1.0,AXP
2023-05-31,390,390,0,1.0,AXP
2023-06-01,390,389,1,0.9974358974358974,AXP
2023-06-02,390,389,1,0.9974358974358974,AXP
2023-06-05,390,386,4,0.9897435897435898,AXP
2023-06-06,390,390,0,1.0,AXP
2023-06-07,390,390,0,1.0,AXP
2023-06-08,390,389,1,0.9974358974358974,AXP
2023-06-09,390,390,0,1.0,AXP
2023-06-12,390,389,1,0.9974358974358974,AXP
2023-06-13,390,389,1,0.9974358974358974,AXP
2023-06-14,390,389,1,0.9974358974358974,AXP
2023-06-15,390,389,1,0.9974358974358974,AXP
2023-06-16,390,389,1,0.9974358974358974,AXP
2023-06-20,390,390,0,1.0,AXP
2023-06-21,390,387,3,0.9923076923076923,AXP
2023-06-22,390,390,0,1.0,AXP
2023-06-23,390,390,0,1.0,AXP
2023-06-26,390,387,3,0.9923076923076923,AXP
2023-06-27,390,389,1,0.9974358974358974,AXP
2023-06-28,390,388,2,0.9948717948717949,AXP
2023-06-29,390,387,3,0.9923076923076923,AXP
2023-06-30,390,389,1,0.9974358974358974,AXP
2023-07-03,210,210,0,1.0,AXP
2023-07-05,390,390,0,1.0,AXP
2023-07-06,390,389,1,0.9974358974358974,AXP
2023-07-07,390,390,0,1.0,AXP
2023-07-10,390,383,7,0.982051282051282,AXP
2023-07-11,390,382,8,0.9794871794871794,AXP
2023-07-12,390,389,1,0.9974358974358974,AXP
2023-07-13,390,386,4,0.9897435897435898,AXP
2023-07-14,390,390,0,1.0,AXP
2023-07-17,390,381,9,0.9769230769230769,AXP
2023-07-18,390,390,0,1.0,AXP
2023-07-19,390,390,0,1.0,AXP
2023-07-20,390,390,0,1.0,AXP
2023-07-21,390,390,0,1.0,AXP
2023-07-24,390,390,0,1.0,AXP
2023-07-25,390,389,1,0.9974358974358974,AXP
2023-07-26,390,389,1,0.9974358974358974,AXP
2023-07-27,390,390,0,1.0,AXP
2023-07-28,390,390,0,1.0,AXP
2023-07-31,390,390,0,1.0,AXP
2023-08-01,390,390,0,1.0,AXP
2023-08-02,390,388,2,0.9948717948717949,AXP
2023-08-03,390,384,6,0.9846153846153847,AXP
2023-08-04,390,389,1,0.9974358974358974,AXP
2023-08-07,390,388,2,0.9948717948717949,AXP
2023-08-08,390,384,6,0.9846153846153847,AXP
2023-08-09,390,387,3,0.9923076923076923,AXP
2023-08-10,390,390,0,1.0,AXP
2023-08-11,390,388,2,0.9948717948717949,AXP
2023-08-14,390,390,0,1.0,AXP
2023-08-15,390,389,1,0.9974358974358974,AXP
2023-08-16,390,389,1,0.9974358974358974,AXP
2023-08-17,390,388,2,0.9948717948717949,AXP
2023-08-18,390,390,0,1.0,AXP
2023-08-21,390,388,2,0.9948717948717949,AXP
2023-08-22,390,389,1,0.9974358974358974,AXP
2023-08-23,390,390,0,1.0,AXP
2023-08-24,390,389,1,0.9974358974358974,AXP
2023-08-25,390,390,0,1.0,AXP
2023-08-28,390,390,0,1.0,AXP
2023-08-29,390,383,7,0.982051282051282,AXP
2023-08-30,390,389,1,0.9974358974358974,AXP
2023-08-31,390,389,1,0.9974358974358974,AXP
2023-09-01,390,389,1,0.9974358974358974,AXP
2023-09-05,390,389,1,0.9974358974358974,AXP
2023-09-06,390,388,2,0.9948717948717949,AXP
2023-09-07,390,389,1,0.9974358974358974,AXP
2023-09-08,390,388,2,0.9948717948717949,AXP
2023-09-11,390,388,2,0.9948717948717949,AXP
2023-09-12,390,385,5,0.9871794871794872,AXP
2023-09-13,390,390,0,1.0,AXP
2023-09-14,390,389,1,0.9974358974358974,AXP
2023-09-15,390,390,0,1.0,AXP
2023-09-18,390,390,0,1.0,AXP
2023-09-19,390,385,5,0.9871794871794872,AXP
2023-09-20,390,381,9,0.9769230769230769,AXP
2023-09-21,390,388,2,0.9948717948717949,AXP
2023-09-22,390,389,1,0.9974358974358974,AXP
2023-09-25,390,386,4,0.9897435897435898,AXP
2023-09-26,390,390,0,1.0,AXP
2023-09-27,390,389,1,0.9974358974358974,AXP
2023-09-28,390,389,1,0.9974358974358974,AXP
2023-09-29,390,390,0,1.0,AXP
2023-10-02,390,390,0,1.0,AXP
2023-10-03,390,390,0,1.0,AXP
2023-10-04,390,390,0,1.0,AXP
2023-10-05,390,389,1,0.9974358974358974,AXP
2023-10-06,390,389,1,0.9974358974358974,AXP
2023-10-09,390,387,3,0.9923076923076923,AXP
2023-10-10,390,389,1,0.9974358974358974,AXP
2023-10-11,390,387,3,0.9923076923076923,AXP
2023-10-12,390,387,3,0.9923076923076923,AXP
2023-10-13,390,388,2,0.9948717948717949,AXP
2023-10-16,390,389,1,0.9974358974358974,AXP
2023-10-17,390,390,0,1.0,AXP
2023-10-18,390,390,0,1.0,AXP
2023-10-19,390,390,0,1.0,AXP
2023-10-20,390,390,0,1.0,AXP
2023-10-23,390,390,0,1.0,AXP
2023-10-24,390,389,1,0.9974358974358974,AXP
2023-10-25,390,390,0,1.0,AXP
2023-10-26,390,389,1,0.9974358974358974,AXP
2023-10-27,390,390,0,1.0,AXP
2023-10-30,390,390,0,1.0,AXP
2023-10-31,390,390,0,1.0,AXP
2023-11-01,390,389,1,0.9974358974358974,AXP
2023-11-02,390,389,1,0.9974358974358974,AXP
2023-11-03,390,389,1,0.9974358974358974,AXP
2023-11-06,390,390,0,1.0,AXP
2023-11-07,390,387,3,0.9923076923076923,AXP
2023-11-08,390,387,3,0.9923076923076923,AXP
2023-11-09,390,384,6,0.9846153846153847,AXP
2023-11-10,390,383,7,0.982051282051282,AXP
2023-11-13,390,389,1,0.9974358974358974,AXP
2023-11-14,390,390,0,1.0,AXP
2023-11-15,390,389,1,0.9974358974358974,AXP
2023-11-16,390,390,0,1.0,AXP
2023-11-17,390,390,0,1.0,AXP
2023-11-20,390,389,1,0.9974358974358974,AXP
2023-11-21,390,390,0,1.0,AXP
2023-11-22,390,390,0,1.0,AXP
2023-11-24,210,209,1,0.9952380952380953,AXP
2023-11-27,390,390,0,1.0,AXP
2023-11-28,390,389,1,0.9974358974358974,AXP
2023-11-29,390,390,0,1.0,AXP
2023-11-30,390,390,0,1.0,AXP
2023-12-01,390,390,0,1.0,AXP
2023-12-04,390,390,0,1.0,AXP
2023-12-05,390,390,0,1.0,AXP
2023-12-06,390,389,1,0.9974358974358974,AXP
2023-12-07,390,389,1,0.9974358974358974,AXP
2023-12-08,390,388,2,0.9948717948717949,AXP
2023-12-11,390,390,0,1.0,AXP
2023-12-12,390,389,1,0.9974358974358974,AXP
2023-12-13,390,388,2,0.9948717948717949,AXP
2023-12-14,390,390,0,1.0,AXP
2023-12-15,390,389,1,0.9974358974358974,AXP
2023-12-18,390,389,1,0.9974358974358974,AXP
2023-12-19,390,390,0,1.0,AXP
2023-12-20,390,390,0,1.0,AXP
2023-12-21,390,390,0,1.0,AXP
2023-12-22,390,389,1,0.9974358974358974,AXP
2023-12-26,390,382,8,0.9794871794871794,AXP
2023-12-27,390,386,4,0.9897435897435898,AXP
2023-12-28,390,379,11,0.9717948717948718,AXP
2023-12-29,390,389,1,0.9974358974358974,AXP
2024-01-02,390,389,1,0.9974358974358974,AXP
2024-01-03,390,389,1,0.9974358974358974,AXP
2024-01-04,390,389,1,0.9974358974358974,AXP
2024-01-05,390,387,3,0.9923076923076923,AXP
2024-01-08,390,389,1,0.9974358974358974,AXP
2024-01-09,390,386,4,0.9897435897435898,AXP
2024-01-10,390,390,0,1.0,AXP
2024-01-11,390,390,0,1.0,AXP
2024-01-12,390,390,0,1.0,AXP
2024-01-16,390,390,0,1.0,AXP
2024-01-17,390,390,0,1.0,AXP
2024-01-18,390,390,0,1.0,AXP
2024-01-19,390,389,1,0.9974358974358974,AXP
2024-01-22,390,390,0,1.0,AXP
2024-01-23,390,390,0,1.0,AXP
2024-01-24,390,390,0,1.0,AXP
2024-01-25,390,390,0,1.0,AXP
2024-01-26,390,390,0,1.0,AXP
2024-01-29,390,390,0,1.0,AXP
2024-01-30,390,390,0,1.0,AXP
2024-01-31,390,390,0,1.0,AXP
2024-02-01,390,390,0,1.0,AXP
2024-02-02,390,390,0,1.0,AXP
2024-02-05,390,389,1,0.9974358974358974,AXP
2024-02-06,390,390,0,1.0,AXP
2024-02-07,390,390,0,1.0,AXP
2024-02-08,390,389,1,0.9974358974358974,AXP
2024-02-09,390,390,0,1.0,AXP
2024-02-12,390,390,0,1.0,AXP
2024-02-13,390,390,0,1.0,AXP
2024-02-14,390,388,2,0.9948717948717949,AXP
2024-02-15,390,390,0,1.0,AXP
2024-02-16,390,390,0,1.0,AXP
2024-02-20,390,390,0,1.0,AXP
2024-02-21,390,389,1,0.9974358974358974,AXP
2024-02-22,390,390,0,1.0,AXP
2024-02-23,390,387,3,0.9923076923076923,AXP
2024-02-26,390,389,1,0.9974358974358974,AXP
2024-02-27,390,390,0,1.0,AXP
2024-02-28,390,390,0,1.0,AXP
2024-02-29,390,390,0,1.0,AXP
2024-03-01,390,389,1,0.9974358974358974,AXP
2024-03-04,390,390,0,1.0,AXP
2024-03-05,390,390,0,1.0,AXP
2024-03-06,390,389,1,0.9974358974358974,AXP
2024-03-07,390,390,0,1.0,AXP
2024-03-08,390,389,1,0.9974358974358974,AXP
2024-03-11,390,389,1,0.9974358974358974,AXP
2024-03-12,390,390,0,1.0,AXP
2024-03-13,390,386,4,0.9897435897435898,AXP
2024-03-14,390,389,1,0.9974358974358974,AXP
2024-03-15,390,389,1,0.9974358974358974,AXP
2024-03-18,390,386,4,0.9897435897435898,AXP
2024-03-19,390,383,7,0.982051282051282,AXP
2024-03-20,390,380,10,0.9743589743589743,AXP
2024-03-21,390,390,0,1.0,AXP
2024-03-22,390,390,0,1.0,AXP
2024-03-25,390,389,1,0.9974358974358974,AXP
2024-03-26,390,376,14,0.9641025641025641,AXP
2024-03-27,390,383,7,0.982051282051282,AXP
2024-03-28,390,386,4,0.9897435897435898,AXP
2024-04-01,390,386,4,0.9897435897435898,AXP
2024-04-02,390,382,8,0.9794871794871794,AXP
2024-04-03,390,386,4,0.9897435897435898,AXP
2024-04-04,390,386,4,0.9897435897435898,AXP
2024-04-05,390,389,1,0.9974358974358974,AXP
2024-04-08,390,387,3,0.9923076923076923,AXP
2024-04-09,390,390,0,1.0,AXP
2024-04-10,390,389,1,0.9974358974358974,AXP
2024-04-11,390,390,0,1.0,AXP
2024-04-12,390,389,1,0.9974358974358974,AXP
2024-04-15,390,390,0,1.0,AXP
2024-04-16,390,390,0,1.0,AXP
2024-04-17,390,390,0,1.0,AXP
2024-04-18,390,390,0,1.0,AXP
2024-04-19,390,389,1,0.9974358974358974,AXP
2024-04-22,390,390,0,1.0,AXP
2024-04-23,390,390,0,1.0,AXP
2024-04-24,390,390,0,1.0,AXP
2024-04-25,390,390,0,1.0,AXP
2024-04-26,390,390,0,1.0,AXP
2024-04-29,390,390,0,1.0,AXP
2024-04-30,390,390,0,1.0,AXP
2024-05-01,390,390,0,1.0,AXP
2024-05-02,390,389,1,0.9974358974358974,AXP
2024-05-03,390,390,0,1.0,AXP
2024-05-06,390,390,0,1.0,AXP
2024-05-07,390,389,1,0.9974358974358974,AXP
2024-05-08,390,389,1,0.9974358974358974,AXP
2024-05-09,390,388,2,0.9948717948717949,AXP
2024-05-10,390,389,1,0.9974358974358974,AXP
2024-05-13,390,389,1,0.9974358974358974,AXP
2024-05-14,390,390,0,1.0,AXP
2024-05-15,390,390,0,1.0,AXP
2024-05-16,390,390,0,1.0,AXP
2024-05-17,390,386,4,0.9897435897435898,AXP
2024-05-20,390,389,1,0.9974358974358974,AXP
2024-05-21,390,385,5,0.9871794871794872,AXP
2024-05-22,390,389,1,0.9974358974358974,AXP
2024-05-23,390,390,0,1.0,AXP
2024-05-24,390,384,6,0.9846153846153847,AXP
2024-05-28,390,387,3,0.9923076923076923,AXP
2024-05-29,390,389,1,0.9974358974358974,AXP
2024-05-30,390,389,1,0.9974358974358974,AXP
2024-05-31,390,390,0,1.0,AXP
2024-06-03,390,387,3,0.9923076923076923,AXP
2024-06-04,390,388,2,0.9948717948717949,AXP
2024-06-05,390,388,2,0.9948717948717949,AXP
2024-06-06,390,389,1,0.9974358974358974,AXP
2024-06-07,390,388,2,0.9948717948717949,AXP
2024-06-10,390,386,4,0.9897435897435898,AXP
2024-06-11,390,390,0,1.0,AXP
2024-06-12,390,390,0,1.0,AXP
2024-06-13,390,389,1,0.9974358974358974,AXP
2024-06-14,390,389,1,0.9974358974358974,AXP
2024-06-17,390,385,5,0.9871794871794872,AXP
2024-06-18,390,384,6,0.9846153846153847,AXP
2024-06-20,390,388,2,0.9948717948717949,AXP
2024-06-21,390,372,18,0.9538461538461539,AXP
2024-06-24,390,385,5,0.9871794871794872,AXP
2024-06-25,390,374,16,0.958974358974359,AXP
2024-06-26,390,382,8,0.9794871794871794,AXP
2024-06-27,390,382,8,0.9794871794871794,AXP
2024-06-28,390,389,1,0.9974358974358974,AXP
2024-07-01,390,389,1,0.9974358974358974,AXP
2024-07-02,390,383,7,0.982051282051282,AXP
2024-07-03,210,209,1,0.9952380952380953,AXP
2024-07-05,390,382,8,0.9794871794871794,AXP
2024-07-08,390,386,4,0.9897435897435898,AXP
2024-07-09,390,383,7,0.982051282051282,AXP
2024-07-10,390,375,15,0.9615384615384616,AXP
2024-07-11,390,376,14,0.9641025641025641,AXP
2024-07-12,390,388,2,0.9948717948717949,AXP
2024-07-15,390,390,0,1.0,AXP
2024-07-16,390,388,2,0.9948717948717949,AXP
2024-07-17,390,389,1,0.9974358974358974,AXP
2024-07-18,390,390,0,1.0,AXP
2024-07-19,390,390,0,1.0,AXP
2024-07-22,390,385,5,0.9871794871794872,AXP
2024-07-23,390,388,2,0.9948717948717949,AXP
2024-07-24,390,389,1,0.9974358974358974,AXP
2024-07-25,390,386,4,0.9897435897435898,AXP
2024-07-26,390,385,5,0.9871794871794872,AXP
2024-07-29,390,380,10,0.9743589743589743,AXP
2024-07-30,390,385,5,0.9871794871794872,AXP
2024-07-31,390,384,6,0.9846153846153847,AXP
2024-08-01,390,390,0,1.0,AXP
2024-08-02,390,390,0,1.0,AXP
2024-08-05,390,390,0,1.0,AXP
2024-08-06,390,388,2,0.9948717948717949,AXP
2024-08-07,390,387,3,0.9923076923076923,AXP
2024-08-08,390,381,9,0.9769230769230769,AXP
2024-08-09,390,380,10,0.9743589743589743,AXP
2024-08-12,390,384,6,0.9846153846153847,AXP
2024-08-13,390,381,9,0.9769230769230769,AXP
2024-08-14,390,387,3,0.9923076923076923,AXP
2024-08-15,390,389,1,0.9974358974358974,AXP
2024-08-16,390,384,6,0.9846153846153847,AXP
2024-08-19,390,390,0,1.0,AXP
2024-08-20,390,383,7,0.982051282051282,AXP
2024-08-21,390,390,0,1.0,AXP
2024-08-22,390,384,6,0.9846153846153847,AXP
2024-08-23,390,388,2,0.9948717948717949,AXP
2024-08-26,390,380,10,0.9743589743589743,AXP
2024-08-27,390,388,2,0.9948717948717949,AXP
2024-08-28,390,390,0,1.0,AXP
2024-08-29,390,388,2,0.9948717948717949,AXP
2024-08-30,390,389,1,0.9974358974358974,AXP
2024-09-03,390,389,1,0.9974358974358974,AXP
2024-09-04,390,390,0,1.0,AXP
2024-09-05,390,389,1,0.9974358974358974,AXP
2024-09-06,390,390,0,1.0,AXP
2024-09-09,390,389,1,0.9974358974358974,AXP
2024-09-10,390,390,0,1.0,AXP
2024-09-11,390,390,0,1.0,AXP
2024-09-12,390,385,5,0.9871794871794872,AXP
2024-09-13,390,389,1,0.9974358974358974,AXP
2024-09-16,390,390,0,1.0,AXP
2024-09-17,390,390,0,1.0,AXP
2024-09-18,390,386,4,0.9897435897435898,AXP
2024-09-19,390,390,0,1.0,AXP
2024-09-20,390,389,1,0.9974358974358974,AXP
2024-09-23,390,387,3,0.9923076923076923,AXP
2024-09-24,390,389,1,0.9974358974358974,AXP
2024-09-25,390,379,11,0.9717948717948718,AXP
2024-09-26,390,380,10,0.9743589743589743,AXP
2024-09-27,390,382,8,0.9794871794871794,AXP
2024-09-30,390,382,8,0.9794871794871794,AXP
2024-10-01,390,381,9,0.9769230769230769,AXP
2024-10-02,390,382,8,0.9794871794871794,AXP
2024-10-03,390,366,24,0.9384615384615385,AXP
2024-10-04,390,384,6,0.9846153846153847,AXP
2024-10-07,390,388,2,0.9948717948717949,AXP
2024-10-08,390,389,1,0.9974358974358974,AXP
2024-10-09,390,386,4,0.9897435897435898,AXP
2024-10-10,390,379,11,0.9717948717948718,AXP
2024-10-11,390,378,12,0.9692307692307692,AXP
2024-10-14,390,369,21,0.9461538461538461,AXP
2024-10-15,390,387,3,0.9923076923076923,AXP
2024-10-16,390,386,4,0.9897435897435898,AXP
2024-10-17,390,389,1,0.9974358974358974,AXP
2024-10-18,390,390,0,1.0,AXP
2024-10-21,390,390,0,1.0,AXP
2024-10-22,390,387,3,0.9923076923076923,AXP
2024-10-23,390,384,6,0.9846153846153847,AXP
2024-10-24,390,390,0,1.0,AXP
2024-10-25,390,390,0,1.0,AXP
2024-10-28,390,387,3,0.9923076923076923,AXP
2024-10-29,390,385,5,0.9871794871794872,AXP
2024-10-30,390,384,6,0.9846153846153847,AXP
2024-10-31,390,388,2,0.9948717948717949,AXP
2024-11-01,390,390,0,1.0,AXP
2024-11-04,390,386,4,0.9897435897435898,AXP
2024-11-05,390,389,1,0.9974358974358974,AXP
2024-11-06,390,390,0,1.0,AXP
2024-11-07,390,390,0,1.0,AXP
2024-11-08,390,386,4,0.9897435897435898,AXP
2024-11-11,390,387,3,0.9923076923076923,AXP
2024-11-12,390,389,1,0.9974358974358974,AXP
2024-11-13,390,388,2,0.9948717948717949,AXP
2024-11-14,390,389,1,0.9974358974358974,AXP
2024-11-15,390,387,3,0.9923076923076923,AXP
2024-11-18,390,385,5,0.9871794871794872,AXP
2024-11-19,390,377,13,0.9666666666666667,AXP
2024-11-20,390,388,2,0.9948717948717949,AXP
2024-11-21,390,390,0,1.0,AXP
2024-11-22,390,390,0,1.0,AXP
2024-11-25,390,390,0,1.0,AXP
2024-11-26,390,383,7,0.982051282051282,AXP
2024-11-27,390,376,14,0.9641025641025641,AXP
2024-11-29,210,209,1,0.9952380952380953,AXP
2024-12-02,390,387,3,0.9923076923076923,AXP
2024-12-03,390,386,4,0.9897435897435898,AXP
2024-12-04,390,383,7,0.982051282051282,AXP
2024-12-05,390,387,3,0.9923076923076923,AXP
2024-12-06,390,388,2,0.9948717948717949,AXP
2024-12-09,390,378,12,0.9692307692307692,AXP
2024-12-10,390,390,0,1.0,AXP
2024-12-11,390,379,11,0.9717948717948718,AXP
2024-12-12,390,367,23,0.941025641025641,AXP
2024-12-13,390,370,20,0.9487179487179487,AXP
2024-12-16,390,381,9,0.9769230769230769,AXP
2024-12-17,390,389,1,0.9974358974358974,AXP
2024-12-18,390,384,6,0.9846153846153847,AXP
2024-12-19,390,390,0,1.0,AXP
2024-12-20,390,390,0,1.0,AXP
2024-12-23,390,384,6,0.9846153846153847,AXP
2024-12-24,210,207,3,0.9857142857142858,AXP
2024-12-26,390,350,40,0.8974358974358975,AXP
2024-12-27,390,375,15,0.9615384615384616,AXP
2024-12-30,390,385,5,0.9871794871794872,AXP
2024-12-31,390,356,34,0.9128205128205128,AXP
2025-01-02,390,388,2,0.9948717948717949,AXP
2025-01-03,390,387,3,0.9923076923076923,AXP
2025-01-06,390,389,1,0.9974358974358974,AXP
2025-01-07,390,388,2,0.9948717948717949,AXP
2025-01-08,390,382,8,0.9794871794871794,AXP
2025-01-10,390,389,1,0.9974358974358974,AXP
2025-01-13,390,389,1,0.9974358974358974,AXP
2025-01-14,390,383,7,0.982051282051282,AXP
2025-01-15,390,390,0,1.0,AXP
2025-01-16,390,389,1,0.9974358974358974,AXP
2025-01-17,390,387,3,0.9923076923076923,AXP
2025-01-21,390,389,1,0.9974358974358974,AXP
2025-01-22,390,390,0,1.0,AXP
2025-01-23,390,389,1,0.9974358974358974,AXP
2025-01-24,390,389,1,0.9974358974358974,AXP
2025-01-27,390,390,0,1.0,AXP
2025-01-28,390,388,2,0.9948717948717949,AXP
2025-01-29,390,382,8,0.9794871794871794,AXP
2025-01-30,390,387,3,0.9923076923076923,AXP
2025-01-31,390,380,10,0.9743589743589743,AXP
2025-02-03,390,383,7,0.982051282051282,AXP
2025-02-04,390,381,9,0.9769230769230769,AXP
2025-02-05,390,387,3,0.9923076923076923,AXP
2025-02-06,390,386,4,0.9897435897435898,AXP
2025-02-07,390,375,15,0.9615384615384616,AXP
2025-02-10,390,389,1,0.9974358974358974,AXP
2025-02-11,390,385,5,0.9871794871794872,AXP
2025-02-12,390,379,11,0.9717948717948718,AXP
2025-02-13,390,378,12,0.9692307692307692,AXP
2025-02-14,390,377,13,0.9666666666666667,AXP
2025-02-18,390,378,12,0.9692307692307692,AXP
2025-02-19,390,384,6,0.9846153846153847,AXP
2025-02-20,390,386,4,0.9897435897435898,AXP
2025-02-21,390,388,2,0.9948717948717949,AXP
2025-02-24,390,386,4,0.9897435897435898,AXP
2025-02-25,390,388,2,0.9948717948717949,AXP
2025-02-26,390,385,5,0.9871794871794872,AXP
2025-02-27,390,385,5,0.9871794871794872,AXP
2025-02-28,390,382,8,0.9794871794871794,AXP
2025-03-03,390,388,2,0.9948717948717949,AXP
2025-03-04,390,390,0,1.0,AXP
2025-03-05,390,390,0,1.0,AXP
2025-03-06,390,390,0,1.0,AXP
2025-03-07,390,390,0,1.0,AXP
2025-03-10,390,390,0,1.0,AXP
2025-03-11,390,390,0,1.0,AXP
2025-03-12,390,390,0,1.0,AXP
2025-03-13,390,390,0,1.0,AXP
2025-03-14,390,389,1,0.9974358974358974,AXP
2025-03-17,390,390,0,1.0,AXP
2025-03-18,390,389,1,0.9974358974358974,AXP
2025-03-19,390,384,6,0.9846153846153847,AXP
2025-03-20,390,387,3,0.9923076923076923,AXP
2025-03-21,390,380,10,0.9743589743589743,AXP
2025-03-24,390,388,2,0.9948717948717949,AXP
2025-03-25,390,384,6,0.9846153846153847,AXP
2025-03-26,390,387,3,0.9923076923076923,AXP
2025-03-27,390,388,2,0.9948717948717949,AXP
2025-03-28,390,390,0,1.0,AXP
2025-03-31,390,387,3,0.9923076923076923,AXP
2025-04-01,390,388,2,0.9948717948717949,AXP
2025-04-02,390,389,1,0.9974358974358974,AXP
2025-04-03,390,390,0,1.0,AXP
2025-04-04,390,388,2,0.9948717948717949,AXP
2025-04-07,390,390,0,1.0,AXP
2025-04-08,390,390,0,1.0,AXP
2025-04-09,390,390,0,1.0,AXP
2025-04-10,390,390,0,1.0,AXP
2025-04-11,390,390,0,1.0,AXP
2025-04-14,390,390,0,1.0,AXP
2025-04-15,390,389,1,0.9974358974358974,AXP
2025-04-16,390,390,0,1.0,AXP
2025-04-17,390,390,0,1.0,AXP
2025-04-21,390,390,0,1.0,AXP
2025-04-22,390,389,1,0.9974358974358974,AXP
2025-04-23,390,389,1,0.9974358974358974,AXP
2025-04-24,390,387,3,0.9923076923076923,AXP
2025-04-25,390,388,2,0.9948717948717949,AXP
2025-04-28,390,388,2,0.9948717948717949,AXP
2025-04-29,390,384,6,0.9846153846153847,AXP
2025-04-30,390,388,2,0.9948717948717949,AXP
2025-05-01,390,388,2,0.9948717948717949,AXP
2025-05-02,390,388,2,0.9948717948717949,AXP
2025-05-05,390,390,0,1.0,AXP
2025-05-06,390,389,1,0.9974358974358974,AXP
2025-05-07,390,387,3,0.9923076923076923,AXP
2025-05-08,390,388,2,0.9948717948717949,AXP
2025-05-09,390,390,0,1.0,AXP
2025-05-12,390,387,3,0.9923076923076923,AXP
2025-05-13,390,390,0,1.0,AXP
2025-05-14,390,381,9,0.9769230769230769,AXP
2025-05-15,390,383,7,0.982051282051282,AXP
2025-05-16,390,386,4,0.9897435897435898,AXP
2025-05-19,390,389,1,0.9974358974358974,AXP
2025-05-20,390,387,3,0.9923076923076923,AXP
2025-05-21,390,387,3,0.9923076923076923,AXP
2025-05-22,390,381,9,0.9769230769230769,AXP
2025-05-23,390,370,20,0.9487179487179487,AXP
2025-05-27,390,389,1,0.9974358974358974,AXP
2025-05-28,390,374,16,0.958974358974359,AXP
2025-05-29,390,386,4,0.9897435897435898,AXP
2025-05-30,390,390,0,1.0,AXP
2025-06-02,390,386,4,0.9897435897435898,AXP
2025-06-03,390,383,7,0.982051282051282,AXP
2025-06-04,390,376,14,0.9641025641025641,AXP
2025-06-05,390,381,9,0.9769230769230769,AXP
2025-06-06,390,386,4,0.9897435897435898,AXP
2025-06-09,390,390,0,1.0,AXP
2025-06-10,390,390,0,1.0,AXP
2025-06-11,390,386,4,0.9897435897435898,AXP
2025-06-12,390,384,6,0.9846153846153847,AXP
2025-06-13,390,389,1,0.9974358974358974,AXP
2025-06-16,390,385,5,0.9871794871794872,AXP
2025-06-17,390,388,2,0.9948717948717949,AXP
2025-06-18,390,390,0,1.0,AXP
2025-06-20,390,389,1,0.9974358974358974,AXP
2025-06-23,390,390,0,1.0,AXP
2025-06-24,390,389,1,0.9974358974358974,AXP
2025-06-25,390,390,0,1.0,AXP
2025-06-26,390,390,0,1.0,AXP
2025-06-27,390,389,1,0.9974358974358974,AXP
2025-06-30,390,390,0,1.0,AXP
2025-07-01,390,390,0,1.0,AXP
2025-07-02,390,390,0,1.0,AXP
2025-07-03,210,210,0,1.0,AXP
2025-07-07,390,389,1,0.9974358974358974,AXP
2025-07-08,390,375,15,0.9615384615384616,AXP
2025-07-09,390,381,9,0.9769230769230769,AXP
2025-07-10,390,389,1,0.9974358974358974,AXP
2025-07-11,390,384,6,0.9846153846153847,AXP
2025-07-14,390,387,3,0.9923076923076923,AXP
2025-07-15,390,388,2,0.9948717948717949,AXP
2025-07-16,390,388,2,0.9948717948717949,AXP
2025-07-17,390,390,0,1.0,AXP
2025-07-18,390,390,0,1.0,AXP
2025-07-21,390,384,6,0.9846153846153847,AXP
2025-07-22,390,386,4,0.9897435897435898,AXP
2025-07-23,390,385,5,0.9871794871794872,AXP
2025-07-24,390,390,0,1.0,AXP
2025-07-25,390,383,7,0.982051282051282,AXP
2025-07-28,390,380,10,0.9743589743589743,AXP
2025-07-29,390,385,5,0.9871794871794872,AXP
2025-07-30,390,390,0,1.0,AXP
2025-07-31,390,385,5,0.9871794871794872,AXP
2025-08-01,390,390,0,1.0,AXP
2025-08-04,390,388,2,0.9948717948717949,AXP
2025-08-05,390,388,2,0.9948717948717949,AXP
2025-08-06,390,389,1,0.9974358974358974,AXP
2025-08-07,390,389,1,0.9974358974358974,AXP
2025-08-08,390,389,1,0.9974358974358974,AXP
2025-08-11,390,383,7,0.982051282051282,AXP
2025-08-12,390,387,3,0.9923076923076923,AXP
2025-08-13,390,385,5,0.9871794871794872,AXP
2025-08-14,390,380,10,0.9743589743589743,AXP
2025-08-15,390,387,3,0.9923076923076923,AXP
2025-08-18,390,382,8,0.9794871794871794,AXP
2025-08-19,390,387,3,0.9923076923076923,AXP
2025-08-20,390,388,2,0.9948717948717949,AXP
2025-08-21,390,387,3,0.9923076923076923,AXP
2025-08-22,390,390,0,1.0,AXP
2025-08-25,390,378,12,0.9692307692307692,AXP
2025-08-26,390,383,7,0.982051282051282,AXP
2025-08-27,390,385,5,0.9871794871794872,AXP
2025-08-28,390,381,9,0.9769230769230769,AXP
2025-08-29,390,387,3,0.9923076923076923,AXP
2025-09-02,390,389,1,0.9974358974358974,AXP
2025-09-03,390,390,0,1.0,AXP
2025-09-04,390,389,1,0.9974358974358974,AXP
2025-09-05,390,388,2,0.9948717948717949,AXP
2025-09-08,390,384,6,0.9846153846153847,AXP
2025-09-09,390,381,9,0.9769230769230769,AXP
2025-09-10,390,379,11,0.9717948717948718,AXP
2025-09-11,390,382,8,0.9794871794871794,AXP
2025-09-12,390,381,9,0.9769230769230769,AXP
2025-09-15,390,384,6,0.9846153846153847,AXP
2025-09-16,390,384,6,0.9846153846153847,AXP
2025-09-17,390,390,0,1.0,AXP
2025-09-18,390,390,0,1.0,AXP
2025-09-19,390,390,0,1.0,AXP
2025-09-22,390,386,4,0.9897435897435898,AXP
2025-09-23,390,386,4,0.9897435897435898,AXP
2025-09-24,390,384,6,0.9846153846153847,AXP
2025-09-25,390,386,4,0.9897435897435898,AXP
2025-09-26,390,359,31,0.9205128205128205,AXP
2025-09-29,390,372,18,0.9538461538461539,AXP
2025-09-30,390,389,1,0.9974358974358974,AXP
2025-10-01,390,386,4,0.9897435897435898,AXP
2025-10-02,390,382,8,0.9794871794871794,AXP
2025-10-03,390,385,5,0.9871794871794872,AXP
2025-10-06,390,375,15,0.9615384615384616,AXP
2025-10-07,390,381,9,0.9769230769230769,AXP
2025-10-08,390,382,8,0.9794871794871794,AXP
2025-10-09,390,388,2,0.9948717948717949,AXP
2025-10-10,390,389,1,0.9974358974358974,AXP
2025-10-13,390,377,13,0.9666666666666667,AXP
2025-10-14,390,388,2,0.9948717948717949,AXP
2025-10-15,390,389,1,0.9974358974358974,AXP
2025-10-16,390,389,1,0.9974358974358974,AXP
2025-10-17,390,390,0,1.0,AXP
2025-10-20,390,388,2,0.9948717948717949,AXP
2025-10-21,390,382,8,0.9794871794871794,AXP
2025-10-22,390,389,1,0.9974358974358974,AXP
2025-10-23,390,383,7,0.982051282051282,AXP
2025-10-24,390,377,13,0.9666666666666667,AXP
2025-10-27,390,382,8,0.9794871794871794,AXP
2025-10-28,390,363,27,0.9307692307692308,AXP
2025-10-29,390,372,18,0.9538461538461539,AXP
2025-10-30,390,387,3,0.9923076923076923,AXP
2025-10-31,390,384,6,0.9846153846153847,AXP
2025-11-03,390,390,0,1.0,AXP
2025-11-04,390,389,1,0.9974358974358974,AXP
2025-11-05,390,390,0,1.0,AXP
2025-11-06,390,389,1,0.9974358974358974,AXP
2025-11-07,390,390,0,1.0,AXP
2025-11-10,390,390,0,1.0,AXP
2025-11-11,390,390,0,1.0,AXP
2025-11-12,390,390,0,1.0,AXP
2025-11-13,390,390,0,1.0,AXP
2025-11-14,390,390,0,1.0,AXP
2025-11-17,390,390,0,1.0,AXP
2025-11-18,390,390,0,1.0,AXP
2025-11-19,390,390,0,1.0,AXP
2025-11-20,390,389,1,0.9974358974358974,AXP
2025-11-21,390,390,0,1.0,AXP
2025-11-24,390,390,0,1.0,AXP
2025-11-25,390,390,0,1.0,AXP
2025-11-26,390,390,0,1.0,AXP
2025-11-28,210,209,1,0.9952380952380953,AXP
2025-12-01,390,390,0,1.0,AXP
2025-12-02,390,389,1,0.9974358974358974,AXP
2025-12-03,390,389,1,0.9974358974358974,AXP
2025-12-04,390,390,0,1.0,AXP
2025-12-05,390,390,0,1.0,AXP
2025-12-08,390,390,0,1.0,AXP
2025-12-09,390,388,2,0.9948717948717949,AXP
2025-12-10,390,390,0,1.0,AXP
2025-12-11,390,390,0,1.0,AXP
2025-12-12,390,390,0,1.0,AXP
2025-12-15,390,390,0,1.0,AXP
2025-12-16,390,390,0,1.0,AXP
2025-12-17,390,390,0,1.0,AXP
2025-12-18,390,390,0,1.0,AXP
2025-12-19,390,390,0,1.0,AXP
2025-12-22,390,390,0,1.0,AXP
2025-12-23,390,388,2,0.9948717948717949,AXP
2025-12-24,210,209,1,0.9952380952380953,AXP
2025-12-26,390,371,19,0.9512820512820512,AXP
2025-12-29,390,388,2,0.9948717948717949,AXP
2025-12-30,390,389,1,0.9974358974358974,AXP
2025-12-31,390,386,4,0.9897435897435898,AXP
2026-01-02,390,389,1,0.9974358974358974,AXP
2026-01-05,390,390,0,1.0,AXP
2026-01-06,390,390,0,1.0,AXP
2026-01-07,390,388,2,0.9948717948717949,AXP
2026-01-08,390,389,1,0.9974358974358974,AXP
2026-01-09,390,390,0,1.0,AXP
2026-01-12,390,390,0,1.0,AXP
2026-01-13,390,390,0,1.0,AXP
2026-01-14,390,390,0,1.0,AXP
2026-01-15,390,390,0,1.0,AXP
2026-01-16,390,390,0,1.0,AXP
2026-01-20,390,390,0,1.0,AXP
2026-01-21,390,390,0,1.0,AXP
2026-01-22,390,390,0,1.0,AXP
2026-01-23,390,389,1,0.9974358974358974,AXP
2026-01-26,390,390,0,1.0,AXP
2026-01-27,390,390,0,1.0,AXP
2026-01-28,390,390,0,1.0,AXP
2026-01-29,390,390,0,1.0,AXP
2026-01-30,390,390,0,1.0,AXP
2026-02-02,390,390,0,1.0,AXP
2026-02-03,390,390,0,1.0,AXP
2026-02-04,390,390,0,1.0,AXP
2026-02-05,390,390,0,1.0,AXP
2026-02-06,390,390,0,1.0,AXP
2026-02-09,390,390,0,1.0,AXP
2026-02-10,390,390,0,1.0,AXP
2026-02-11,390,390,0,1.0,AXP
2026-02-12,390,390,0,1.0,AXP
2026-02-13,390,389,1,0.9974358974358974,AXP
2026-02-17,390,390,0,1.0,AXP
2026-02-18,390,390,0,1.0,AXP
2026-02-19,390,390,0,1.0,AXP
2026-02-20,390,390,0,1.0,AXP
2026-02-23,390,390,0,1.0,AXP
2026-02-24,390,390,0,1.0,AXP
2026-02-25,390,390,0,1.0,AXP
2026-02-26,390,390,0,1.0,AXP
2026-02-27,390,390,0,1.0,AXP
2026-03-02,390,390,0,1.0,AXP
2026-03-03,390,390,0,1.0,AXP
2026-03-04,390,390,0,1.0,AXP
2026-03-05,390,390,0,1.0,AXP
2026-03-06,390,389,1,0.9974358974358974,AXP
2026-03-09,390,389,1,0.9974358974358974,AXP
2026-03-10,390,390,0,1.0,AXP
2026-03-11,390,390,0,1.0,AXP
2026-03-12,390,390,0,1.0,AXP
2026-03-13,390,390,0,1.0,AXP
2026-03-16,390,390,0,1.0,AXP
2026-03-17,390,390,0,1.0,AXP
2026-03-18,390,390,0,1.0,AXP
2026-03-19,390,390,0,1.0,AXP
2026-03-20,390,390,0,1.0,AXP
2026-03-23,390,390,0,1.0,AXP
2026-03-24,390,390,0,1.0,AXP
2026-03-25,390,390,0,1.0,AXP
2026-03-26,390,390,0,1.0,AXP
2026-03-27,390,390,0,1.0,AXP
2026-03-30,390,390,0,1.0,AXP
2026-03-31,390,390,0,1.0,AXP
2026-04-01,390,390,0,1.0,AXP
2026-04-02,390,390,0,1.0,AXP
2026-04-06,390,390,0,1.0,AXP
2026-04-07,390,390,0,1.0,AXP
2026-04-08,390,389,1,0.9974358974358974,AXP
2026-04-09,390,390,0,1.0,AXP
2026-04-10,390,389,1,0.9974358974358974,AXP
2026-04-13,390,390,0,1.0,AXP
2026-04-14,390,390,0,1.0,AXP
2026-04-15,390,390,0,1.0,AXP
2026-04-16,390,390,0,1.0,AXP
2026-04-17,390,390,0,1.0,AXP
2026-04-20,390,390,0,1.0,AXP
2026-04-21,390,390,0,1.0,AXP
2026-04-22,390,390,0,1.0,AXP
2026-04-23,390,390,0,1.0,AXP
2026-04-24,390,390,0,1.0,AXP
2026-04-27,390,390,0,1.0,AXP
2026-04-28,390,390,0,1.0,AXP
2026-04-29,390,389,1,0.9974358974358974,AXP
2026-04-30,390,390,0,1.0,AXP
2026-05-01,390,390,0,1.0,AXP
2026-05-04,390,389,1,0.9974358974358974,AXP
2026-05-05,390,390,0,1.0,AXP
2026-05-06,390,390,0,1.0,AXP
2026-05-07,390,390,0,1.0,AXP
2026-05-08,390,390,0,1.0,AXP
2026-05-11,390,390,0,1.0,AXP
2026-05-12,390,390,0,1.0,AXP
2026-05-13,390,390,0,1.0,AXP
2026-05-14,390,390,0,1.0,AXP
2026-05-15,390,390,0,1.0,AXP
2026-05-18,390,390,0,1.0,AXP
2026-05-19,390,390,0,1.0,AXP
2026-05-20,390,390,0,1.0,AXP
2026-05-21,390,390,0,1.0,AXP
2026-05-22,390,388,2,0.9948717948717949,AXP
2026-05-26,390,390,0,1.0,AXP
2026-05-27,390,390,0,1.0,AXP
2026-05-28,390,389,1,0.9974358974358974,AXP
2026-05-29,390,390,0,1.0,AXP
2026-06-01,390,389,1,0.9974358974358974,AXP
2026-06-02,390,390,0,1.0,AXP
2026-06-03,390,390,0,1.0,AXP
2026-06-04,390,390,0,1.0,AXP
2026-06-05,390,389,1,0.9974358974358974,AXP
2026-06-08,390,390,0,1.0,AXP
2026-06-09,390,390,0,1.0,AXP
2026-06-10,390,390,0,1.0,AXP
2026-06-11,390,390,0,1.0,AXP
2026-06-12,390,390,0,1.0,AXP
2026-06-15,390,390,0,1.0,AXP
2026-06-16,390,390,0,1.0,AXP
2026-06-17,390,390,0,1.0,AXP
2026-06-18,390,389,1,0.9974358974358974,AXP
2026-06-22,390,390,0,1.0,AXP
2026-06-23,390,389,1,0.9974358974358974,AXP
2026-06-24,390,390,0,1.0,AXP
2026-06-25,390,390,0,1.0,AXP
2026-06-26,390,390,0,1.0,AXP
2026-06-29,390,390,0,1.0,AXP
2026-06-30,390,387,3,0.9923076923076923,AXP
2026-07-01,390,390,0,1.0,AXP
2026-07-02,390,390,0,1.0,AXP
2026-07-06,390,390,0,1.0,AXP
2026-07-07,390,390,0,1.0,AXP
2026-07-08,390,390,0,1.0,AXP
2026-07-09,390,390,0,1.0,AXP
2026-07-10,390,390,0,1.0,AXP
2026-07-13,390,390,0,1.0,AXP
2026-07-14,390,390,0,1.0,AXP
2026-07-15,390,389,1,0.9974358974358974,AXP
2026-07-16,390,390,0,1.0,AXP
2026-07-17,390,390,0,1.0,AXP
2026-07-20,390,390,0,1.0,AXP
2026-07-21,390,390,0,1.0,AXP
2026-07-22,390,390,0,1.0,AXP
2026-07-23,390,390,0,1.0,AXP
2026-07-24,390,390,0,1.0,AXP
2026-07-27,390,390,0,1.0,AXP
2026-07-28,390,390,0,1.0,AXP
2026-07-29,390,390,0,1.0,AXP
2026-07-30,390,390,0,1.0,AXP
2026-07-31,390,390,0,1.0,AXP
2026-08-03,390,390,0,1.0,AXP
2026-08-04,390,390,0,1.0,AXP
2026-08-05,390,390,0,1.0,AXP
2026-08-06,390,389,1,0.9974358974358974,AXP
2026-08-07,390,389,1,0.9974358974358974,AXP
2026-08-10,390,389,1,0.9974358974358974,AXP
2026-08-11,390,390,0,1.0,AXP
2026-08-12,390,390,0,1.0,AXP
2026-08-13,390,388,2,0.9948717948717949,AXP
2026-08-14,390,390,0,1.0,AXP
2026-08-17,390,390,0,1.0,AXP
2026-08-18,390,390,0,1.0,AXP
2026-08-19,390,390,0,1.0,AXP
2026-08-20,390,390,0,1.0,AXP
2026-08-21,390,390,0,1.0,AXP
2026-08-24,390,390,0,1.0,AXP
2026-08-25,390,387,3,0.9923076923076923,AXP
2026-08-26,390,390,0,1.0,AXP
2026-08-27,390,390,0,1.0,AXP
2026-08-28,390,390,0,1.0,AXP
2026-08-31,390,390,0,1.0,AXP
2026-09-01,390,390,0,1.0,AXP
2026-09-02,390,390,0,1.0,AXP
2026-09-03,390,389,1,0.9974358974358974,AXP
2026-09-04,390,389,1,0.9974358974358974,AXP
2026-09-08,390,390,0,1.0,AXP
2026-09-09,390,390,0,1.0,AXP
2023-01-03,390,390,0,1.0,TFC
2023-01-04,390,390,0,1.0,TFC
2023-01-05,390,390,0,1.0,TFC
2023-01-06,390,390,0,1.0,TFC
2023-01-09,390,390,0,1.0,TFC
2023-01-10,390,390,0,1.0,TFC
2023-01-11,390,390,0,1.0,TFC
2023-01-12,390,390,0,1.0,TFC
2023-01-13,390,390,0,1.0,TFC
2023-01-17,390,390,0,1.0,TFC
2023-01-18,390,390,0,1.0,TFC
2023-01-19,390,390,0,1.0,TFC
2023-01-20,390,390,0,1.0,TFC
2023-01-23,390,390,0,1.0,TFC
2023-01-24,390,384,6,0.9846153846153847,TFC
2023-01-25,390,390,0,1.0,TFC
2023-01-26,390,390,0,1.0,TFC
2023-01-27,390,390,0,1.0,TFC
2023-01-30,390,390,0,1.0,TFC
2023-01-31,390,390,0,1.0,TFC
2023-02-01,390,390,0,1.0,TFC
2023-02-02,390,390,0,1.0,TFC
2023-02-03,390,390,0,1.0,TFC
2023-02-06,390,390,0,1.0,TFC
2023-02-07,390,390,0,1.0,TFC
2023-02-08,390,390,0,1.0,TFC
2023-02-09,390,390,0,1.0,TFC
2023-02-10,390,390,0,1.0,TFC
2023-02-13,390,390,0,1.0,TFC
2023-02-14,390,390,0,1.0,TFC
2023-02-15,390,390,0,1.0,TFC
2023-02-16,390,390,0,1.0,TFC
2023-02-17,390,390,0,1.0,TFC
2023-02-21,390,390,0,1.0,TFC
2023-02-22,390,390,0,1.0,TFC
2023-02-23,390,390,0,1.0,TFC
2023-02-24,390,390,0,1.0,TFC
2023-02-27,390,390,0,1.0,TFC
2023-02-28,390,390,0,1.0,TFC
2023-03-01,390,390,0,1.0,TFC
2023-03-02,390,390,0,1.0,TFC
2023-03-03,390,390,0,1.0,TFC
2023-03-06,390,390,0,1.0,TFC
2023-03-07,390,390,0,1.0,TFC
2023-03-08,390,390,0,1.0,TFC
2023-03-09,390,390,0,1.0,TFC
2023-03-10,390,390,0,1.0,TFC
2023-03-13,390,390,0,1.0,TFC
2023-03-14,390,390,0,1.0,TFC
2023-03-15,390,390,0,1.0,TFC
2023-03-16,390,390,0,1.0,TFC
2023-03-17,390,390,0,1.0,TFC
2023-03-20,390,390,0,1.0,TFC
2023-03-21,390,390,0,1.0,TFC
2023-03-22,390,390,0,1.0,TFC
2023-03-23,390,390,0,1.0,TFC
2023-03-24,390,390,0,1.0,TFC
2023-03-27,390,390,0,1.0,TFC
2023-03-28,390,390,0,1.0,TFC
2023-03-29,390,390,0,1.0,TFC
2023-03-30,390,390,0,1.0,TFC
2023-03-31,390,390,0,1.0,TFC
2023-04-03,390,390,0,1.0,TFC
2023-04-04,390,390,0,1.0,TFC
2023-04-05,390,390,0,1.0,TFC
2023-04-06,390,390,0,1.0,TFC
2023-04-10,390,390,0,1.0,TFC
2023-04-11,390,390,0,1.0,TFC
2023-04-12,390,390,0,1.0,TFC
2023-04-13,390,390,0,1.0,TFC
2023-04-14,390,390,0,1.0,TFC
2023-04-17,390,390,0,1.0,TFC
2023-04-18,390,390,0,1.0,TFC
2023-04-19,390,390,0,1.0,TFC
2023-04-20,390,390,0,1.0,TFC
2023-04-21,390,390,0,1.0,TFC
2023-04-24,390,390,0,1.0,TFC
2023-04-25,390,390,0,1.0,TFC
2023-04-26,390,390,0,1.0,TFC
2023-04-27,390,390,0,1.0,TFC
2023-04-28,390,390,0,1.0,TFC
2023-05-01,390,390,0,1.0,TFC
2023-05-02,390,390,0,1.0,TFC
2023-05-03,390,390,0,1.0,TFC
2023-05-04,390,390,0,1.0,TFC
2023-05-05,390,390,0,1.0,TFC
2023-05-08,390,390,0,1.0,TFC
2023-05-09,390,390,0,1.0,TFC
2023-05-10,390,390,0,1.0,TFC
2023-05-11,390,390,0,1.0,TFC
2023-05-12,390,390,0,1.0,TFC
2023-05-15,390,390,0,1.0,TFC
2023-05-16,390,390,0,1.0,TFC
2023-05-17,390,390,0,1.0,TFC
2023-05-18,390,390,0,1.0,TFC
2023-05-19,390,390,0,1.0,TFC
2023-05-22,390,390,0,1.0,TFC
2023-05-23,390,390,0,1.0,TFC
2023-05-24,390,390,0,1.0,TFC
2023-05-25,390,390,0,1.0,TFC
2023-05-26,390,390,0,1.0,TFC
2023-05-30,390,390,0,1.0,TFC
2023-05-31,390,390,0,1.0,TFC
2023-06-01,390,390,0,1.0,TFC
2023-06-02,390,390,0,1.0,TFC
2023-06-05,390,385,5,0.9871794871794872,TFC
2023-06-06,390,390,0,1.0,TFC
2023-06-07,390,390,0,1.0,TFC
2023-06-08,390,390,0,1.0,TFC
2023-06-09,390,390,0,1.0,TFC
2023-06-12,390,390,0,1.0,TFC
2023-06-13,390,390,0,1.0,TFC
2023-06-14,390,390,0,1.0,TFC
2023-06-15,390,390,0,1.0,TFC
2023-06-16,390,390,0,1.0,TFC
2023-06-20,390,390,0,1.0,TFC
2023-06-21,390,390,0,1.0,TFC
2023-06-22,390,390,0,1.0,TFC
2023-06-23,390,390,0,1.0,TFC
2023-06-26,390,390,0,1.0,TFC
2023-06-27,390,390,0,1.0,TFC
2023-06-28,390,390,0,1.0,TFC
2023-06-29,390,390,0,1.0,TFC
2023-06-30,390,390,0,1.0,TFC
2023-07-03,210,210,0,1.0,TFC
2023-07-05,390,390,0,1.0,TFC
2023-07-06,390,390,0,1.0,TFC
2023-07-07,390,390,0,1.0,TFC
2023-07-10,390,390,0,1.0,TFC
2023-07-11,390,390,0,1.0,TFC
2023-07-12,390,390,0,1.0,TFC
2023-07-13,390,390,0,1.0,TFC
2023-07-14,390,390,0,1.0,TFC
2023-07-17,390,390,0,1.0,TFC
2023-07-18,390,390,0,1.0,TFC
2023-07-19,390,390,0,1.0,TFC
2023-07-20,390,390,0,1.0,TFC
2023-07-21,390,390,0,1.0,TFC
2023-07-24,390,390,0,1.0,TFC
2023-07-25,390,390,0,1.0,TFC
2023-07-26,390,390,0,1.0,TFC
2023-07-27,390,390,0,1.0,TFC
2023-07-28,390,390,0,1.0,TFC
2023-07-31,390,390,0,1.0,TFC
2023-08-01,390,390,0,1.0,TFC
2023-08-02,390,390,0,1.0,TFC
2023-08-03,390,390,0,1.0,TFC
2023-08-04,390,390,0,1.0,TFC
2023-08-07,390,390,0,1.0,TFC
2023-08-08,390,390,0,1.0,TFC
2023-08-09,390,390,0,1.0,TFC
2023-08-10,390,390,0,1.0,TFC
2023-08-11,390,390,0,1.0,TFC
2023-08-14,390,390,0,1.0,TFC
2023-08-15,390,390,0,1.0,TFC
2023-08-16,390,390,0,1.0,TFC
2023-08-17,390,390,0,1.0,TFC
2023-08-18,390,390,0,1.0,TFC
2023-08-21,390,390,0,1.0,TFC
2023-08-22,390,390,0,1.0,TFC
2023-08-23,390,390,0,1.0,TFC
2023-08-24,390,390,0,1.0,TFC
2023-08-25,390,390,0,1.0,TFC
2023-08-28,390,390,0,1.0,TFC
2023-08-29,390,390,0,1.0,TFC
2023-08-30,390,390,0,1.0,TFC
2023-08-31,390,390,0,1.0,TFC
2023-09-01,390,390,0,1.0,TFC
2023-09-05,390,390,0,1.0,TFC
2023-09-06,390,390,0,1.0,TFC
2023-09-07,390,390,0,1.0,TFC
2023-09-08,390,390,0,1.0,TFC
2023-09-11,390,390,0,1.0,TFC
2023-09-12,390,390,0,1.0,TFC
2023-09-13,390,390,0,1.0,TFC
2023-09-14,390,390,0,1.0,TFC
2023-09-15,390,390,0,1.0,TFC
2023-09-18,390,390,0,1.0,TFC
2023-09-19,390,390,0,1.0,TFC
2023-09-20,390,390,0,1.0,TFC
2023-09-21,390,390,0,1.0,TFC
2023-09-22,390,390,0,1.0,TFC
2023-09-25,390,390,0,1.0,TFC
2023-09-26,390,390,0,1.0,TFC
2023-09-27,390,390,0,1.0,TFC
2023-09-28,390,390,0,1.0,TFC
2023-09-29,390,390,0,1.0,TFC
2023-10-02,390,390,0,1.0,TFC
2023-10-03,390,390,0,1.0,TFC
2023-10-04,390,390,0,1.0,TFC
2023-10-05,390,390,0,1.0,TFC
2023-10-06,390,390,0,1.0,TFC
2023-10-09,390,390,0,1.0,TFC
2023-10-10,390,390,0,1.0,TFC
2023-10-11,390,390,0,1.0,TFC
2023-10-12,390,390,0,1.0,TFC
2023-10-13,390,390,0,1.0,TFC
2023-10-16,390,390,0,1.0,TFC
2023-10-17,390,390,0,1.0,TFC
2023-10-18,390,390,0,1.0,TFC
2023-10-19,390,390,0,1.0,TFC
2023-10-20,390,390,0,1.0,TFC
2023-10-23,390,390,0,1.0,TFC
2023-10-24,390,390,0,1.0,TFC
2023-10-25,390,390,0,1.0,TFC
2023-10-26,390,390,0,1.0,TFC
2023-10-27,390,390,0,1.0,TFC
2023-10-30,390,390,0,1.0,TFC
2023-10-31,390,390,0,1.0,TFC
2023-11-01,390,390,0,1.0,TFC
2023-11-02,390,390,0,1.0,TFC
2023-11-03,390,390,0,1.0,TFC
2023-11-06,390,390,0,1.0,TFC
2023-11-07,390,390,0,1.0,TFC
2023-11-08,390,390,0,1.0,TFC
2023-11-09,390,390,0,1.0,TFC
2023-11-10,390,390,0,1.0,TFC
2023-11-13,390,390,0,1.0,TFC
2023-11-14,390,390,0,1.0,TFC
2023-11-15,390,390,0,1.0,TFC
2023-11-16,390,390,0,1.0,TFC
2023-11-17,390,390,0,1.0,TFC
2023-11-20,390,390,0,1.0,TFC
2023-11-21,390,390,0,1.0,TFC
2023-11-22,390,390,0,1.0,TFC
2023-11-24,210,210,0,1.0,TFC
2023-11-27,390,389,1,0.9974358974358974,TFC
2023-11-28,390,390,0,1.0,TFC
2023-11-29,390,390,0,1.0,TFC
2023-11-30,390,390,0,1.0,TFC
2023-12-01,390,390,0,1.0,TFC
2023-12-04,390,390,0,1.0,TFC
2023-12-05,390,390,0,1.0,TFC
2023-12-06,390,390,0,1.0,TFC
2023-12-07,390,390,0,1.0,TFC
2023-12-08,390,390,0,1.0,TFC
2023-12-11,390,390,0,1.0,TFC
2023-12-12,390,390,0,1.0,TFC
2023-12-13,390,390,0,1.0,TFC
2023-12-14,390,390,0,1.0,TFC
2023-12-15,390,390,0,1.0,TFC
2023-12-18,390,390,0,1.0,TFC
2023-12-19,390,390,0,1.0,TFC
2023-12-20,390,390,0,1.0,TFC
2023-12-21,390,390,0,1.0,TFC
2023-12-22,390,390,0,1.0,TFC
2023-12-26,390,390,0,1.0,TFC
2023-12-27,390,390,0,1.0,TFC
2023-12-28,390,390,0,1.0,TFC
2023-12-29,390,390,0,1.0,TFC
2024-01-02,390,390,0,1.0,TFC
2024-01-03,390,390,0,1.0,TFC
2024-01-04,390,390,0,1.0,TFC
2024-01-05,390,390,0,1.0,TFC
2024-01-08,390,390,0,1.0,TFC
2024-01-09,390,390,0,1.0,TFC
2024-01-10,390,390,0,1.0,TFC
2024-01-11,390,390,0,1.0,TFC
2024-01-12,390,390,0,1.0,TFC
2024-01-16,390,390,0,1.0,TFC
2024-01-17,390,390,0,1.0,TFC
2024-01-18,390,390,0,1.0,TFC
2024-01-19,390,390,0,1.0,TFC
2024-01-22,390,390,0,1.0,TFC
2024-01-23,390,390,0,1.0,TFC
2024-01-24,390,390,0,1.0,TFC
2024-01-25,390,390,0,1.0,TFC
2024-01-26,390,390,0,1.0,TFC
2024-01-29,390,390,0,1.0,TFC
2024-01-30,390,390,0,1.0,TFC
2024-01-31,390,390,0,1.0,TFC
2024-02-01,390,390,0,1.0,TFC
2024-02-02,390,390,0,1.0,TFC
2024-02-05,390,390,0,1.0,TFC
2024-02-06,390,390,0,1.0,TFC
2024-02-07,390,390,0,1.0,TFC
2024-02-08,390,390,0,1.0,TFC
2024-02-09,390,390,0,1.0,TFC
2024-02-12,390,390,0,1.0,TFC
2024-02-13,390,390,0,1.0,TFC
2024-02-14,390,390,0,1.0,TFC
2024-02-15,390,390,0,1.0,TFC
2024-02-16,390,390,0,1.0,TFC
2024-02-20,390,390,0,1.0,TFC
2024-02-21,390,390,0,1.0,TFC
2024-02-22,390,390,0,1.0,TFC
2024-02-23,390,390,0,1.0,TFC
2024-02-26,390,390,0,1.0,TFC
2024-02-27,390,390,0,1.0,TFC
2024-02-28,390,390,0,1.0,TFC
2024-02-29,390,390,0,1.0,TFC
2024-03-01,390,390,0,1.0,TFC
2024-03-04,390,390,0,1.0,TFC
2024-03-05,390,390,0,1.0,TFC
2024-03-06,390,390,0,1.0,TFC
2024-03-07,390,390,0,1.0,TFC
2024-03-08,390,390,0,1.0,TFC
2024-03-11,390,390,0,1.0,TFC
2024-03-12,390,390,0,1.0,TFC
2024-03-13,390,390,0,1.0,TFC
2024-03-14,390,390,0,1.0,TFC
2024-03-15,390,390,0,1.0,TFC
2024-03-18,390,390,0,1.0,TFC
2024-03-19,390,390,0,1.0,TFC
2024-03-20,390,390,0,1.0,TFC
2024-03-21,390,390,0,1.0,TFC
2024-03-22,390,390,0,1.0,TFC
2024-03-25,390,390,0,1.0,TFC
2024-03-26,390,390,0,1.0,TFC
2024-03-27,390,390,0,1.0,TFC
2024-03-28,390,390,0,1.0,TFC
2024-04-01,390,390,0,1.0,TFC
2024-04-02,390,390,0,1.0,TFC
2024-04-03,390,390,0,1.0,TFC
2024-04-04,390,390,0,1.0,TFC
2024-04-05,390,390,0,1.0,TFC
2024-04-08,390,390,0,1.0,TFC
2024-04-09,390,390,0,1.0,TFC
2024-04-10,390,390,0,1.0,TFC
2024-04-11,390,390,0,1.0,TFC
2024-04-12,390,390,0,1.0,TFC
2024-04-15,390,390,0,1.0,TFC
2024-04-16,390,390,0,1.0,TFC
2024-04-17,390,390,0,1.0,TFC
2024-04-18,390,390,0,1.0,TFC
2024-04-19,390,390,0,1.0,TFC
2024-04-22,390,390,0,1.0,TFC
2024-04-23,390,390,0,1.0,TFC
2024-04-24,390,390,0,1.0,TFC
2024-04-25,390,390,0,1.0,TFC
2024-04-26,390,390,0,1.0,TFC
2024-04-29,390,390,0,1.0,TFC
2024-04-30,390,390,0,1.0,TFC
2024-05-01,390,390,0,1.0,TFC
2024-05-02,390,390,0,1.0,TFC
2024-05-03,390,390,0,1.0,TFC
2024-05-06,390,390,0,1.0,TFC
2024-05-07,390,390,0,1.0,TFC
2024-05-08,390,390,0,1.0,TFC
2024-05-09,390,390,0,1.0,TFC
2024-05-10,390,390,0,1.0,TFC
2024-05-13,390,390,0,1.0,TFC
2024-05-14,390,389,1,0.9974358974358974,TFC
2024-05-15,390,390,0,1.0,TFC
2024-05-16,390,390,0,1.0,TFC
2024-05-17,390,390,0,1.0,TFC
2024-05-20,390,390,0,1.0,TFC
2024-05-21,390,390,0,1.0,TFC
2024-05-22,390,389,1,0.9974358974358974,TFC
2024-05-23,390,390,0,1.0,TFC
2024-05-24,390,389,1,0.9974358974358974,TFC
2024-05-28,390,390,0,1.0,TFC
2024-05-29,390,390,0,1.0,TFC
2024-05-30,390,390,0,1.0,TFC
2024-05-31,390,390,0,1.0,TFC
2024-06-03,390,389,1,0.9974358974358974,TFC
2024-06-04,390,390,0,1.0,TFC
2024-06-05,390,390,0,1.0,TFC
2024-06-06,390,390,0,1.0,TFC
2024-06-07,390,390,0,1.0,TFC
2024-06-10,390,390,0,1.0,TFC
2024-06-11,390,390,0,1.0,TFC
2024-06-12,390,390,0,1.0,TFC
2024-06-13,390,390,0,1.0,TFC
2024-06-14,390,390,0,1.0,TFC
2024-06-17,390,390,0,1.0,TFC
2024-06-18,390,390,0,1.0,TFC
2024-06-20,390,390,0,1.0,TFC
2024-06-21,390,389,1,0.9974358974358974,TFC
2024-06-24,390,390,0,1.0,TFC
2024-06-25,390,390,0,1.0,TFC
2024-06-26,390,390,0,1.0,TFC
2024-06-27,390,390,0,1.0,TFC
2024-06-28,390,390,0,1.0,TFC
2024-07-01,390,390,0,1.0,TFC
2024-07-02,390,390,0,1.0,TFC
2024-07-03,210,210,0,1.0,TFC
2024-07-05,390,390,0,1.0,TFC
2024-07-08,390,390,0,1.0,TFC
2024-07-09,390,390,0,1.0,TFC
2024-07-10,390,390,0,1.0,TFC
2024-07-11,390,390,0,1.0,TFC
2024-07-12,390,390,0,1.0,TFC
2024-07-15,390,390,0,1.0,TFC
2024-07-16,390,390,0,1.0,TFC
2024-07-17,390,390,0,1.0,TFC
2024-07-18,390,390,0,1.0,TFC
2024-07-19,390,390,0,1.0,TFC
2024-07-22,390,390,0,1.0,TFC
2024-07-23,390,390,0,1.0,TFC
2024-07-24,390,390,0,1.0,TFC
2024-07-25,390,390,0,1.0,TFC
2024-07-26,390,390,0,1.0,TFC
2024-07-29,390,390,0,1.0,TFC
2024-07-30,390,390,0,1.0,TFC
2024-07-31,390,390,0,1.0,TFC
2024-08-01,390,390,0,1.0,TFC
2024-08-02,390,390,0,1.0,TFC
2024-08-05,390,390,0,1.0,TFC
2024-08-06,390,390,0,1.0,TFC
2024-08-07,390,390,0,1.0,TFC
2024-08-08,390,390,0,1.0,TFC
2024-08-09,390,389,1,0.9974358974358974,TFC
2024-08-12,390,390,0,1.0,TFC
2024-08-13,390,390,0,1.0,TFC
2024-08-14,390,389,1,0.9974358974358974,TFC
2024-08-15,390,390,0,1.0,TFC
2024-08-16,390,390,0,1.0,TFC
2024-08-19,390,390,0,1.0,TFC
2024-08-20,390,390,0,1.0,TFC
2024-08-21,390,390,0,1.0,TFC
2024-08-22,390,390,0,1.0,TFC
2024-08-23,390,390,0,1.0,TFC
2024-08-26,390,390,0,1.0,TFC
2024-08-27,390,389,1,0.9974358974358974,TFC
2024-08-28,390,390,0,1.0,TFC
2024-08-29,390,390,0,1.0,TFC
2024-08-30,390,390,0,1.0,TFC
2024-09-03,390,390,0,1.0,TFC
2024-09-04,390,390,0,1.0,TFC
2024-09-05,390,390,0,1.0,TFC
2024-09-06,390,390,0,1.0,TFC
2024-09-09,390,390,0,1.0,TFC
2024-09-10,390,390,0,1.0,TFC
2024-09-11,390,390,0,1.0,TFC
2024-09-12,390,390,0,1.0,TFC
2024-09-13,390,390,0,1.0,TFC
2024-09-16,390,390,0,1.0,TFC
2024-09-17,390,390,0,1.0,TFC
2024-09-18,390,390,0,1.0,TFC
2024-09-19,390,390,0,1.0,TFC
2024-09-20,390,390,0,1.0,TFC
2024-09-23,390,390,0,1.0,TFC
2024-09-24,390,390,0,1.0,TFC
2024-09-25,390,390,0,1.0,TFC
2024-09-26,390,390,0,1.0,TFC
2024-09-27,390,390,0,1.0,TFC
2024-09-30,390,390,0,1.0,TFC
2024-10-01,390,390,0,1.0,TFC
2024-10-02,390,390,0,1.0,TFC
2024-10-03,390,389,1,0.9974358974358974,TFC
2024-10-04,390,390,0,1.0,TFC
2024-10-07,390,390,0,1.0,TFC
2024-10-08,390,390,0,1.0,TFC
2024-10-09,390,390,0,1.0,TFC
2024-10-10,390,390,0,1.0,TFC
2024-10-11,390,390,0,1.0,TFC
2024-10-14,390,390,0,1.0,TFC
2024-10-15,390,390,0,1.0,TFC
2024-10-16,390,390,0,1.0,TFC
2024-10-17,390,390,0,1.0,TFC
2024-10-18,390,390,0,1.0,TFC
2024-10-21,390,390,0,1.0,TFC
2024-10-22,390,390,0,1.0,TFC
2024-10-23,390,390,0,1.0,TFC
2024-10-24,390,390,0,1.0,TFC
2024-10-25,390,390,0,1.0,TFC
2024-10-28,390,390,0,1.0,TFC
2024-10-29,390,390,0,1.0,TFC
2024-10-30,390,390,0,1.0,TFC
2024-10-31,390,390,0,1.0,TFC
2024-11-01,390,390,0,1.0,TFC
2024-11-04,390,390,0,1.0,TFC
2024-11-05,390,390,0,1.0,TFC
2024-11-06,390,390,0,1.0,TFC
2024-11-07,390,390,0,1.0,TFC
2024-11-08,390,390,0,1.0,TFC
2024-11-11,390,390,0,1.0,TFC
2024-11-12,390,390,0,1.0,TFC
2024-11-13,390,390,0,1.0,TFC
2024-11-14,390,390,0,1.0,TFC
2024-11-15,390,390,0,1.0,TFC
2024-11-18,390,390,0,1.0,TFC
2024-11-19,390,390,0,1.0,TFC
2024-11-20,390,390,0,1.0,TFC
2024-11-21,390,390,0,1.0,TFC
2024-11-22,390,390,0,1.0,TFC
2024-11-25,390,390,0,1.0,TFC
2024-11-26,390,390,0,1.0,TFC
2024-11-27,390,387,3,0.9923076923076923,TFC
2024-11-29,210,210,0,1.0,TFC
2024-12-02,390,390,0,1.0,TFC
2024-12-03,390,390,0,1.0,TFC
2024-12-04,390,390,0,1.0,TFC
2024-12-05,390,390,0,1.0,TFC
2024-12-06,390,390,0,1.0,TFC
2024-12-09,390,390,0,1.0,TFC
2024-12-10,390,390,0,1.0,TFC
2024-12-11,390,390,0,1.0,TFC
2024-12-12,390,390,0,1.0,TFC
2024-12-13,390,390,0,1.0,TFC
2024-12-16,390,390,0,1.0,TFC
2024-12-17,390,390,0,1.0,TFC
2024-12-18,390,389,1,0.9974358974358974,TFC
2024-12-19,390,390,0,1.0,TFC
2024-12-20,390,390,0,1.0,TFC
2024-12-23,390,390,0,1.0,TFC
2024-12-24,210,210,0,1.0,TFC
2024-12-26,390,387,3,0.9923076923076923,TFC
2024-12-27,390,390,0,1.0,TFC
2024-12-30,390,390,0,1.0,TFC
2024-12-31,390,390,0,1.0,TFC
2025-01-02,390,390,0,1.0,TFC
2025-01-03,390,390,0,1.0,TFC
2025-01-06,390,390,0,1.0,TFC
2025-01-07,390,390,0,1.0,TFC
2025-01-08,390,390,0,1.0,TFC
2025-01-10,390,390,0,1.0,TFC
2025-01-13,390,390,0,1.0,TFC
2025-01-14,390,390,0,1.0,TFC
2025-01-15,390,390,0,1.0,TFC
2025-01-16,390,390,0,1.0,TFC
2025-01-17,390,390,0,1.0,TFC
2025-01-21,390,390,0,1.0,TFC
2025-01-22,390,390,0,1.0,TFC
2025-01-23,390,390,0,1.0,TFC
2025-01-24,390,390,0,1.0,TFC
2025-01-27,390,390,0,1.0,TFC
2025-01-28,390,390,0,1.0,TFC
2025-01-29,390,390,0,1.0,TFC
2025-01-30,390,390,0,1.0,TFC
2025-01-31,390,390,0,1.0,TFC
2025-02-03,390,390,0,1.0,TFC
2025-02-04,390,389,1,0.9974358974358974,TFC
2025-02-05,390,390,0,1.0,TFC
2025-02-06,390,390,0,1.0,TFC
2025-02-07,390,390,0,1.0,TFC
2025-02-10,390,389,1,0.9974358974358974,TFC
2025-02-11,390,390,0,1.0,TFC
2025-02-12,390,390,0,1.0,TFC
2025-02-13,390,390,0,1.0,TFC
2025-02-14,390,389,1,0.9974358974358974,TFC
2025-02-18,390,390,0,1.0,TFC
2025-02-19,390,390,0,1.0,TFC
2025-02-20,390,390,0,1.0,TFC
2025-02-21,390,390,0,1.0,TFC
2025-02-24,390,390,0,1.0,TFC
2025-02-25,390,390,0,1.0,TFC
2025-02-26,390,390,0,1.0,TFC
2025-02-27,390,389,1,0.9974358974358974,TFC
2025-02-28,390,390,0,1.0,TFC
2025-03-03,390,390,0,1.0,TFC
2025-03-04,390,390,0,1.0,TFC
2025-03-05,390,390,0,1.0,TFC
2025-03-06,390,390,0,1.0,TFC
2025-03-07,390,390,0,1.0,TFC
2025-03-10,390,390,0,1.0,TFC
2025-03-11,390,390,0,1.0,TFC
2025-03-12,390,390,0,1.0,TFC
2025-03-13,390,390,0,1.0,TFC
2025-03-14,390,390,0,1.0,TFC
2025-03-17,390,390,0,1.0,TFC
2025-03-18,390,390,0,1.0,TFC
2025-03-19,390,390,0,1.0,TFC
2025-03-20,390,390,0,1.0,TFC
2025-03-21,390,390,0,1.0,TFC
2025-03-24,390,390,0,1.0,TFC
2025-03-25,390,390,0,1.0,TFC
2025-03-26,390,390,0,1.0,TFC
2025-03-27,390,390,0,1.0,TFC
2025-03-28,390,390,0,1.0,TFC
2025-03-31,390,390,0,1.0,TFC
2025-04-01,390,390,0,1.0,TFC
2025-04-02,390,390,0,1.0,TFC
2025-04-03,390,390,0,1.0,TFC
2025-04-04,390,390,0,1.0,TFC
2025-04-07,390,390,0,1.0,TFC
2025-04-08,390,390,0,1.0,TFC
2025-04-09,390,390,0,1.0,TFC
2025-04-10,390,390,0,1.0,TFC
2025-04-11,390,390,0,1.0,TFC
2025-04-14,390,390,0,1.0,TFC
2025-04-15,390,390,0,1.0,TFC
2025-04-16,390,390,0,1.0,TFC
2025-04-17,390,390,0,1.0,TFC
2025-04-21,390,390,0,1.0,TFC
2025-04-22,390,390,0,1.0,TFC
2025-04-23,390,390,0,1.0,TFC
2025-04-24,390,390,0,1.0,TFC
2025-04-25,390,390,0,1.0,TFC
2025-04-28,390,390,0,1.0,TFC
2025-04-29,390,390,0,1.0,TFC
2025-04-30,390,390,0,1.0,TFC
2025-05-01,390,390,0,1.0,TFC
2025-05-02,390,390,0,1.0,TFC
2025-05-05,390,390,0,1.0,TFC
2025-05-06,390,390,0,1.0,TFC
2025-05-07,390,390,0,1.0,TFC
2025-05-08,390,390,0,1.0,TFC
2025-05-09,390,390,0,1.0,TFC
2025-05-12,390,390,0,1.0,TFC
2025-05-13,390,390,0,1.0,TFC
2025-05-14,390,390,0,1.0,TFC
2025-05-15,390,390,0,1.0,TFC
2025-05-16,390,390,0,1.0,TFC
2025-05-19,390,390,0,1.0,TFC
2025-05-20,390,390,0,1.0,TFC
2025-05-21,390,390,0,1.0,TFC
2025-05-22,390,390,0,1.0,TFC
2025-05-23,390,390,0,1.0,TFC
2025-05-27,390,390,0,1.0,TFC
2025-05-28,390,390,0,1.0,TFC
2025-05-29,390,390,0,1.0,TFC
2025-05-30,390,390,0,1.0,TFC
2025-06-02,390,390,0,1.0,TFC
2025-06-03,390,390,0,1.0,TFC
2025-06-04,390,390,0,1.0,TFC
2025-06-05,390,390,0,1.0,TFC
2025-06-06,390,390,0,1.0,TFC
2025-06-09,390,390,0,1.0,TFC
2025-06-10,390,389,1,0.9974358974358974,TFC
2025-06-11,390,390,0,1.0,TFC
2025-06-12,390,390,0,1.0,TFC
2025-06-13,390,390,0,1.0,TFC
2025-06-16,390,390,0,1.0,TFC
2025-06-17,390,390,0,1.0,TFC
2025-06-18,390,390,0,1.0,TFC
2025-06-20,390,390,0,1.0,TFC
2025-06-23,390,390,0,1.0,TFC
2025-06-24,390,390,0,1.0,TFC
2025-06-25,390,390,0,1.0,TFC
2025-06-26,390,390,0,1.0,TFC
2025-06-27,390,390,0,1.0,TFC
2025-06-30,390,390,0,1.0,TFC
2025-07-01,390,390,0,1.0,TFC
2025-07-02,390,390,0,1.0,TFC
2025-07-03,210,210,0,1.0,TFC
2025-07-07,390,390,0,1.0,TFC
2025-07-08,390,390,0,1.0,TFC
2025-07-09,390,390,0,1.0,TFC
2025-07-10,390,390,0,1.0,TFC
2025-07-11,390,390,0,1.0,TFC
2025-07-14,390,390,0,1.0,TFC
2025-07-15,390,390,0,1.0,TFC
2025-07-16,390,390,0,1.0,TFC
2025-07-17,390,390,0,1.0,TFC
2025-07-18,390,390,0,1.0,TFC
2025-07-21,390,390,0,1.0,TFC
2025-07-22,390,390,0,1.0,TFC
2025-07-23,390,390,0,1.0,TFC
2025-07-24,390,390,0,1.0,TFC
2025-07-25,390,390,0,1.0,TFC
2025-07-28,390,390,0,1.0,TFC
2025-07-29,390,390,0,1.0,TFC
2025-07-30,390,390,0,1.0,TFC
2025-07-31,390,390,0,1.0,TFC
2025-08-01,390,390,0,1.0,TFC
2025-08-04,390,390,0,1.0,TFC
2025-08-05,390,390,0,1.0,TFC
2025-08-06,390,389,1,0.9974358974358974,TFC
2025-08-07,390,390,0,1.0,TFC
2025-08-08,390,390,0,1.0,TFC
2025-08-11,390,390,0,1.0,TFC
2025-08-12,390,390,0,1.0,TFC
2025-08-13,390,389,1,0.9974358974358974,TFC
2025-08-14,390,390,0,1.0,TFC
2025-08-15,390,390,0,1.0,TFC
2025-08-18,390,390,0,1.0,TFC
2025-08-19,390,390,0,1.0,TFC
2025-08-20,390,390,0,1.0,TFC
2025-08-21,390,390,0,1.0,TFC
2025-08-22,390,390,0,1.0,TFC
2025-08-25,390,390,0,1.0,TFC
2025-08-26,390,390,0,1.0,TFC
2025-08-27,390,390,0,1.0,TFC
2025-08-28,390,389,1,0.9974358974358974,TFC
2025-08-29,390,390,0,1.0,TFC
2025-09-02,390,390,0,1.0,TFC
2025-09-03,390,389,1,0.9974358974358974,TFC
2025-09-04,390,390,0,1.0,TFC
2025-09-05,390,390,0,1.0,TFC
2025-09-08,390,390,0,1.0,TFC
2025-09-09,390,390,0,1.0,TFC
2025-09-10,390,390,0,1.0,TFC
2025-09-11,390,390,0,1.0,TFC
2025-09-12,390,390,0,1.0,TFC
2025-09-15,390,390,0,1.0,TFC
2025-09-16,390,390,0,1.0,TFC
2025-09-17,390,390,0,1.0,TFC
2025-09-18,390,390,0,1.0,TFC
2025-09-19,390,390,0,1.0,TFC
2025-09-22,390,390,0,1.0,TFC
2025-09-23,390,390,0,1.0,TFC
2025-09-24,390,390,0,1.0,TFC
2025-09-25,390,390,0,1.0,TFC
2025-09-26,390,390,0,1.0,TFC
2025-09-29,390,390,0,1.0,TFC
2025-09-30,390,390,0,1.0,TFC
2025-10-01,390,390,0,1.0,TFC
2025-10-02,390,390,0,1.0,TFC
2025-10-03,390,390,0,1.0,TFC
2025-10-06,390,390,0,1.0,TFC
2025-10-07,390,390,0,1.0,TFC
2025-10-08,390,390,0,1.0,TFC
2025-10-09,390,390,0,1.0,TFC
2025-10-10,390,390,0,1.0,TFC
2025-10-13,390,390,0,1.0,TFC
2025-10-14,390,390,0,1.0,TFC
2025-10-15,390,390,0,1.0,TFC
2025-10-16,390,390,0,1.0,TFC
2025-10-17,390,390,0,1.0,TFC
2025-10-20,390,390,0,1.0,TFC
2025-10-21,390,390,0,1.0,TFC
2025-10-22,390,390,0,1.0,TFC
2025-10-23,390,390,0,1.0,TFC
2025-10-24,390,390,0,1.0,TFC
2025-10-27,390,390,0,1.0,TFC
2025-10-28,390,390,0,1.0,TFC
2025-10-29,390,390,0,1.0,TFC
2025-10-30,390,390,0,1.0,TFC
2025-10-31,390,390,0,1.0,TFC
2025-11-03,390,390,0,1.0,TFC
2025-11-04,390,390,0,1.0,TFC
2025-11-05,390,390,0,1.0,TFC
2025-11-06,390,390,0,1.0,TFC
2025-11-07,390,390,0,1.0,TFC
2025-11-10,390,390,0,1.0,TFC
2025-11-11,390,390,0,1.0,TFC
2025-11-12,390,390,0,1.0,TFC
2025-11-13,390,390,0,1.0,TFC
2025-11-14,390,390,0,1.0,TFC
2025-11-17,390,390,0,1.0,TFC
2025-11-18,390,390,0,1.0,TFC
2025-11-19,390,390,0,1.0,TFC
2025-11-20,390,390,0,1.0,TFC
2025-11-21,390,390,0,1.0,TFC
2025-11-24,390,390,0,1.0,TFC
2025-11-25,390,390,0,1.0,TFC
2025-11-26,390,390,0,1.0,TFC
2025-11-28,210,210,0,1.0,TFC
2025-12-01,390,390,0,1.0,TFC
2025-12-02,390,390,0,1.0,TFC
2025-12-03,390,390,0,1.0,TFC
2025-12-04,390,390,0,1.0,TFC
2025-12-05,390,390,0,1.0,TFC
2025-12-08,390,390,0,1.0,TFC
2025-12-09,390,390,0,1.0,TFC
2025-12-10,390,390,0,1.0,TFC
2025-12-11,390,390,0,1.0,TFC
2025-12-12,390,390,0,1.0,TFC
2025-12-15,390,390,0,1.0,TFC
2025-12-16,390,390,0,1.0,TFC
2025-12-17,390,390,0,1.0,TFC
2025-12-18,390,390,0,1.0,TFC
2025-12-19,390,390,0,1.0,TFC
2025-12-22,390,390,0,1.0,TFC
2025-12-23,390,390,0,1.0,TFC
2025-12-24,210,210,0,1.0,TFC
2025-12-26,390,389,1,0.9974358974358974,TFC
2025-12-29,390,390,0,1.0,TFC
2025-12-30,390,390,0,1.0,TFC
2025-12-31,390,390,0,1.0,TFC
2026-01-02,390,390,0,1.0,TFC
2026-01-05,390,390,0,1.0,TFC
2026-01-06,390,390,0,1.0,TFC
2026-01-07,390,390,0,1.0,TFC
2026-01-08,390,390,0,1.0,TFC
2026-01-09,390,390,0,1.0,TFC
2026-01-12,390,390,0,1.0,TFC
2026-01-13,390,390,0,1.0,TFC
2026-01-14,390,390,0,1.0,TFC
2026-01-15,390,390,0,1.0,TFC
2026-01-16,390,390,0,1.0,TFC
2026-01-20,390,390,0,1.0,TFC
2026-01-21,390,390,0,1.0,TFC
2026-01-22,390,390,0,1.0,TFC
2026-01-23,390,390,0,1.0,TFC
2026-01-26,390,390,0,1.0,TFC
2026-01-27,390,390,0,1.0,TFC
2026-01-28,390,390,0,1.0,TFC
2026-01-29,390,390,0,1.0,TFC
2026-01-30,390,390,0,1.0,TFC
2026-02-02,390,390,0,1.0,TFC
2026-02-03,390,390,0,1.0,TFC
2026-02-04,390,390,0,1.0,TFC
2026-02-05,390,390,0,1.0,TFC
2026-02-06,390,390,0,1.0,TFC
2026-02-09,390,390,0,1.0,TFC
2026-02-10,390,390,0,1.0,TFC
2026-02-11,390,390,0,1.0,TFC
2026-02-12,390,390,0,1.0,TFC
2026-02-13,390,390,0,1.0,TFC
2026-02-17,390,390,0,1.0,TFC
2026-02-18,390,390,0,1.0,TFC
2026-02-19,390,390,0,1.0,TFC
2026-02-20,390,390,0,1.0,TFC
2026-02-23,390,390,0,1.0,TFC
2026-02-24,390,390,0,1.0,TFC
2026-02-25,390,390,0,1.0,TFC
2026-02-26,390,390,0,1.0,TFC
2026-02-27,390,390,0,1.0,TFC
2026-03-02,390,390,0,1.0,TFC
2026-03-03,390,390,0,1.0,TFC
2026-03-04,390,390,0,1.0,TFC
2026-03-05,390,390,0,1.0,TFC
2026-03-06,390,390,0,1.0,TFC
2026-03-09,390,390,0,1.0,TFC
2026-03-10,390,390,0,1.0,TFC
2026-03-11,390,390,0,1.0,TFC
2026-03-12,390,390,0,1.0,TFC
2026-03-13,390,390,0,1.0,TFC
2026-03-16,390,390,0,1.0,TFC
2026-03-17,390,390,0,1.0,TFC
2026-03-18,390,390,0,1.0,TFC
2026-03-19,390,390,0,1.0,TFC
2026-03-20,390,390,0,1.0,TFC
2026-03-23,390,390,0,1.0,TFC
2026-03-24,390,390,0,1.0,TFC
2026-03-25,390,390,0,1.0,TFC
2026-03-26,390,390,0,1.0,TFC
2026-03-27,390,390,0,1.0,TFC
2026-03-30,390,390,0,1.0,TFC
2026-03-31,390,390,0,1.0,TFC
2026-04-01,390,390,0,1.0,TFC
2026-04-02,390,390,0,1.0,TFC
2026-04-06,390,390,0,1.0,TFC
2026-04-07,390,390,0,1.0,TFC
2026-04-08,390,390,0,1.0,TFC
2026-04-09,390,390,0,1.0,TFC
2026-04-10,390,390,0,1.0,TFC
2026-04-13,390,390,0,1.0,TFC
2026-04-14,390,390,0,1.0,TFC
2026-04-15,390,390,0,1.0,TFC
2026-04-16,390,390,0,1.0,TFC
2026-04-17,390,390,0,1.0,TFC
2026-04-20,390,390,0,1.0,TFC
2026-04-21,390,390,0,1.0,TFC
2026-04-22,390,390,0,1.0,TFC
2026-04-23,390,390,0,1.0,TFC
2026-04-24,390,390,0,1.0,TFC
2026-04-27,390,390,0,1.0,TFC
2026-04-28,390,390,0,1.0,TFC
2026-04-29,390,390,0,1.0,TFC
2026-04-30,390,389,1,0.9974358974358974,TFC
2026-05-01,390,390,0,1.0,TFC
2026-05-04,390,390,0,1.0,TFC
2026-05-05,390,390,0,1.0,TFC
2026-05-06,390,389,1,0.9974358974358974,TFC
2026-05-07,390,390,0,1.0,TFC
2026-05-08,390,390,0,1.0,TFC
2026-05-11,390,390,0,1.0,TFC
2026-05-12,390,390,0,1.0,TFC
2026-05-13,390,390,0,1.0,TFC
2026-05-14,390,390,0,1.0,TFC
2026-05-15,390,390,0,1.0,TFC
2026-05-18,390,390,0,1.0,TFC
2026-05-19,390,390,0,1.0,TFC
2026-05-20,390,390,0,1.0,TFC
2026-05-21,390,390,0,1.0,TFC
2026-05-22,390,390,0,1.0,TFC
2026-05-26,390,390,0,1.0,TFC
2026-05-27,390,390,0,1.0,TFC
2026-05-28,390,390,0,1.0,TFC
2026-05-29,390,390,0,1.0,TFC
2026-06-01,390,390,0,1.0,TFC
2026-06-02,390,390,0,1.0,TFC
2026-06-03,390,390,0,1.0,TFC
2026-06-04,390,390,0,1.0,TFC
2026-06-05,390,390,0,1.0,TFC
2026-06-08,390,390,0,1.0,TFC
2026-06-09,390,390,0,1.0,TFC
2026-06-10,390,390,0,1.0,TFC
2026-06-11,390,390,0,1.0,TFC
2026-06-12,390,390,0,1.0,TFC
2026-06-15,390,390,0,1.0,TFC
2026-06-16,390,390,0,1.0,TFC
2026-06-17,390,390,0,1.0,TFC
2026-06-18,390,390,0,1.0,TFC
2026-06-22,390,390,0,1.0,TFC
2026-06-23,390,390,0,1.0,TFC
2026-06-24,390,390,0,1.0,TFC
2026-06-25,390,390,0,1.0,TFC
2026-06-26,390,390,0,1.0,TFC
2026-06-29,390,390,0,1.0,TFC
2026-06-30,390,390,0,1.0,TFC
2026-07-01,390,390,0,1.0,TFC
2026-07-02,390,390,0,1.0,TFC
2026-07-06,390,390,0,1.0,TFC
2026-07-07,390,390,0,1.0,TFC
2026-07-08,390,390,0,1.0,TFC
2026-07-09,390,390,0,1.0,TFC
2026-07-10,390,390,0,1.0,TFC
2026-07-13,390,390,0,1.0,TFC
2026-07-14,390,390,0,1.0,TFC
2026-07-15,390,390,0,1.0,TFC
2026-07-16,390,390,0,1.0,TFC
2026-07-17,390,390,0,1.0,TFC
2026-07-20,390,390,0,1.0,TFC
2026-07-21,390,390,0,1.0,TFC
2026-07-22,390,390,0,1.0,TFC
2026-07-23,390,390,0,1.0,TFC
2026-07-24,390,390,0,1.0,TFC
2026-07-27,390,390,0,1.0,TFC
2026-07-28,390,390,0,1.0,TFC
2026-07-29,390,390,0,1.0,TFC
2026-07-30,390,390,0,1.0,TFC
2026-07-31,390,390,0,1.0,TFC
2026-08-03,390,390,0,1.0,TFC
2026-08-04,390,390,0,1.0,TFC
2026-08-05,390,390,0,1.0,TFC
2026-08-06,390,390,0,1.0,TFC
2026-08-07,390,388,2,0.9948717948717949,TFC
2026-08-10,390,390,0,1.0,TFC
2026-08-11,390,390,0,1.0,TFC
2026-08-12,390,390,0,1.0,TFC
2026-08-13,390,390,0,1.0,TFC
2026-08-14,390,389,1,0.9974358974358974,TFC
2026-08-17,390,390,0,1.0,TFC
2026-08-18,390,390,0,1.0,TFC
2026-08-19,390,390,0,1.0,TFC
2026-08-20,390,390,0,1.0,TFC
2026-08-21,390,389,1,0.9974358974358974,TFC
2026-08-24,390,390,0,1.0,TFC
2026-08-25,390,389,1,0.9974358974358974,TFC
2026-08-26,390,390,0,1.0,TFC
2026-08-27,390,388,2,0.9948717948717949,TFC
2026-08-28,390,390,0,1.0,TFC
2026-08-31,390,388,2,0.9948717948717949,TFC
2026-09-01,390,390,0,1.0,TFC
2026-09-02,390,390,0,1.0,TFC
2026-09-03,390,390,0,1.0,TFC
2026-09-04,390,390,0,1.0,TFC
2026-09-08,390,390,0,1.0,TFC
2026-09-09,390,390,0,1.0,TFC
2023-01-03,390,390,0,1.0,FITB
2023-01-04,390,390,0,1.0,FITB
2023-01-05,390,390,0,1.0,FITB
2023-01-06,390,390,0,1.0,FITB
2023-01-09,390,389,1,0.9974358974358974,FITB
2023-01-10,390,390,0,1.0,FITB
2023-01-11,390,390,0,1.0,FITB
2023-01-12,390,390,0,1.0,FITB
2023-01-13,390,390,0,1.0,FITB
2023-01-17,390,390,0,1.0,FITB
2023-01-18,390,390,0,1.0,FITB
2023-01-19,390,390,0,1.0,FITB
2023-01-20,390,390,0,1.0,FITB
2023-01-23,390,390,0,1.0,FITB
2023-01-24,390,390,0,1.0,FITB
2023-01-25,390,390,0,1.0,FITB
2023-01-26,390,390,0,1.0,FITB
2023-01-27,390,390,0,1.0,FITB
2023-01-30,390,389,1,0.9974358974358974,FITB
2023-01-31,390,389,1,0.9974358974358974,FITB
2023-02-01,390,390,0,1.0,FITB
2023-02-02,390,390,0,1.0,FITB
2023-02-03,390,390,0,1.0,FITB
2023-02-06,390,390,0,1.0,FITB
2023-02-07,390,390,0,1.0,FITB
2023-02-08,390,390,0,1.0,FITB
2023-02-09,390,390,0,1.0,FITB
2023-02-10,390,390,0,1.0,FITB
2023-02-13,390,390,0,1.0,FITB
2023-02-14,390,390,0,1.0,FITB
2023-02-15,390,390,0,1.0,FITB
2023-02-16,390,390,0,1.0,FITB
2023-02-17,390,390,0,1.0,FITB
2023-02-21,390,390,0,1.0,FITB
2023-02-22,390,390,0,1.0,FITB
2023-02-23,390,390,0,1.0,FITB
2023-02-24,390,390,0,1.0,FITB
2023-02-27,390,387,3,0.9923076923076923,FITB
2023-02-28,390,389,1,0.9974358974358974,FITB
2023-03-01,390,390,0,1.0,FITB
2023-03-02,390,390,0,1.0,FITB
2023-03-03,390,390,0,1.0,FITB
2023-03-06,390,390,0,1.0,FITB
2023-03-07,390,390,0,1.0,FITB
2023-03-08,390,390,0,1.0,FITB
2023-03-09,390,390,0,1.0,FITB
2023-03-10,390,390,0,1.0,FITB
2023-03-13,390,390,0,1.0,FITB
2023-03-14,390,390,0,1.0,FITB
2023-03-15,390,390,0,1.0,FITB
2023-03-16,390,390,0,1.0,FITB
2023-03-17,390,390,0,1.0,FITB
2023-03-20,390,390,0,1.0,FITB
2023-03-21,390,390,0,1.0,FITB
2023-03-22,390,390,0,1.0,FITB
2023-03-23,390,390,0,1.0,FITB
2023-03-24,390,390,0,1.0,FITB
2023-03-27,390,390,0,1.0,FITB
2023-03-28,390,390,0,1.0,FITB
2023-03-29,390,390,0,1.0,FITB
2023-03-30,390,390,0,1.0,FITB
2023-03-31,390,390,0,1.0,FITB
2023-04-03,390,390,0,1.0,FITB
2023-04-04,390,390,0,1.0,FITB
2023-04-05,390,390,0,1.0,FITB
2023-04-06,390,390,0,1.0,FITB
2023-04-10,390,390,0,1.0,FITB
2023-04-11,390,390,0,1.0,FITB
2023-04-12,390,390,0,1.0,FITB
2023-04-13,390,390,0,1.0,FITB
2023-04-14,390,390,0,1.0,FITB
2023-04-17,390,390,0,1.0,FITB
2023-04-18,390,389,1,0.9974358974358974,FITB
2023-04-19,390,390,0,1.0,FITB
2023-04-20,390,390,0,1.0,FITB
2023-04-21,390,390,0,1.0,FITB
2023-04-24,390,390,0,1.0,FITB
2023-04-25,390,390,0,1.0,FITB
2023-04-26,390,390,0,1.0,FITB
2023-04-27,390,390,0,1.0,FITB
2023-04-28,390,390,0,1.0,FITB
2023-05-01,390,390,0,1.0,FITB
2023-05-02,390,390,0,1.0,FITB
2023-05-03,390,390,0,1.0,FITB
2023-05-04,390,390,0,1.0,FITB
2023-05-05,390,390,0,1.0,FITB
2023-05-08,390,390,0,1.0,FITB
2023-05-09,390,390,0,1.0,FITB
2023-05-10,390,390,0,1.0,FITB
2023-05-11,390,390,0,1.0,FITB
2023-05-12,390,390,0,1.0,FITB
2023-05-15,390,390,0,1.0,FITB
2023-05-16,390,390,0,1.0,FITB
2023-05-17,390,390,0,1.0,FITB
2023-05-18,390,390,0,1.0,FITB
2023-05-19,390,390,0,1.0,FITB
2023-05-22,390,390,0,1.0,FITB
2023-05-23,390,390,0,1.0,FITB
2023-05-24,390,390,0,1.0,FITB
2023-05-25,390,390,0,1.0,FITB
2023-05-26,390,390,0,1.0,FITB
2023-05-30,390,390,0,1.0,FITB
2023-05-31,390,390,0,1.0,FITB
2023-06-01,390,390,0,1.0,FITB
2023-06-02,390,390,0,1.0,FITB
2023-06-05,390,390,0,1.0,FITB
2023-06-06,390,390,0,1.0,FITB
2023-06-07,390,390,0,1.0,FITB
2023-06-08,390,390,0,1.0,FITB
2023-06-09,390,390,0,1.0,FITB
2023-06-12,390,390,0,1.0,FITB
2023-06-13,390,390,0,1.0,FITB
2023-06-14,390,390,0,1.0,FITB
2023-06-15,390,390,0,1.0,FITB
2023-06-16,390,390,0,1.0,FITB
2023-06-20,390,390,0,1.0,FITB
2023-06-21,390,390,0,1.0,FITB
2023-06-22,390,389,1,0.9974358974358974,FITB
2023-06-23,390,390,0,1.0,FITB
2023-06-26,390,390,0,1.0,FITB
2023-06-27,390,390,0,1.0,FITB
2023-06-28,390,390,0,1.0,FITB
2023-06-29,390,389,1,0.9974358974358974,FITB
2023-06-30,390,390,0,1.0,FITB
2023-07-03,210,210,0,1.0,FITB
2023-07-05,390,390,0,1.0,FITB
2023-07-06,390,389,1,0.9974358974358974,FITB
2023-07-07,390,390,0,1.0,FITB
2023-07-10,390,390,0,1.0,FITB
2023-07-11,390,390,0,1.0,FITB
2023-07-12,390,390,0,1.0,FITB
2023-07-13,390,390,0,1.0,FITB
2023-07-14,390,390,0,1.0,FITB
2023-07-17,390,390,0,1.0,FITB
2023-07-18,390,390,0,1.0,FITB
2023-07-19,390,390,0,1.0,FITB
2023-07-20,390,390,0,1.0,FITB
2023-07-21,390,390,0,1.0,FITB
2023-07-24,390,390,0,1.0,FITB
2023-07-25,390,390,0,1.0,FITB
2023-07-26,390,390,0,1.0,FITB
2023-07-27,390,390,0,1.0,FITB
2023-07-28,390,389,1,0.9974358974358974,FITB
2023-07-31,390,388,2,0.9948717948717949,FITB
2023-08-01,390,388,2,0.9948717948717949,FITB
2023-08-02,390,390,0,1.0,FITB
2023-08-03,390,390,0,1.0,FITB
2023-08-04,390,390,0,1.0,FITB
2023-08-07,390,386,4,0.9897435897435898,FITB
2023-08-08,390,390,0,1.0,FITB
2023-08-09,390,390,0,1.0,FITB
2023-08-10,390,389,1,0.9974358974358974,FITB
2023-08-11,390,389,1,0.9974358974358974,FITB
2023-08-14,390,390,0,1.0,FITB
2023-08-15,390,390,0,1.0,FITB
2023-08-16,390,390,0,1.0,FITB
2023-08-17,390,390,0,1.0,FITB
2023-08-18,390,390,0,1.0,FITB
2023-08-21,390,389,1,0.9974358974358974,FITB
2023-08-22,390,390,0,1.0,FITB
2023-08-23,390,389,1,0.9974358974358974,FITB
2023-08-24,390,389,1,0.9974358974358974,FITB
2023-08-25,390,390,0,1.0,FITB
2023-08-28,390,384,6,0.9846153846153847,FITB
2023-08-29,390,387,3,0.9923076923076923,FITB
2023-08-30,390,390,0,1.0,FITB
2023-08-31,390,390,0,1.0,FITB
2023-09-01,390,389,1,0.9974358974358974,FITB
2023-09-05,390,390,0,1.0,FITB
2023-09-06,390,390,0,1.0,FITB
2023-09-07,390,390,0,1.0,FITB
2023-09-08,390,388,2,0.9948717948717949,FITB
2023-09-11,390,390,0,1.0,FITB
2023-09-12,390,389,1,0.9974358974358974,FITB
2023-09-13,390,390,0,1.0,FITB
2023-09-14,390,390,0,1.0,FITB
2023-09-15,390,389,1,0.9974358974358974,FITB
2023-09-18,390,388,2,0.9948717948717949,FITB
2023-09-19,390,390,0,1.0,FITB
2023-09-20,390,390,0,1.0,FITB
2023-09-21,390,390,0,1.0,FITB
2023-09-22,390,389,1,0.9974358974358974,FITB
2023-09-25,390,389,1,0.9974358974358974,FITB
2023-09-26,390,390,0,1.0,FITB
2023-09-27,390,390,0,1.0,FITB
2023-09-28,390,390,0,1.0,FITB
2023-09-29,390,390,0,1.0,FITB
2023-10-02,390,390,0,1.0,FITB
2023-10-03,390,390,0,1.0,FITB
2023-10-04,390,390,0,1.0,FITB
2023-10-05,390,390,0,1.0,FITB
2023-10-06,390,390,0,1.0,FITB
2023-10-09,390,390,0,1.0,FITB
2023-10-10,390,390,0,1.0,FITB
2023-10-11,390,390,0,1.0,FITB
2023-10-12,390,390,0,1.0,FITB
2023-10-13,390,390,0,1.0,FITB
2023-10-16,390,390,0,1.0,FITB
2023-10-17,390,390,0,1.0,FITB
2023-10-18,390,390,0,1.0,FITB
2023-10-19,390,390,0,1.0,FITB
2023-10-20,390,390,0,1.0,FITB
2023-10-23,390,390,0,1.0,FITB
2023-10-24,390,390,0,1.0,FITB
2023-10-25,390,390,0,1.0,FITB
2023-10-26,390,390,0,1.0,FITB
2023-10-27,390,389,1,0.9974358974358974,FITB
2023-10-30,390,390,0,1.0,FITB
2023-10-31,390,390,0,1.0,FITB
2023-11-01,390,390,0,1.0,FITB
2023-11-02,390,390,0,1.0,FITB
2023-11-03,390,390,0,1.0,FITB
2023-11-06,390,389,1,0.9974358974358974,FITB
2023-11-07,390,390,0,1.0,FITB
2023-11-08,390,390,0,1.0,FITB
2023-11-09,390,390,0,1.0,FITB
2023-11-10,390,390,0,1.0,FITB
2023-11-13,390,390,0,1.0,FITB
2023-11-14,390,390,0,1.0,FITB
2023-11-15,390,390,0,1.0,FITB
2023-11-16,390,390,0,1.0,FITB
2023-11-17,390,389,1,0.9974358974358974,FITB
2023-11-20,390,390,0,1.0,FITB
2023-11-21,390,388,2,0.9948717948717949,FITB
2023-11-22,390,389,1,0.9974358974358974,FITB
2023-11-24,210,209,1,0.9952380952380953,FITB
2023-11-27,390,390,0,1.0,FITB
2023-11-28,390,389,1,0.9974358974358974,FITB
2023-11-29,390,390,0,1.0,FITB
2023-11-30,390,390,0,1.0,FITB
2023-12-01,390,390,0,1.0,FITB
2023-12-04,390,390,0,1.0,FITB
2023-12-05,390,390,0,1.0,FITB
2023-12-06,390,390,0,1.0,FITB
2023-12-07,390,390,0,1.0,FITB
2023-12-08,390,390,0,1.0,FITB
2023-12-11,390,390,0,1.0,FITB
2023-12-12,390,390,0,1.0,FITB
2023-12-13,390,389,1,0.9974358974358974,FITB
2023-12-14,390,390,0,1.0,FITB
2023-12-15,390,390,0,1.0,FITB
2023-12-18,390,390,0,1.0,FITB
2023-12-19,390,390,0,1.0,FITB
2023-12-20,390,390,0,1.0,FITB
2023-12-21,390,390,0,1.0,FITB
2023-12-22,390,389,1,0.9974358974358974,FITB
2023-12-26,390,387,3,0.9923076923076923,FITB
2023-12-27,390,390,0,1.0,FITB
2023-12-28,390,390,0,1.0,FITB
2023-12-29,390,390,0,1.0,FITB
2024-01-02,390,390,0,1.0,FITB
2024-01-03,390,389,1,0.9974358974358974,FITB
2024-01-04,390,390,0,1.0,FITB
2024-01-05,390,390,0,1.0,FITB
2024-01-08,390,390,0,1.0,FITB
2024-01-09,390,390,0,1.0,FITB
2024-01-10,390,390,0,1.0,FITB
2024-01-11,390,390,0,1.0,FITB
2024-01-12,390,390,0,1.0,FITB
2024-01-16,390,390,0,1.0,FITB
2024-01-17,390,390,0,1.0,FITB
2024-01-18,390,390,0,1.0,FITB
2024-01-19,390,390,0,1.0,FITB
2024-01-22,390,390,0,1.0,FITB
2024-01-23,390,390,0,1.0,FITB
2024-01-24,390,390,0,1.0,FITB
2024-01-25,390,390,0,1.0,FITB
2024-01-26,390,390,0,1.0,FITB
2024-01-29,390,390,0,1.0,FITB
2024-01-30,390,390,0,1.0,FITB
2024-01-31,390,389,1,0.9974358974358974,FITB
2024-02-01,390,390,0,1.0,FITB
2024-02-02,390,390,0,1.0,FITB
2024-02-05,390,390,0,1.0,FITB
2024-02-06,390,390,0,1.0,FITB
2024-02-07,390,390,0,1.0,FITB
2024-02-08,390,390,0,1.0,FITB
2024-02-09,390,390,0,1.0,FITB
2024-02-12,390,390,0,1.0,FITB
2024-02-13,390,390,0,1.0,FITB
2024-02-14,390,390,0,1.0,FITB
2024-02-15,390,390,0,1.0,FITB
2024-02-16,390,389,1,0.9974358974358974,FITB
2024-02-20,390,390,0,1.0,FITB
2024-02-21,390,389,1,0.9974358974358974,FITB
2024-02-22,390,389,1,0.9974358974358974,FITB
2024-02-23,390,390,0,1.0,FITB
2024-02-26,390,389,1,0.9974358974358974,FITB
2024-02-27,390,390,0,1.0,FITB
2024-02-28,390,390,0,1.0,FITB
2024-02-29,390,390,0,1.0,FITB
2024-03-01,390,390,0,1.0,FITB
2024-03-04,390,389,1,0.9974358974358974,FITB
2024-03-05,390,390,0,1.0,FITB
2024-03-06,390,390,0,1.0,FITB
2024-03-07,390,390,0,1.0,FITB
2024-03-08,390,390,0,1.0,FITB
2024-03-11,390,390,0,1.0,FITB
2024-03-12,390,390,0,1.0,FITB
2024-03-13,390,390,0,1.0,FITB
2024-03-14,390,390,0,1.0,FITB
2024-03-15,390,390,0,1.0,FITB
2024-03-18,390,389,1,0.9974358974358974,FITB
2024-03-19,390,390,0,1.0,FITB
2024-03-20,390,389,1,0.9974358974358974,FITB
2024-03-21,390,390,0,1.0,FITB
2024-03-22,390,389,1,0.9974358974358974,FITB
2024-03-25,390,390,0,1.0,FITB
2024-03-26,390,390,0,1.0,FITB
2024-03-27,390,390,0,1.0,FITB
2024-03-28,390,390,0,1.0,FITB
2024-04-01,390,390,0,1.0,FITB
2024-04-02,390,389,1,0.9974358974358974,FITB
2024-04-03,390,390,0,1.0,FITB
2024-04-04,390,388,2,0.9948717948717949,FITB
2024-04-05,390,390,0,1.0,FITB
2024-04-08,390,390,0,1.0,FITB
2024-04-09,390,389,1,0.9974358974358974,FITB
2024-04-10,390,390,0,1.0,FITB
2024-04-11,390,390,0,1.0,FITB
2024-04-12,390,390,0,1.0,FITB
2024-04-15,390,390,0,1.0,FITB
2024-04-16,390,390,0,1.0,FITB
2024-04-17,390,390,0,1.0,FITB
2024-04-18,390,390,0,1.0,FITB
2024-04-19,390,390,0,1.0,FITB
2024-04-22,390,390,0,1.0,FITB
2024-04-23,390,390,0,1.0,FITB
2024-04-24,390,390,0,1.0,FITB
2024-04-25,390,390,0,1.0,FITB
2024-04-26,390,390,0,1.0,FITB
2024-04-29,390,388,2,0.9948717948717949,FITB
2024-04-30,390,390,0,1.0,FITB
2024-05-01,390,390,0,1.0,FITB
2024-05-02,390,390,0,1.0,FITB
2024-05-03,390,389,1,0.9974358974358974,FITB
2024-05-06,390,390,0,1.0,FITB
2024-05-07,390,390,0,1.0,FITB
2024-05-08,390,383,7,0.982051282051282,FITB
2024-05-09,390,389,1,0.9974358974358974,FITB
2024-05-10,390,388,2,0.9948717948717949,FITB
2024-05-13,390,388,2,0.9948717948717949,FITB
2024-05-14,390,387,3,0.9923076923076923,FITB
2024-05-15,390,389,1,0.9974358974358974,FITB
2024-05-16,390,389,1,0.9974358974358974,FITB
2024-05-17,390,374,16,0.958974358974359,FITB
2024-05-20,390,385,5,0.9871794871794872,FITB
2024-05-21,390,389,1,0.9974358974358974,FITB
2024-05-22,390,383,7,0.982051282051282,FITB
2024-05-23,390,390,0,1.0,FITB
2024-05-24,390,369,21,0.9461538461538461,FITB
2024-05-28,390,385,5,0.9871794871794872,FITB
2024-05-29,390,382,8,0.9794871794871794,FITB
2024-05-30,390,390,0,1.0,FITB
2024-05-31,390,389,1,0.9974358974358974,FITB
2024-06-03,390,390,0,1.0,FITB
2024-06-04,390,386,4,0.9897435897435898,FITB
2024-06-05,390,382,8,0.9794871794871794,FITB
2024-06-06,390,388,2,0.9948717948717949,FITB
2024-06-07,390,389,1,0.9974358974358974,FITB
2024-06-10,390,390,0,1.0,FITB
2024-06-11,390,390,0,1.0,FITB
2024-06-12,390,390,0,1.0,FITB
2024-06-13,390,390,0,1.0,FITB
2024-06-14,390,387,3,0.9923076923076923,FITB
2024-06-17,390,389,1,0.9974358974358974,FITB
2024-06-18,390,389,1,0.9974358974358974,FITB
2024-06-20,390,389,1,0.9974358974358974,FITB
2024-06-21,390,388,2,0.9948717948717949,FITB
2024-06-24,390,389,1,0.9974358974358974,FITB
2024-06-25,390,388,2,0.9948717948717949,FITB
2024-06-26,390,390,0,1.0,FITB
2024-06-27,390,388,2,0.9948717948717949,FITB
2024-06-28,390,390,0,1.0,FITB
2024-07-01,390,390,0,1.0,FITB
2024-07-02,390,390,0,1.0,FITB
2024-07-03,210,210,0,1.0,FITB
2024-07-05,390,390,0,1.0,FITB
2024-07-08,390,390,0,1.0,FITB
2024-07-09,390,390,0,1.0,FITB
2024-07-10,390,389,1,0.9974358974358974,FITB
2024-07-11,390,390,0,1.0,FITB
2024-07-12,390,390,0,1.0,FITB
2024-07-15,390,390,0,1.0,FITB
2024-07-16,390,390,0,1.0,FITB
2024-07-17,390,390,0,1.0,FITB
2024-07-18,390,390,0,1.0,FITB
2024-07-19,390,390,0,1.0,FITB
2024-07-22,390,390,0,1.0,FITB
2024-07-23,390,390,0,1.0,FITB
2024-07-24,390,390,0,1.0,FITB
2024-07-25,390,390,0,1.0,FITB
2024-07-26,390,390,0,1.0,FITB
2024-07-29,390,390,0,1.0,FITB
2024-07-30,390,390,0,1.0,FITB
2024-07-31,390,390,0,1.0,FITB
2024-08-01,390,390,0,1.0,FITB
2024-08-02,390,390,0,1.0,FITB
2024-08-05,390,390,0,1.0,FITB
2024-08-06,390,390,0,1.0,FITB
2024-08-07,390,390,0,1.0,FITB
2024-08-08,390,390,0,1.0,FITB
2024-08-09,390,389,1,0.9974358974358974,FITB
2024-08-12,390,390,0,1.0,FITB
2024-08-13,390,389,1,0.9974358974358974,FITB
2024-08-14,390,389,1,0.9974358974358974,FITB
2024-08-15,390,390,0,1.0,FITB
2024-08-16,390,390,0,1.0,FITB
2024-08-19,390,390,0,1.0,FITB
2024-08-20,390,390,0,1.0,FITB
2024-08-21,390,389,1,0.9974358974358974,FITB
2024-08-22,390,389,1,0.9974358974358974,FITB
2024-08-23,390,390,0,1.0,FITB
2024-08-26,390,390,0,1.0,FITB
2024-08-27,390,390,0,1.0,FITB
2024-08-28,390,388,2,0.9948717948717949,FITB
2024-08-29,390,385,5,0.9871794871794872,FITB
2024-08-30,390,389,1,0.9974358974358974,FITB
2024-09-03,390,390,0,1.0,FITB
2024-09-04,390,386,4,0.9897435897435898,FITB
2024-09-05,390,389,1,0.9974358974358974,FITB
2024-09-06,390,390,0,1.0,FITB
2024-09-09,390,389,1,0.9974358974358974,FITB
2024-09-10,390,390,0,1.0,FITB
2024-09-11,390,390,0,1.0,FITB
2024-09-12,390,388,2,0.9948717948717949,FITB
2024-09-13,390,390,0,1.0,FITB
2024-09-16,390,390,0,1.0,FITB
2024-09-17,390,390,0,1.0,FITB
2024-09-18,390,390,0,1.0,FITB
2024-09-19,390,390,0,1.0,FITB
2024-09-20,390,390,0,1.0,FITB
2024-09-23,390,390,0,1.0,FITB
2024-09-24,390,389,1,0.9974358974358974,FITB
2024-09-25,390,388,2,0.9948717948717949,FITB
2024-09-26,390,390,0,1.0,FITB
2024-09-27,390,390,0,1.0,FITB
2024-09-30,390,390,0,1.0,FITB
2024-10-01,390,390,0,1.0,FITB
2024-10-02,390,390,0,1.0,FITB
2024-10-03,390,390,0,1.0,FITB
2024-10-04,390,389,1,0.9974358974358974,FITB
2024-10-07,390,390,0,1.0,FITB
2024-10-08,390,384,6,0.9846153846153847,FITB
2024-10-09,390,390,0,1.0,FITB
2024-10-10,390,388,2,0.9948717948717949,FITB
2024-10-11,390,390,0,1.0,FITB
2024-10-14,390,390,0,1.0,FITB
2024-10-15,390,390,0,1.0,FITB
2024-10-16,390,388,2,0.9948717948717949,FITB
2024-10-17,390,390,0,1.0,FITB
2024-10-18,390,390,0,1.0,FITB
2024-10-21,390,390,0,1.0,FITB
2024-10-22,390,390,0,1.0,FITB
2024-10-23,390,390,0,1.0,FITB
2024-10-24,390,390,0,1.0,FITB
2024-10-25,390,390,0,1.0,FITB
2024-10-28,390,390,0,1.0,FITB
2024-10-29,390,390,0,1.0,FITB
2024-10-30,390,390,0,1.0,FITB
2024-10-31,390,390,0,1.0,FITB
2024-11-01,390,390,0,1.0,FITB
2024-11-04,390,385,5,0.9871794871794872,FITB
2024-11-05,390,387,3,0.9923076923076923,FITB
2024-11-06,390,390,0,1.0,FITB
2024-11-07,390,390,0,1.0,FITB
2024-11-08,390,390,0,1.0,FITB
2024-11-11,390,390,0,1.0,FITB
2024-11-12,390,390,0,1.0,FITB
2024-11-13,390,390,0,1.0,FITB
2024-11-14,390,388,2,0.9948717948717949,FITB
2024-11-15,390,389,1,0.9974358974358974,FITB
2024-11-18,390,390,0,1.0,FITB
2024-11-19,390,389,1,0.9974358974358974,FITB
2024-11-20,390,385,5,0.9871794871794872,FITB
2024-11-21,390,390,0,1.0,FITB
2024-11-22,390,390,0,1.0,FITB
2024-11-25,390,386,4,0.9897435897435898,FITB
2024-11-26,390,386,4,0.9897435897435898,FITB
2024-11-27,390,389,1,0.9974358974358974,FITB
2024-11-29,210,210,0,1.0,FITB
2024-12-02,390,389,1,0.9974358974358974,FITB
2024-12-03,390,390,0,1.0,FITB
2024-12-04,390,388,2,0.9948717948717949,FITB
2024-12-05,390,390,0,1.0,FITB
2024-12-06,390,389,1,0.9974358974358974,FITB
2024-12-09,390,390,0,1.0,FITB
2024-12-10,390,390,0,1.0,FITB
2024-12-11,390,390,0,1.0,FITB
2024-12-12,390,390,0,1.0,FITB
2024-12-13,390,389,1,0.9974358974358974,FITB
2024-12-16,390,389,1,0.9974358974358974,FITB
2024-12-17,390,390,0,1.0,FITB
2024-12-18,390,388,2,0.9948717948717949,FITB
2024-12-19,390,389,1,0.9974358974358974,FITB
2024-12-20,390,390,0,1.0,FITB
2024-12-23,390,390,0,1.0,FITB
2024-12-24,210,210,0,1.0,FITB
2024-12-26,390,390,0,1.0,FITB
2024-12-27,390,390,0,1.0,FITB
2024-12-30,390,389,1,0.9974358974358974,FITB
2024-12-31,390,390,0,1.0,FITB
2025-01-02,390,390,0,1.0,FITB
2025-01-03,390,390,0,1.0,FITB
2025-01-06,390,390,0,1.0,FITB
2025-01-07,390,390,0,1.0,FITB
2025-01-08,390,390,0,1.0,FITB
2025-01-10,390,390,0,1.0,FITB
2025-01-13,390,390,0,1.0,FITB
2025-01-14,390,390,0,1.0,FITB
2025-01-15,390,390,0,1.0,FITB
2025-01-16,390,390,0,1.0,FITB
2025-01-17,390,390,0,1.0,FITB
2025-01-21,390,390,0,1.0,FITB
2025-01-22,390,390,0,1.0,FITB
2025-01-23,390,390,0,1.0,FITB
2025-01-24,390,390,0,1.0,FITB
2025-01-27,390,390,0,1.0,FITB
2025-01-28,390,390,0,1.0,FITB
2025-01-29,390,389,1,0.9974358974358974,FITB
2025-01-30,390,388,2,0.9948717948717949,FITB
2025-01-31,390,390,0,1.0,FITB
2025-02-03,390,390,0,1.0,FITB
2025-02-04,390,390,0,1.0,FITB
2025-02-05,390,389,1,0.9974358974358974,FITB
2025-02-06,390,390,0,1.0,FITB
2025-02-07,390,390,0,1.0,FITB
2025-02-10,390,388,2,0.9948717948717949,FITB
2025-02-11,390,390,0,1.0,FITB
2025-02-12,390,390,0,1.0,FITB
2025-02-13,390,390,0,1.0,FITB
2025-02-14,390,388,2,0.9948717948717949,FITB
2025-02-18,390,390,0,1.0,FITB
2025-02-19,390,390,0,1.0,FITB
2025-02-20,390,390,0,1.0,FITB
2025-02-21,390,390,0,1.0,FITB
2025-02-24,390,390,0,1.0,FITB
2025-02-25,390,390,0,1.0,FITB
2025-02-26,390,390,0,1.0,FITB
2025-02-27,390,390,0,1.0,FITB
2025-02-28,390,389,1,0.9974358974358974,FITB
2025-03-03,390,389,1,0.9974358974358974,FITB
2025-03-04,390,390,0,1.0,FITB
2025-03-05,390,390,0,1.0,FITB
2025-03-06,390,390,0,1.0,FITB
2025-03-07,390,390,0,1.0,FITB
2025-03-10,390,390,0,1.0,FITB
2025-03-11,390,390,0,1.0,FITB
2025-03-12,390,390,0,1.0,FITB
2025-03-13,390,390,0,1.0,FITB
2025-03-14,390,390,0,1.0,FITB
2025-03-17,390,390,0,1.0,FITB
2025-03-18,390,390,0,1.0,FITB
2025-03-19,390,390,0,1.0,FITB
2025-03-20,390,390,0,1.0,FITB
2025-03-21,390,390,0,1.0,FITB
2025-03-24,390,388,2,0.9948717948717949,FITB
2025-03-25,390,385,5,0.9871794871794872,FITB
2025-03-26,390,389,1,0.9974358974358974,FITB
2025-03-27,390,390,0,1.0,FITB
2025-03-28,390,389,1,0.9974358974358974,FITB
2025-03-31,390,390,0,1.0,FITB
2025-04-01,390,390,0,1.0,FITB
2025-04-02,390,390,0,1.0,FITB
2025-04-03,390,390,0,1.0,FITB
2025-04-04,390,390,0,1.0,FITB
2025-04-07,390,390,0,1.0,FITB
2025-04-08,390,390,0,1.0,FITB
2025-04-09,390,390,0,1.0,FITB
2025-04-10,390,390,0,1.0,FITB
2025-04-11,390,390,0,1.0,FITB
2025-04-14,390,390,0,1.0,FITB
2025-04-15,390,390,0,1.0,FITB
2025-04-16,390,390,0,1.0,FITB
2025-04-17,390,390,0,1.0,FITB
2025-04-21,390,390,0,1.0,FITB
2025-04-22,390,390,0,1.0,FITB
2025-04-23,390,390,0,1.0,FITB
2025-04-24,390,390,0,1.0,FITB
2025-04-25,390,390,0,1.0,FITB
2025-04-28,390,390,0,1.0,FITB
2025-04-29,390,387,3,0.9923076923076923,FITB
2025-04-30,390,388,2,0.9948717948717949,FITB
2025-05-01,390,388,2,0.9948717948717949,FITB
2025-05-02,390,388,2,0.9948717948717949,FITB
2025-05-05,390,390,0,1.0,FITB
2025-05-06,390,387,3,0.9923076923076923,FITB
2025-05-07,390,384,6,0.9846153846153847,FITB
2025-05-08,390,390,0,1.0,FITB
2025-05-09,390,390,0,1.0,FITB
2025-05-12,390,390,0,1.0,FITB
2025-05-13,390,390,0,1.0,FITB
2025-05-14,390,388,2,0.9948717948717949,FITB
2025-05-15,390,389,1,0.9974358974358974,FITB
2025-05-16,390,388,2,0.9948717948717949,FITB
2025-05-19,390,390,0,1.0,FITB
2025-05-20,390,388,2,0.9948717948717949,FITB
2025-05-21,390,390,0,1.0,FITB
2025-05-22,390,390,0,1.0,FITB
2025-05-23,390,389,1,0.9974358974358974,FITB
2025-05-27,390,386,4,0.9897435897435898,FITB
2025-05-28,390,388,2,0.9948717948717949,FITB
2025-05-29,390,390,0,1.0,FITB
2025-05-30,390,389,1,0.9974358974358974,FITB
2025-06-02,390,390,0,1.0,FITB
2025-06-03,390,389,1,0.9974358974358974,FITB
2025-06-04,390,387,3,0.9923076923076923,FITB
2025-06-05,390,390,0,1.0,FITB
2025-06-06,390,388,2,0.9948717948717949,FITB
2025-06-09,390,390,0,1.0,FITB
2025-06-10,390,390,0,1.0,FITB
2025-06-11,390,390,0,1.0,FITB
2025-06-12,390,387,3,0.9923076923076923,FITB
2025-06-13,390,390,0,1.0,FITB
2025-06-16,390,389,1,0.9974358974358974,FITB
2025-06-17,390,390,0,1.0,FITB
2025-06-18,390,390,0,1.0,FITB
2025-06-20,390,389,1,0.9974358974358974,FITB
2025-06-23,390,389,1,0.9974358974358974,FITB
2025-06-24,390,390,0,1.0,FITB
2025-06-25,390,390,0,1.0,FITB
2025-06-26,390,390,0,1.0,FITB
2025-06-27,390,390,0,1.0,FITB
2025-06-30,390,389,1,0.9974358974358974,FITB
2025-07-01,390,390,0,1.0,FITB
2025-07-02,390,389,1,0.9974358974358974,FITB
2025-07-03,210,210,0,1.0,FITB
2025-07-07,390,390,0,1.0,FITB
2025-07-08,390,390,0,1.0,FITB
2025-07-09,390,390,0,1.0,FITB
2025-07-10,390,390,0,1.0,FITB
2025-07-11,390,390,0,1.0,FITB
2025-07-14,390,390,0,1.0,FITB
2025-07-15,390,390,0,1.0,FITB
2025-07-16,390,390,0,1.0,FITB
2025-07-17,390,390,0,1.0,FITB
2025-07-18,390,390,0,1.0,FITB
2025-07-21,390,389,1,0.9974358974358974,FITB
2025-07-22,390,390,0,1.0,FITB
2025-07-23,390,390,0,1.0,FITB
2025-07-24,390,390,0,1.0,FITB
2025-07-25,390,390,0,1.0,FITB
2025-07-28,390,389,1,0.9974358974358974,FITB
2025-07-29,390,389,1,0.9974358974358974,FITB
2025-07-30,390,389,1,0.9974358974358974,FITB
2025-07-31,390,390,0,1.0,FITB
2025-08-01,390,390,0,1.0,FITB
2025-08-04,390,389,1,0.9974358974358974,FITB
2025-08-05,390,390,0,1.0,FITB
2025-08-06,390,389,1,0.9974358974358974,FITB
2025-08-07,390,390,0,1.0,FITB
2025-08-08,390,389,1,0.9974358974358974,FITB
2025-08-11,390,390,0,1.0,FITB
2025-08-12,390,389,1,0.9974358974358974,FITB
2025-08-13,390,390,0,1.0,FITB
2025-08-14,390,386,4,0.9897435897435898,FITB
2025-08-15,390,390,0,1.0,FITB
2025-08-18,390,381,9,0.9769230769230769,FITB
2025-08-19,390,389,1,0.9974358974358974,FITB
2025-08-20,390,390,0,1.0,FITB
2025-08-21,390,388,2,0.9948717948717949,FITB
2025-08-22,390,390,0,1.0,FITB
2025-08-25,390,390,0,1.0,FITB
2025-08-26,390,390,0,1.0,FITB
2025-08-27,390,390,0,1.0,FITB
2025-08-28,390,390,0,1.0,FITB
2025-08-29,390,387,3,0.9923076923076923,FITB
2025-09-02,390,389,1,0.9974358974358974,FITB
2025-09-03,390,389,1,0.9974358974358974,FITB
2025-09-04,390,384,6,0.9846153846153847,FITB
2025-09-05,390,390,0,1.0,FITB
2025-09-08,390,390,0,1.0,FITB
2025-09-09,390,390,0,1.0,FITB
2025-09-10,390,390,0,1.0,FITB
2025-09-11,390,390,0,1.0,FITB
2025-09-12,390,388,2,0.9948717948717949,FITB
2025-09-15,390,390,0,1.0,FITB
2025-09-16,390,389,1,0.9974358974358974,FITB
2025-09-17,390,390,0,1.0,FITB
2025-09-18,390,389,1,0.9974358974358974,FITB
2025-09-19,390,390,0,1.0,FITB
2025-09-22,390,390,0,1.0,FITB
2025-09-23,390,390,0,1.0,FITB
2025-09-24,390,390,0,1.0,FITB
2025-09-25,390,390,0,1.0,FITB
2025-09-26,390,388,2,0.9948717948717949,FITB
2025-09-29,390,390,0,1.0,FITB
2025-09-30,390,389,1,0.9974358974358974,FITB
2025-10-01,390,390,0,1.0,FITB
2025-10-02,390,386,4,0.9897435897435898,FITB
2025-10-03,390,390,0,1.0,FITB
2025-10-06,390,390,0,1.0,FITB
2025-10-07,390,390,0,1.0,FITB
2025-10-08,390,390,0,1.0,FITB
2025-10-09,390,390,0,1.0,FITB
2025-10-10,390,390,0,1.0,FITB
2025-10-13,390,390,0,1.0,FITB
2025-10-14,390,390,0,1.0,FITB
2025-10-15,390,390,0,1.0,FITB
2025-10-16,390,390,0,1.0,FITB
2025-10-17,390,390,0,1.0,FITB
2025-10-20,390,390,0,1.0,FITB
2025-10-21,390,390,0,1.0,FITB
2025-10-22,390,390,0,1.0,FITB
2025-10-23,390,390,0,1.0,FITB
2025-10-24,390,390,0,1.0,FITB
2025-10-27,390,390,0,1.0,FITB
2025-10-28,390,390,0,1.0,FITB
2025-10-29,390,390,0,1.0,FITB
2025-10-30,390,390,0,1.0,FITB
2025-10-31,390,390,0,1.0,FITB
2025-11-03,390,390,0,1.0,FITB
2025-11-04,390,390,0,1.0,FITB
2025-11-05,390,390,0,1.0,FITB
2025-11-06,390,390,0,1.0,FITB
2025-11-07,390,390,0,1.0,FITB
2025-11-10,390,390,0,1.0,FITB
2025-11-11,390,390,0,1.0,FITB
2025-11-12,390,390,0,1.0,FITB
2025-11-13,390,390,0,1.0,FITB
2025-11-14,390,390,0,1.0,FITB
2025-11-17,390,390,0,1.0,FITB
2025-11-18,390,390,0,1.0,FITB
2025-11-19,390,390,0,1.0,FITB
2025-11-20,390,390,0,1.0,FITB
2025-11-21,390,390,0,1.0,FITB
2025-11-24,390,390,0,1.0,FITB
2025-11-25,390,390,0,1.0,FITB
2025-11-26,390,390,0,1.0,FITB
2025-11-28,210,210,0,1.0,FITB
2025-12-01,390,389,1,0.9974358974358974,FITB
2025-12-02,390,390,0,1.0,FITB
2025-12-03,390,387,3,0.9923076923076923,FITB
2025-12-04,390,390,0,1.0,FITB
2025-12-05,390,390,0,1.0,FITB
2025-12-08,390,390,0,1.0,FITB
2025-12-09,390,390,0,1.0,FITB
2025-12-10,390,390,0,1.0,FITB
2025-12-11,390,390,0,1.0,FITB
2025-12-12,390,390,0,1.0,FITB
2025-12-15,390,390,0,1.0,FITB
2025-12-16,390,390,0,1.0,FITB
2025-12-17,390,390,0,1.0,FITB
2025-12-18,390,390,0,1.0,FITB
2025-12-19,390,390,0,1.0,FITB
2025-12-22,390,388,2,0.9948717948717949,FITB
2025-12-23,390,390,0,1.0,FITB
2025-12-24,210,210,0,1.0,FITB
2025-12-26,390,390,0,1.0,FITB
2025-12-29,390,389,1,0.9974358974358974,FITB
2025-12-30,390,388,2,0.9948717948717949,FITB
2025-12-31,390,390,0,1.0,FITB
2026-01-02,390,390,0,1.0,FITB
2026-01-05,390,390,0,1.0,FITB
2026-01-06,390,390,0,1.0,FITB
2026-01-07,390,390,0,1.0,FITB
2026-01-08,390,390,0,1.0,FITB
2026-01-09,390,390,0,1.0,FITB
2026-01-12,390,390,0,1.0,FITB
2026-01-13,390,390,0,1.0,FITB
2026-01-14,390,390,0,1.0,FITB
2026-01-15,390,390,0,1.0,FITB
2026-01-16,390,390,0,1.0,FITB
2026-01-20,390,390,0,1.0,FITB
2026-01-21,390,390,0,1.0,FITB
2026-01-22,390,390,0,1.0,FITB
2026-01-23,390,390,0,1.0,FITB
2026-01-26,390,390,0,1.0,FITB
2026-01-27,390,390,0,1.0,FITB
2026-01-28,390,390,0,1.0,FITB
2026-01-29,390,390,0,1.0,FITB
2026-01-30,390,390,0,1.0,FITB
2026-02-02,390,390,0,1.0,FITB
2026-02-03,390,390,0,1.0,FITB
2026-02-04,390,390,0,1.0,FITB
2026-02-05,390,390,0,1.0,FITB
2026-02-06,390,390,0,1.0,FITB
2026-02-09,390,390,0,1.0,FITB
2026-02-10,390,390,0,1.0,FITB
2026-02-11,390,390,0,1.0,FITB
2026-02-12,390,390,0,1.0,FITB
2026-02-13,390,390,0,1.0,FITB
2026-02-17,390,390,0,1.0,FITB
2026-02-18,390,390,0,1.0,FITB
2026-02-19,390,390,0,1.0,FITB
2026-02-20,390,390,0,1.0,FITB
2026-02-23,390,390,0,1.0,FITB
2026-02-24,390,390,0,1.0,FITB
2026-02-25,390,390,0,1.0,FITB
2026-02-26,390,390,0,1.0,FITB
2026-02-27,390,390,0,1.0,FITB
2026-03-02,390,390,0,1.0,FITB
2026-03-03,390,390,0,1.0,FITB
2026-03-04,390,390,0,1.0,FITB
2026-03-05,390,390,0,1.0,FITB
2026-03-06,390,390,0,1.0,FITB
2026-03-09,390,390,0,1.0,FITB
2026-03-10,390,390,0,1.0,FITB
2026-03-11,390,390,0,1.0,FITB
2026-03-12,390,390,0,1.0,FITB
2026-03-13,390,390,0,1.0,FITB
2026-03-16,390,390,0,1.0,FITB
2026-03-17,390,390,0,1.0,FITB
2026-03-18,390,390,0,1.0,FITB
2026-03-19,390,390,0,1.0,FITB
2026-03-20,390,390,0,1.0,FITB
2026-03-23,390,390,0,1.0,FITB
2026-03-24,390,390,0,1.0,FITB
2026-03-25,390,390,0,1.0,FITB
2026-03-26,390,390,0,1.0,FITB
2026-03-27,390,390,0,1.0,FITB
2026-03-30,390,390,0,1.0,FITB
2026-03-31,390,390,0,1.0,FITB
2026-04-01,390,390,0,1.0,FITB
2026-04-02,390,390,0,1.0,FITB
2026-04-06,390,390,0,1.0,FITB
2026-04-07,390,390,0,1.0,FITB
2026-04-08,390,390,0,1.0,FITB
2026-04-09,390,390,0,1.0,FITB
2026-04-10,390,390,0,1.0,FITB
2026-04-13,390,390,0,1.0,FITB
2026-04-14,390,390,0,1.0,FITB
2026-04-15,390,390,0,1.0,FITB
2026-04-16,390,390,0,1.0,FITB
2026-04-17,390,390,0,1.0,FITB
2026-04-20,390,390,0,1.0,FITB
2026-04-21,390,390,0,1.0,FITB
2026-04-22,390,390,0,1.0,FITB
2026-04-23,390,390,0,1.0,FITB
2026-04-24,390,390,0,1.0,FITB
2026-04-27,390,390,0,1.0,FITB
2026-04-28,390,390,0,1.0,FITB
2026-04-29,390,390,0,1.0,FITB
2026-04-30,390,390,0,1.0,FITB
2026-05-01,390,390,0,1.0,FITB
2026-05-04,390,390,0,1.0,FITB
2026-05-05,390,388,2,0.9948717948717949,FITB
2026-05-06,390,390,0,1.0,FITB
2026-05-07,390,390,0,1.0,FITB
2026-05-08,390,390,0,1.0,FITB
2026-05-11,390,390,0,1.0,FITB
2026-05-12,390,390,0,1.0,FITB
2026-05-13,390,389,1,0.9974358974358974,FITB
2026-05-14,390,390,0,1.0,FITB
2026-05-15,390,390,0,1.0,FITB
2026-05-18,390,390,0,1.0,FITB
2026-05-19,390,390,0,1.0,FITB
2026-05-20,390,390,0,1.0,FITB
2026-05-21,390,390,0,1.0,FITB
2026-05-22,390,389,1,0.9974358974358974,FITB
2026-05-26,390,390,0,1.0,FITB
2026-05-27,390,390,0,1.0,FITB
2026-05-28,390,390,0,1.0,FITB
2026-05-29,390,390,0,1.0,FITB
2026-06-01,390,390,0,1.0,FITB
2026-06-02,390,390,0,1.0,FITB
2026-06-03,390,390,0,1.0,FITB
2026-06-04,390,390,0,1.0,FITB
2026-06-05,390,390,0,1.0,FITB
2026-06-08,390,390,0,1.0,FITB
2026-06-09,390,390,0,1.0,FITB
2026-06-10,390,390,0,1.0,FITB
2026-06-11,390,390,0,1.0,FITB
2026-06-12,390,388,2,0.9948717948717949,FITB
2026-06-15,390,390,0,1.0,FITB
2026-06-16,390,390,0,1.0,FITB
2026-06-17,390,390,0,1.0,FITB
2026-06-18,390,390,0,1.0,FITB
2026-06-22,390,389,1,0.9974358974358974,FITB
2026-06-23,390,390,0,1.0,FITB
2026-06-24,390,390,0,1.0,FITB
2026-06-25,390,390,0,1.0,FITB
2026-06-26,390,390,0,1.0,FITB
2026-06-29,390,390,0,1.0,FITB
2026-06-30,390,390,0,1.0,FITB
2026-07-01,390,390,0,1.0,FITB
2026-07-02,390,390,0,1.0,FITB
2026-07-06,390,389,1,0.9974358974358974,FITB
2026-07-07,390,390,0,1.0,FITB
2026-07-08,390,390,0,1.0,FITB
2026-07-09,390,390,0,1.0,FITB
2026-07-10,390,390,0,1.0,FITB
2026-07-13,390,390,0,1.0,FITB
2026-07-14,390,390,0,1.0,FITB
2026-07-15,390,390,0,1.0,FITB
2026-07-16,390,390,0,1.0,FITB
2026-07-17,390,390,0,1.0,FITB
2026-07-20,390,390,0,1.0,FITB
2026-07-21,390,390,0,1.0,FITB
2026-07-22,390,390,0,1.0,FITB
2026-07-23,390,390,0,1.0,FITB
2026-07-24,390,389,1,0.9974358974358974,FITB
2026-07-27,390,390,0,1.0,FITB
2026-07-28,390,389,1,0.9974358974358974,FITB
2026-07-29,390,390,0,1.0,FITB
2026-07-30,390,390,0,1.0,FITB
2026-07-31,390,390,0,1.0,FITB
2026-08-03,390,390,0,1.0,FITB
2026-08-04,390,390,0,1.0,FITB
2026-08-05,390,389,1,0.9974358974358974,FITB
2026-08-06,390,390,0,1.0,FITB
2026-08-07,390,386,4,0.9897435897435898,FITB
2026-08-10,390,390,0,1.0,FITB
2026-08-11,390,389,1,0.9974358974358974,FITB
2026-08-12,390,390,0,1.0,FITB
2026-08-13,390,390,0,1.0,FITB
2026-08-14,390,389,1,0.9974358974358974,FITB
2026-08-17,390,389,1,0.9974358974358974,FITB
2026-08-18,390,390,0,1.0,FITB
2026-08-19,390,390,0,1.0,FITB
2026-08-20,390,390,0,1.0,FITB
2026-08-21,390,390,0,1.0,FITB
2026-08-24,390,390,0,1.0,FITB
2026-08-25,390,388,2,0.9948717948717949,FITB
2026-08-26,390,390,0,1.0,FITB
2026-08-27,390,390,0,1.0,FITB
2026-08-28,390,390,0,1.0,FITB
2026-08-31,390,390,0,1.0,FITB
2026-09-01,390,390,0,1.0,FITB
2026-09-02,390,389,1,0.9974358974358974,FITB
2026-09-03,390,389,1,0.9974358974358974,FITB
2026-09-04,390,389,1,0.9974358974358974,FITB
2026-09-08,390,390,0,1.0,FITB
2026-09-09,390,390,0,1.0,FITB
2023-01-03,390,390,0,1.0,KEY
2023-01-04,390,390,0,1.0,KEY
2023-01-05,390,390,0,1.0,KEY
2023-01-06,390,390,0,1.0,KEY
2023-01-09,390,390,0,1.0,KEY
2023-01-10,390,390,0,1.0,KEY
2023-01-11,390,390,0,1.0,KEY
2023-01-12,390,390,0,1.0,KEY
2023-01-13,390,390,0,1.0,KEY
2023-01-17,390,390,0,1.0,KEY
2023-01-18,390,390,0,1.0,KEY
2023-01-19,390,390,0,1.0,KEY
2023-01-20,390,390,0,1.0,KEY
2023-01-23,390,390,0,1.0,KEY
2023-01-24,390,390,0,1.0,KEY
2023-01-25,390,390,0,1.0,KEY
2023-01-26,390,390,0,1.0,KEY
2023-01-27,390,390,0,1.0,KEY
2023-01-30,390,390,0,1.0,KEY
2023-01-31,390,390,0,1.0,KEY
2023-02-01,390,390,0,1.0,KEY
2023-02-02,390,390,0,1.0,KEY
2023-02-03,390,390,0,1.0,KEY
2023-02-06,390,390,0,1.0,KEY
2023-02-07,390,390,0,1.0,KEY
2023-02-08,390,390,0,1.0,KEY
2023-02-09,390,389,1,0.9974358974358974,KEY
2023-02-10,390,390,0,1.0,KEY
2023-02-13,390,387,3,0.9923076923076923,KEY
2023-02-14,390,390,0,1.0,KEY
2023-02-15,390,390,0,1.0,KEY
2023-02-16,390,390,0,1.0,KEY
2023-02-17,390,390,0,1.0,KEY
2023-02-21,390,390,0,1.0,KEY
2023-02-22,390,390,0,1.0,KEY
2023-02-23,390,390,0,1.0,KEY
2023-02-24,390,390,0,1.0,KEY
2023-02-27,390,390,0,1.0,KEY
2023-02-28,390,390,0,1.0,KEY
2023-03-01,390,390,0,1.0,KEY
2023-03-02,390,390,0,1.0,KEY
2023-03-03,390,390,0,1.0,KEY
2023-03-06,390,390,0,1.0,KEY
2023-03-07,390,390,0,1.0,KEY
2023-03-08,390,390,0,1.0,KEY
2023-03-09,390,390,0,1.0,KEY
2023-03-10,390,390,0,1.0,KEY
2023-03-13,390,381,9,0.9769230769230769,KEY
2023-03-14,390,390,0,1.0,KEY
2023-03-15,390,390,0,1.0,KEY
2023-03-16,390,390,0,1.0,KEY
2023-03-17,390,390,0,1.0,KEY
2023-03-20,390,390,0,1.0,KEY
2023-03-21,390,390,0,1.0,KEY
2023-03-22,390,390,0,1.0,KEY
2023-03-23,390,390,0,1.0,KEY
2023-03-24,390,390,0,1.0,KEY
2023-03-27,390,390,0,1.0,KEY
2023-03-28,390,390,0,1.0,KEY
2023-03-29,390,390,0,1.0,KEY
2023-03-30,390,390,0,1.0,KEY
2023-03-31,390,390,0,1.0,KEY
2023-04-03,390,390,0,1.0,KEY
2023-04-04,390,390,0,1.0,KEY
2023-04-05,390,390,0,1.0,KEY
2023-04-06,390,390,0,1.0,KEY
2023-04-10,390,390,0,1.0,KEY
2023-04-11,390,390,0,1.0,KEY
2023-04-12,390,389,1,0.9974358974358974,KEY
2023-04-13,390,390,0,1.0,KEY
2023-04-14,390,390,0,1.0,KEY
2023-04-17,390,390,0,1.0,KEY
2023-04-18,390,390,0,1.0,KEY
2023-04-19,390,390,0,1.0,KEY
2023-04-20,390,390,0,1.0,KEY
2023-04-21,390,390,0,1.0,KEY
2023-04-24,390,390,0,1.0,KEY
2023-04-25,390,390,0,1.0,KEY
2023-04-26,390,390,0,1.0,KEY
2023-04-27,390,390,0,1.0,KEY
2023-04-28,390,390,0,1.0,KEY
2023-05-01,390,390,0,1.0,KEY
2023-05-02,390,390,0,1.0,KEY
2023-05-03,390,390,0,1.0,KEY
2023-05-04,390,390,0,1.0,KEY
2023-05-05,390,390,0,1.0,KEY
2023-05-08,390,390,0,1.0,KEY
2023-05-09,390,390,0,1.0,KEY
2023-05-10,390,390,0,1.0,KEY
2023-05-11,390,390,0,1.0,KEY
2023-05-12,390,390,0,1.0,KEY
2023-05-15,390,390,0,1.0,KEY
2023-05-16,390,390,0,1.0,KEY
2023-05-17,390,390,0,1.0,KEY
2023-05-18,390,390,0,1.0,KEY
2023-05-19,390,390,0,1.0,KEY
2023-05-22,390,390,0,1.0,KEY
2023-05-23,390,390,0,1.0,KEY
2023-05-24,390,390,0,1.0,KEY
2023-05-25,390,390,0,1.0,KEY
2023-05-26,390,390,0,1.0,KEY
2023-05-30,390,390,0,1.0,KEY
2023-05-31,390,390,0,1.0,KEY
2023-06-01,390,390,0,1.0,KEY
2023-06-02,390,390,0,1.0,KEY
2023-06-05,390,386,4,0.9897435897435898,KEY
2023-06-06,390,390,0,1.0,KEY
2023-06-07,390,390,0,1.0,KEY
2023-06-08,390,390,0,1.0,KEY
2023-06-09,390,390,0,1.0,KEY
2023-06-12,390,390,0,1.0,KEY
2023-06-13,390,390,0,1.0,KEY
2023-06-14,390,390,0,1.0,KEY
2023-06-15,390,390,0,1.0,KEY
2023-06-16,390,390,0,1.0,KEY
2023-06-20,390,390,0,1.0,KEY
2023-06-21,390,390,0,1.0,KEY
2023-06-22,390,390,0,1.0,KEY
2023-06-23,390,390,0,1.0,KEY
2023-06-26,390,390,0,1.0,KEY
2023-06-27,390,390,0,1.0,KEY
2023-06-28,390,390,0,1.0,KEY
2023-06-29,390,390,0,1.0,KEY
2023-06-30,390,390,0,1.0,KEY
2023-07-03,210,210,0,1.0,KEY
2023-07-05,390,390,0,1.0,KEY
2023-07-06,390,390,0,1.0,KEY
2023-07-07,390,390,0,1.0,KEY
2023-07-10,390,390,0,1.0,KEY
2023-07-11,390,390,0,1.0,KEY
2023-07-12,390,390,0,1.0,KEY
2023-07-13,390,390,0,1.0,KEY
2023-07-14,390,390,0,1.0,KEY
2023-07-17,390,390,0,1.0,KEY
2023-07-18,390,390,0,1.0,KEY
2023-07-19,390,390,0,1.0,KEY
2023-07-20,390,390,0,1.0,KEY
2023-07-21,390,390,0,1.0,KEY
2023-07-24,390,390,0,1.0,KEY
2023-07-25,390,390,0,1.0,KEY
2023-07-26,390,390,0,1.0,KEY
2023-07-27,390,390,0,1.0,KEY
2023-07-28,390,390,0,1.0,KEY
2023-07-31,390,390,0,1.0,KEY
2023-08-01,390,390,0,1.0,KEY
2023-08-02,390,390,0,1.0,KEY
2023-08-03,390,390,0,1.0,KEY
2023-08-04,390,390,0,1.0,KEY
2023-08-07,390,390,0,1.0,KEY
2023-08-08,390,390,0,1.0,KEY
2023-08-09,390,390,0,1.0,KEY
2023-08-10,390,390,0,1.0,KEY
2023-08-11,390,390,0,1.0,KEY
2023-08-14,390,390,0,1.0,KEY
2023-08-15,390,390,0,1.0,KEY
2023-08-16,390,390,0,1.0,KEY
2023-08-17,390,390,0,1.0,KEY
2023-08-18,390,390,0,1.0,KEY
2023-08-21,390,390,0,1.0,KEY
2023-08-22,390,390,0,1.0,KEY
2023-08-23,390,390,0,1.0,KEY
2023-08-24,390,390,0,1.0,KEY
2023-08-25,390,390,0,1.0,KEY
2023-08-28,390,390,0,1.0,KEY
2023-08-29,390,390,0,1.0,KEY
2023-08-30,390,390,0,1.0,KEY
2023-08-31,390,390,0,1.0,KEY
2023-09-01,390,390,0,1.0,KEY
2023-09-05,390,390,0,1.0,KEY
2023-09-06,390,390,0,1.0,KEY
2023-09-07,390,390,0,1.0,KEY
2023-09-08,390,390,0,1.0,KEY
2023-09-11,390,390,0,1.0,KEY
2023-09-12,390,390,0,1.0,KEY
2023-09-13,390,390,0,1.0,KEY
2023-09-14,390,390,0,1.0,KEY
2023-09-15,390,390,0,1.0,KEY
2023-09-18,390,390,0,1.0,KEY
2023-09-19,390,390,0,1.0,KEY
2023-09-20,390,390,0,1.0,KEY
2023-09-21,390,389,1,0.9974358974358974,KEY
2023-09-22,390,390,0,1.0,KEY
2023-09-25,390,390,0,1.0,KEY
2023-09-26,390,390,0,1.0,KEY
2023-09-27,390,390,0,1.0,KEY
2023-09-28,390,390,0,1.0,KEY
2023-09-29,390,390,0,1.0,KEY
2023-10-02,390,390,0,1.0,KEY
2023-10-03,390,390,0,1.0,KEY
2023-10-04,390,390,0,1.0,KEY
2023-10-05,390,390,0,1.0,KEY
2023-10-06,390,390,0,1.0,KEY
2023-10-09,390,390,0,1.0,KEY
2023-10-10,390,390,0,1.0,KEY
2023-10-11,390,390,0,1.0,KEY
2023-10-12,390,390,0,1.0,KEY
2023-10-13,390,390,0,1.0,KEY
2023-10-16,390,390,0,1.0,KEY
2023-10-17,390,390,0,1.0,KEY
2023-10-18,390,390,0,1.0,KEY
2023-10-19,390,390,0,1.0,KEY
2023-10-20,390,390,0,1.0,KEY
2023-10-23,390,390,0,1.0,KEY
2023-10-24,390,390,0,1.0,KEY
2023-10-25,390,390,0,1.0,KEY
2023-10-26,390,390,0,1.0,KEY
2023-10-27,390,390,0,1.0,KEY
2023-10-30,390,390,0,1.0,KEY
2023-10-31,390,390,0,1.0,KEY
2023-11-01,390,389,1,0.9974358974358974,KEY
2023-11-02,390,390,0,1.0,KEY
2023-11-03,390,390,0,1.0,KEY
2023-11-06,390,390,0,1.0,KEY
2023-11-07,390,390,0,1.0,KEY
2023-11-08,390,389,1,0.9974358974358974,KEY
2023-11-09,390,390,0,1.0,KEY
2023-11-10,390,390,0,1.0,KEY
2023-11-13,390,390,0,1.0,KEY
2023-11-14,390,390,0,1.0,KEY
2023-11-15,390,390,0,1.0,KEY
2023-11-16,390,390,0,1.0,KEY
2023-11-17,390,390,0,1.0,KEY
2023-11-20,390,390,0,1.0,KEY
2023-11-21,390,390,0,1.0,KEY
2023-11-22,390,390,0,1.0,KEY
2023-11-24,210,210,0,1.0,KEY
2023-11-27,390,389,1,0.9974358974358974,KEY
2023-11-28,390,390,0,1.0,KEY
2023-11-29,390,390,0,1.0,KEY
2023-11-30,390,390,0,1.0,KEY
2023-12-01,390,390,0,1.0,KEY
2023-12-04,390,390,0,1.0,KEY
2023-12-05,390,390,0,1.0,KEY
2023-12-06,390,390,0,1.0,KEY
2023-12-07,390,390,0,1.0,KEY
2023-12-08,390,390,0,1.0,KEY
2023-12-11,390,390,0,1.0,KEY
2023-12-12,390,390,0,1.0,KEY
2023-12-13,390,390,0,1.0,KEY
2023-12-14,390,390,0,1.0,KEY
2023-12-15,390,390,0,1.0,KEY
2023-12-18,390,390,0,1.0,KEY
2023-12-19,390,390,0,1.0,KEY
2023-12-20,390,390,0,1.0,KEY
2023-12-21,390,390,0,1.0,KEY
2023-12-22,390,390,0,1.0,KEY
2023-12-26,390,388,2,0.9948717948717949,KEY
2023-12-27,390,390,0,1.0,KEY
2023-12-28,390,390,0,1.0,KEY
2023-12-29,390,389,1,0.9974358974358974,KEY
2024-01-02,390,390,0,1.0,KEY
2024-01-03,390,389,1,0.9974358974358974,KEY
2024-01-04,390,390,0,1.0,KEY
2024-01-05,390,390,0,1.0,KEY
2024-01-08,390,390,0,1.0,KEY
2024-01-09,390,390,0,1.0,KEY
2024-01-10,390,390,0,1.0,KEY
2024-01-11,390,390,0,1.0,KEY
2024-01-12,390,390,0,1.0,KEY
2024-01-16,390,390,0,1.0,KEY
2024-01-17,390,390,0,1.0,KEY
2024-01-18,390,390,0,1.0,KEY
2024-01-19,390,390,0,1.0,KEY
2024-01-22,390,390,0,1.0,KEY
2024-01-23,390,390,0,1.0,KEY
2024-01-24,390,390,0,1.0,KEY
2024-01-25,390,390,0,1.0,KEY
2024-01-26,390,390,0,1.0,KEY
2024-01-29,390,390,0,1.0,KEY
2024-01-30,390,390,0,1.0,KEY
2024-01-31,390,390,0,1.0,KEY
2024-02-01,390,390,0,1.0,KEY
2024-02-02,390,390,0,1.0,KEY
2024-02-05,390,390,0,1.0,KEY
2024-02-06,390,390,0,1.0,KEY
2024-02-07,390,390,0,1.0,KEY
2024-02-08,390,390,0,1.0,KEY
2024-02-09,390,390,0,1.0,KEY
2024-02-12,390,390,0,1.0,KEY
2024-02-13,390,390,0,1.0,KEY
2024-02-14,390,390,0,1.0,KEY
2024-02-15,390,390,0,1.0,KEY
2024-02-16,390,390,0,1.0,KEY
2024-02-20,390,390,0,1.0,KEY
2024-02-21,390,390,0,1.0,KEY
2024-02-22,390,390,0,1.0,KEY
2024-02-23,390,390,0,1.0,KEY
2024-02-26,390,390,0,1.0,KEY
2024-02-27,390,390,0,1.0,KEY
2024-02-28,390,390,0,1.0,KEY
2024-02-29,390,390,0,1.0,KEY
2024-03-01,390,390,0,1.0,KEY
2024-03-04,390,390,0,1.0,KEY
2024-03-05,390,390,0,1.0,KEY
2024-03-06,390,390,0,1.0,KEY
2024-03-07,390,390,0,1.0,KEY
2024-03-08,390,390,0,1.0,KEY
2024-03-11,390,390,0,1.0,KEY
2024-03-12,390,390,0,1.0,KEY
2024-03-13,390,390,0,1.0,KEY
2024-03-14,390,390,0,1.0,KEY
2024-03-15,390,390,0,1.0,KEY
2024-03-18,390,390,0,1.0,KEY
2024-03-19,390,390,0,1.0,KEY
2024-03-20,390,390,0,1.0,KEY
2024-03-21,390,390,0,1.0,KEY
2024-03-22,390,390,0,1.0,KEY
2024-03-25,390,390,0,1.0,KEY
2024-03-26,390,390,0,1.0,KEY
2024-03-27,390,390,0,1.0,KEY
2024-03-28,390,389,1,0.9974358974358974,KEY
2024-04-01,390,390,0,1.0,KEY
2024-04-02,390,390,0,1.0,KEY
2024-04-03,390,390,0,1.0,KEY
2024-04-04,390,390,0,1.0,KEY
2024-04-05,390,390,0,1.0,KEY
2024-04-08,390,390,0,1.0,KEY
2024-04-09,390,390,0,1.0,KEY
2024-04-10,390,390,0,1.0,KEY
2024-04-11,390,390,0,1.0,KEY
2024-04-12,390,390,0,1.0,KEY
2024-04-15,390,390,0,1.0,KEY
2024-04-16,390,390,0,1.0,KEY
2024-04-17,390,390,0,1.0,KEY
2024-04-18,390,390,0,1.0,KEY
2024-04-19,390,390,0,1.0,KEY
2024-04-22,390,390,0,1.0,KEY
2024-04-23,390,390,0,1.0,KEY
2024-04-24,390,390,0,1.0,KEY
2024-04-25,390,390,0,1.0,KEY
2024-04-26,390,390,0,1.0,KEY
2024-04-29,390,390,0,1.0,KEY
2024-04-30,390,390,0,1.0,KEY
2024-05-01,390,390,0,1.0,KEY
2024-05-02,390,390,0,1.0,KEY
2024-05-03,390,390,0,1.0,KEY
2024-05-06,390,390,0,1.0,KEY
2024-05-07,390,390,0,1.0,KEY
2024-05-08,390,390,0,1.0,KEY
2024-05-09,390,387,3,0.9923076923076923,KEY
2024-05-10,390,390,0,1.0,KEY
2024-05-13,390,390,0,1.0,KEY
2024-05-14,390,390,0,1.0,KEY
2024-05-15,390,390,0,1.0,KEY
2024-05-16,390,390,0,1.0,KEY
2024-05-17,390,385,5,0.9871794871794872,KEY
2024-05-20,390,389,1,0.9974358974358974,KEY
2024-05-21,390,390,0,1.0,KEY
2024-05-22,390,390,0,1.0,KEY
2024-05-23,390,390,0,1.0,KEY
2024-05-24,390,390,0,1.0,KEY
2024-05-28,390,390,0,1.0,KEY
2024-05-29,390,390,0,1.0,KEY
2024-05-30,390,390,0,1.0,KEY
2024-05-31,390,390,0,1.0,KEY
2024-06-03,390,390,0,1.0,KEY
2024-06-04,390,390,0,1.0,KEY
2024-06-05,390,390,0,1.0,KEY
2024-06-06,390,390,0,1.0,KEY
2024-06-07,390,389,1,0.9974358974358974,KEY
2024-06-10,390,390,0,1.0,KEY
2024-06-11,390,390,0,1.0,KEY
2024-06-12,390,390,0,1.0,KEY
2024-06-13,390,390,0,1.0,KEY
2024-06-14,390,390,0,1.0,KEY
2024-06-17,390,390,0,1.0,KEY
2024-06-18,390,390,0,1.0,KEY
2024-06-20,390,390,0,1.0,KEY
2024-06-21,390,390,0,1.0,KEY
2024-06-24,390,390,0,1.0,KEY
2024-06-25,390,390,0,1.0,KEY
2024-06-26,390,390,0,1.0,KEY
2024-06-27,390,390,0,1.0,KEY
2024-06-28,390,390,0,1.0,KEY
2024-07-01,390,390,0,1.0,KEY
2024-07-02,390,390,0,1.0,KEY
2024-07-03,210,210,0,1.0,KEY
2024-07-05,390,390,0,1.0,KEY
2024-07-08,390,390,0,1.0,KEY
2024-07-09,390,388,2,0.9948717948717949,KEY
2024-07-10,390,390,0,1.0,KEY
2024-07-11,390,390,0,1.0,KEY
2024-07-12,390,390,0,1.0,KEY
2024-07-15,390,389,1,0.9974358974358974,KEY
2024-07-16,390,390,0,1.0,KEY
2024-07-17,390,390,0,1.0,KEY
2024-07-18,390,390,0,1.0,KEY
2024-07-19,390,390,0,1.0,KEY
2024-07-22,390,390,0,1.0,KEY
2024-07-23,390,390,0,1.0,KEY
2024-07-24,390,390,0,1.0,KEY
2024-07-25,390,390,0,1.0,KEY
2024-07-26,390,390,0,1.0,KEY
2024-07-29,390,390,0,1.0,KEY
2024-07-30,390,390,0,1.0,KEY
2024-07-31,390,390,0,1.0,KEY
2024-08-01,390,390,0,1.0,KEY
2024-08-02,390,390,0,1.0,KEY
2024-08-05,390,390,0,1.0,KEY
2024-08-06,390,390,0,1.0,KEY
2024-08-07,390,390,0,1.0,KEY
2024-08-08,390,390,0,1.0,KEY
2024-08-09,390,390,0,1.0,KEY
2024-08-12,390,390,0,1.0,KEY
2024-08-13,390,390,0,1.0,KEY
2024-08-14,390,390,0,1.0,KEY
2024-08-15,390,390,0,1.0,KEY
2024-08-16,390,390,0,1.0,KEY
2024-08-19,390,390,0,1.0,KEY
2024-08-20,390,390,0,1.0,KEY
2024-08-21,390,389,1,0.9974358974358974,KEY
2024-08-22,390,390,0,1.0,KEY
2024-08-23,390,390,0,1.0,KEY
2024-08-26,390,390,0,1.0,KEY
2024-08-27,390,390,0,1.0,KEY
2024-08-28,390,390,0,1.0,KEY
2024-08-29,390,389,1,0.9974358974358974,KEY
2024-08-30,390,390,0,1.0,KEY
2024-09-03,390,390,0,1.0,KEY
2024-09-04,390,390,0,1.0,KEY
2024-09-05,390,390,0,1.0,KEY
2024-09-06,390,390,0,1.0,KEY
2024-09-09,390,390,0,1.0,KEY
2024-09-10,390,390,0,1.0,KEY
2024-09-11,390,390,0,1.0,KEY
2024-09-12,390,390,0,1.0,KEY
2024-09-13,390,390,0,1.0,KEY
2024-09-16,390,390,0,1.0,KEY
2024-09-17,390,390,0,1.0,KEY
2024-09-18,390,389,1,0.9974358974358974,KEY
2024-09-19,390,390,0,1.0,KEY
2024-09-20,390,390,0,1.0,KEY
2024-09-23,390,390,0,1.0,KEY
2024-09-24,390,390,0,1.0,KEY
2024-09-25,390,390,0,1.0,KEY
2024-09-26,390,390,0,1.0,KEY
2024-09-27,390,389,1,0.9974358974358974,KEY
2024-09-30,390,386,4,0.9897435897435898,KEY
2024-10-01,390,390,0,1.0,KEY
2024-10-02,390,390,0,1.0,KEY
2024-10-03,390,390,0,1.0,KEY
2024-10-04,390,389,1,0.9974358974358974,KEY
2024-10-07,390,388,2,0.9948717948717949,KEY
2024-10-08,390,390,0,1.0,KEY
2024-10-09,390,390,0,1.0,KEY
2024-10-10,390,390,0,1.0,KEY
2024-10-11,390,390,0,1.0,KEY
2024-10-14,390,390,0,1.0,KEY
2024-10-15,390,390,0,1.0,KEY
2024-10-16,390,390,0,1.0,KEY
2024-10-17,390,390,0,1.0,KEY
2024-10-18,390,390,0,1.0,KEY
2024-10-21,390,390,0,1.0,KEY
2024-10-22,390,390,0,1.0,KEY
2024-10-23,390,388,2,0.9948717948717949,KEY
2024-10-24,390,388,2,0.9948717948717949,KEY
2024-10-25,390,390,0,1.0,KEY
2024-10-28,390,390,0,1.0,KEY
2024-10-29,390,390,0,1.0,KEY
2024-10-30,390,390,0,1.0,KEY
2024-10-31,390,390,0,1.0,KEY
2024-11-01,390,388,2,0.9948717948717949,KEY
2024-11-04,390,388,2,0.9948717948717949,KEY
2024-11-05,390,389,1,0.9974358974358974,KEY
2024-11-06,390,390,0,1.0,KEY
2024-11-07,390,390,0,1.0,KEY
2024-11-08,390,390,0,1.0,KEY
2024-11-11,390,390,0,1.0,KEY
2024-11-12,390,390,0,1.0,KEY
2024-11-13,390,390,0,1.0,KEY
2024-11-14,390,388,2,0.9948717948717949,KEY
2024-11-15,390,390,0,1.0,KEY
2024-11-18,390,390,0,1.0,KEY
2024-11-19,390,390,0,1.0,KEY
2024-11-20,390,388,2,0.9948717948717949,KEY
2024-11-21,390,390,0,1.0,KEY
2024-11-22,390,390,0,1.0,KEY
2024-11-25,390,389,1,0.9974358974358974,KEY
2024-11-26,390,390,0,1.0,KEY
2024-11-27,390,390,0,1.0,KEY
2024-11-29,210,210,0,1.0,KEY
2024-12-02,390,390,0,1.0,KEY
2024-12-03,390,390,0,1.0,KEY
2024-12-04,390,388,2,0.9948717948717949,KEY
2024-12-05,390,389,1,0.9974358974358974,KEY
2024-12-06,390,390,0,1.0,KEY
2024-12-09,390,389,1,0.9974358974358974,KEY
2024-12-10,390,390,0,1.0,KEY
2024-12-11,390,390,0,1.0,KEY
2024-12-12,390,390,0,1.0,KEY
2024-12-13,390,390,0,1.0,KEY
2024-12-16,390,390,0,1.0,KEY
2024-12-17,390,390,0,1.0,KEY
2024-12-18,390,390,0,1.0,KEY
2024-12-19,390,390,0,1.0,KEY
2024-12-20,390,390,0,1.0,KEY
2024-12-23,390,389,1,0.9974358974358974,KEY
2024-12-24,210,210,0,1.0,KEY
2024-12-26,390,390,0,1.0,KEY
2024-12-27,390,390,0,1.0,KEY
2024-12-30,390,390,0,1.0,KEY
2024-12-31,390,390,0,1.0,KEY
2025-01-02,390,390,0,1.0,KEY
2025-01-03,390,390,0,1.0,KEY
2025-01-06,390,390,0,1.0,KEY
2025-01-07,390,390,0,1.0,KEY
2025-01-08,390,390,0,1.0,KEY
2025-01-10,390,390,0,1.0,KEY
2025-01-13,390,390,0,1.0,KEY
2025-01-14,390,390,0,1.0,KEY
2025-01-15,390,390,0,1.0,KEY
2025-01-16,390,390,0,1.0,KEY
2025-01-17,390,390,0,1.0,KEY
2025-01-21,390,390,0,1.0,KEY
2025-01-22,390,390,0,1.0,KEY
2025-01-23,390,390,0,1.0,KEY
2025-01-24,390,390,0,1.0,KEY
2025-01-27,390,390,0,1.0,KEY
2025-01-28,390,390,0,1.0,KEY
2025-01-29,390,390,0,1.0,KEY
2025-01-30,390,390,0,1.0,KEY
2025-01-31,390,390,0,1.0,KEY
2025-02-03,390,390,0,1.0,KEY
2025-02-04,390,390,0,1.0,KEY
2025-02-05,390,390,0,1.0,KEY
2025-02-06,390,390,0,1.0,KEY
2025-02-07,390,390,0,1.0,KEY
2025-02-10,390,390,0,1.0,KEY
2025-02-11,390,390,0,1.0,KEY
2025-02-12,390,390,0,1.0,KEY
2025-02-13,390,390,0,1.0,KEY
2025-02-14,390,390,0,1.0,KEY
2025-02-18,390,390,0,1.0,KEY
2025-02-19,390,390,0,1.0,KEY
2025-02-20,390,390,0,1.0,KEY
2025-02-21,390,390,0,1.0,KEY
2025-02-24,390,390,0,1.0,KEY
2025-02-25,390,390,0,1.0,KEY
2025-02-26,390,390,0,1.0,KEY
2025-02-27,390,390,0,1.0,KEY
2025-02-28,390,390,0,1.0,KEY
2025-03-03,390,390,0,1.0,KEY
2025-03-04,390,390,0,1.0,KEY
2025-03-05,390,390,0,1.0,KEY
2025-03-06,390,390,0,1.0,KEY
2025-03-07,390,390,0,1.0,KEY
2025-03-10,390,390,0,1.0,KEY
2025-03-11,390,390,0,1.0,KEY
2025-03-12,390,390,0,1.0,KEY
2025-03-13,390,390,0,1.0,KEY
2025-03-14,390,390,0,1.0,KEY
2025-03-17,390,390,0,1.0,KEY
2025-03-18,390,390,0,1.0,KEY
2025-03-19,390,390,0,1.0,KEY
2025-03-20,390,390,0,1.0,KEY
2025-03-21,390,390,0,1.0,KEY
2025-03-24,390,390,0,1.0,KEY
2025-03-25,390,390,0,1.0,KEY
2025-03-26,390,390,0,1.0,KEY
2025-03-27,390,388,2,0.9948717948717949,KEY
2025-03-28,390,390,0,1.0,KEY
2025-03-31,390,390,0,1.0,KEY
2025-04-01,390,390,0,1.0,KEY
2025-04-02,390,389,1,0.9974358974358974,KEY
2025-04-03,390,390,0,1.0,KEY
2025-04-04,390,390,0,1.0,KEY
2025-04-07,390,390,0,1.0,KEY
2025-04-08,390,390,0,1.0,KEY
2025-04-09,390,390,0,1.0,KEY
2025-04-10,390,390,0,1.0,KEY
2025-04-11,390,390,0,1.0,KEY
2025-04-14,390,390,0,1.0,KEY
2025-04-15,390,390,0,1.0,KEY
2025-04-16,390,390,0,1.0,KEY
2025-04-17,390,390,0,1.0,KEY
2025-04-21,390,390,0,1.0,KEY
2025-04-22,390,390,0,1.0,KEY
2025-04-23,390,390,0,1.0,KEY
2025-04-24,390,390,0,1.0,KEY
2025-04-25,390,387,3,0.9923076923076923,KEY
2025-04-28,390,389,1,0.9974358974358974,KEY
2025-04-29,390,390,0,1.0,KEY
2025-04-30,390,389,1,0.9974358974358974,KEY
2025-05-01,390,389,1,0.9974358974358974,KEY
2025-05-02,390,390,0,1.0,KEY
2025-05-05,390,390,0,1.0,KEY
2025-05-06,390,390,0,1.0,KEY
2025-05-07,390,389,1,0.9974358974358974,KEY
2025-05-08,390,390,0,1.0,KEY
2025-05-09,390,390,0,1.0,KEY
2025-05-12,390,390,0,1.0,KEY
2025-05-13,390,390,0,1.0,KEY
2025-05-14,390,390,0,1.0,KEY
2025-05-15,390,390,0,1.0,KEY
2025-05-16,390,390,0,1.0,KEY
2025-05-19,390,390,0,1.0,KEY
2025-05-20,390,390,0,1.0,KEY
2025-05-21,390,390,0,1.0,KEY
2025-05-22,390,390,0,1.0,KEY
2025-05-23,390,390,0,1.0,KEY
2025-05-27,390,390,0,1.0,KEY
2025-05-28,390,390,0,1.0,KEY
2025-05-29,390,390,0,1.0,KEY
2025-05-30,390,390,0,1.0,KEY
2025-06-02,390,389,1,0.9974358974358974,KEY
2025-06-03,390,390,0,1.0,KEY
2025-06-04,390,389,1,0.9974358974358974,KEY
2025-06-05,390,390,0,1.0,KEY
2025-06-06,390,388,2,0.9948717948717949,KEY
2025-06-09,390,388,2,0.9948717948717949,KEY
2025-06-10,390,390,0,1.0,KEY
2025-06-11,390,389,1,0.9974358974358974,KEY
2025-06-12,390,390,0,1.0,KEY
2025-06-13,390,390,0,1.0,KEY
2025-06-16,390,390,0,1.0,KEY
2025-06-17,390,390,0,1.0,KEY
2025-06-18,390,390,0,1.0,KEY
2025-06-20,390,389,1,0.9974358974358974,KEY
2025-06-23,390,390,0,1.0,KEY
2025-06-24,390,390,0,1.0,KEY
2025-06-25,390,387,3,0.9923076923076923,KEY
2025-06-26,390,390,0,1.0,KEY
2025-06-27,390,388,2,0.9948717948717949,KEY
2025-06-30,390,390,0,1.0,KEY
2025-07-01,390,390,0,1.0,KEY
2025-07-02,390,390,0,1.0,KEY
2025-07-03,210,210,0,1.0,KEY
2025-07-07,390,390,0,1.0,KEY
2025-07-08,390,390,0,1.0,KEY
2025-07-09,390,390,0,1.0,KEY
2025-07-10,390,390,0,1.0,KEY
2025-07-11,390,390,0,1.0,KEY
2025-07-14,390,390,0,1.0,KEY
2025-07-15,390,390,0,1.0,KEY
2025-07-16,390,390,0,1.0,KEY
2025-07-17,390,390,0,1.0,KEY
2025-07-18,390,390,0,1.0,KEY
2025-07-21,390,390,0,1.0,KEY
2025-07-22,390,390,0,1.0,KEY
2025-07-23,390,390,0,1.0,KEY
2025-07-24,390,390,0,1.0,KEY
2025-07-25,390,390,0,1.0,KEY
2025-07-28,390,390,0,1.0,KEY
2025-07-29,390,390,0,1.0,KEY
2025-07-30,390,390,0,1.0,KEY
2025-07-31,390,390,0,1.0,KEY
2025-08-01,390,390,0,1.0,KEY
2025-08-04,390,390,0,1.0,KEY
2025-08-05,390,390,0,1.0,KEY
2025-08-06,390,390,0,1.0,KEY
2025-08-07,390,390,0,1.0,KEY
2025-08-08,390,390,0,1.0,KEY
2025-08-11,390,390,0,1.0,KEY
2025-08-12,390,389,1,0.9974358974358974,KEY
2025-08-13,390,390,0,1.0,KEY
2025-08-14,390,389,1,0.9974358974358974,KEY
2025-08-15,390,390,0,1.0,KEY
2025-08-18,390,388,2,0.9948717948717949,KEY
2025-08-19,390,390,0,1.0,KEY
2025-08-20,390,390,0,1.0,KEY
2025-08-21,390,390,0,1.0,KEY
2025-08-22,390,389,1,0.9974358974358974,KEY
2025-08-25,390,390,0,1.0,KEY
2025-08-26,390,390,0,1.0,KEY
2025-08-27,390,389,1,0.9974358974358974,KEY
2025-08-28,390,389,1,0.9974358974358974,KEY
2025-08-29,390,390,0,1.0,KEY
2025-09-02,390,390,0,1.0,KEY
2025-09-03,390,390,0,1.0,KEY
2025-09-04,390,390,0,1.0,KEY
2025-09-05,390,390,0,1.0,KEY
2025-09-08,390,390,0,1.0,KEY
2025-09-09,390,390,0,1.0,KEY
2025-09-10,390,390,0,1.0,KEY
2025-09-11,390,390,0,1.0,KEY
2025-09-12,390,390,0,1.0,KEY
2025-09-15,390,390,0,1.0,KEY
2025-09-16,390,390,0,1.0,KEY
2025-09-17,390,390,0,1.0,KEY
2025-09-18,390,390,0,1.0,KEY
2025-09-19,390,390,0,1.0,KEY
2025-09-22,390,390,0,1.0,KEY
2025-09-23,390,390,0,1.0,KEY
2025-09-24,390,390,0,1.0,KEY
2025-09-25,390,390,0,1.0,KEY
2025-09-26,390,390,0,1.0,KEY
2025-09-29,390,390,0,1.0,KEY
2025-09-30,390,390,0,1.0,KEY
2025-10-01,390,390,0,1.0,KEY
2025-10-02,390,390,0,1.0,KEY
2025-10-03,390,390,0,1.0,KEY
2025-10-06,390,390,0,1.0,KEY
2025-10-07,390,390,0,1.0,KEY
2025-10-08,390,390,0,1.0,KEY
2025-10-09,390,390,0,1.0,KEY
2025-10-10,390,390,0,1.0,KEY
2025-10-13,390,390,0,1.0,KEY
2025-10-14,390,390,0,1.0,KEY
2025-10-15,390,390,0,1.0,KEY
2025-10-16,390,390,0,1.0,KEY
2025-10-17,390,390,0,1.0,KEY
2025-10-20,390,390,0,1.0,KEY
2025-10-21,390,390,0,1.0,KEY
2025-10-22,390,390,0,1.0,KEY
2025-10-23,390,390,0,1.0,KEY
2025-10-24,390,390,0,1.0,KEY
2025-10-27,390,390,0,1.0,KEY
2025-10-28,390,390,0,1.0,KEY
2025-10-29,390,390,0,1.0,KEY
2025-10-30,390,390,0,1.0,KEY
2025-10-31,390,390,0,1.0,KEY
2025-11-03,390,390,0,1.0,KEY
2025-11-04,390,389,1,0.9974358974358974,KEY
2025-11-05,390,390,0,1.0,KEY
2025-11-06,390,390,0,1.0,KEY
2025-11-07,390,390,0,1.0,KEY
2025-11-10,390,390,0,1.0,KEY
2025-11-11,390,390,0,1.0,KEY
2025-11-12,390,390,0,1.0,KEY
2025-11-13,390,390,0,1.0,KEY
2025-11-14,390,390,0,1.0,KEY
2025-11-17,390,390,0,1.0,KEY
2025-11-18,390,390,0,1.0,KEY
2025-11-19,390,390,0,1.0,KEY
2025-11-20,390,390,0,1.0,KEY
2025-11-21,390,390,0,1.0,KEY
2025-11-24,390,390,0,1.0,KEY
2025-11-25,390,390,0,1.0,KEY
2025-11-26,390,390,0,1.0,KEY
2025-11-28,210,210,0,1.0,KEY
2025-12-01,390,390,0,1.0,KEY
2025-12-02,390,389,1,0.9974358974358974,KEY
2025-12-03,390,390,0,1.0,KEY
2025-12-04,390,390,0,1.0,KEY
2025-12-05,390,390,0,1.0,KEY
2025-12-08,390,390,0,1.0,KEY
2025-12-09,390,390,0,1.0,KEY
2025-12-10,390,390,0,1.0,KEY
2025-12-11,390,390,0,1.0,KEY
2025-12-12,390,390,0,1.0,KEY
2025-12-15,390,390,0,1.0,KEY
2025-12-16,390,390,0,1.0,KEY
2025-12-17,390,390,0,1.0,KEY
2025-12-18,390,390,0,1.0,KEY
2025-12-19,390,390,0,1.0,KEY
2025-12-22,390,388,2,0.9948717948717949,KEY
2025-12-23,390,389,1,0.9974358974358974,KEY
2025-12-24,210,210,0,1.0,KEY
2025-12-26,390,386,4,0.9897435897435898,KEY
2025-12-29,390,389,1,0.9974358974358974,KEY
2025-12-30,390,390,0,1.0,KEY
2025-12-31,390,389,1,0.9974358974358974,KEY
2026-01-02,390,390,0,1.0,KEY
2026-01-05,390,390,0,1.0,KEY
2026-01-06,390,390,0,1.0,KEY
2026-01-07,390,390,0,1.0,KEY
2026-01-08,390,390,0,1.0,KEY
2026-01-09,390,390,0,1.0,KEY
2026-01-12,390,390,0,1.0,KEY
2026-01-13,390,390,0,1.0,KEY
2026-01-14,390,390,0,1.0,KEY
2026-01-15,390,390,0,1.0,KEY
2026-01-16,390,390,0,1.0,KEY
2026-01-20,390,390,0,1.0,KEY
2026-01-21,390,390,0,1.0,KEY
2026-01-22,390,390,0,1.0,KEY
2026-01-23,390,390,0,1.0,KEY
2026-01-26,390,389,1,0.9974358974358974,KEY
2026-01-27,390,390,0,1.0,KEY
2026-01-28,390,389,1,0.9974358974358974,KEY
2026-01-29,390,390,0,1.0,KEY
2026-01-30,390,390,0,1.0,KEY
2026-02-02,390,390,0,1.0,KEY
2026-02-03,390,390,0,1.0,KEY
2026-02-04,390,390,0,1.0,KEY
2026-02-05,390,390,0,1.0,KEY
2026-02-06,390,390,0,1.0,KEY
2026-02-09,390,390,0,1.0,KEY
2026-02-10,390,390,0,1.0,KEY
2026-02-11,390,390,0,1.0,KEY
2026-02-12,390,390,0,1.0,KEY
2026-02-13,390,390,0,1.0,KEY
2026-02-17,390,390,0,1.0,KEY
2026-02-18,390,390,0,1.0,KEY
2026-02-19,390,390,0,1.0,KEY
2026-02-20,390,390,0,1.0,KEY
2026-02-23,390,390,0,1.0,KEY
2026-02-24,390,390,0,1.0,KEY
2026-02-25,390,390,0,1.0,KEY
2026-02-26,390,390,0,1.0,KEY
2026-02-27,390,390,0,1.0,KEY
2026-03-02,390,390,0,1.0,KEY
2026-03-03,390,390,0,1.0,KEY
2026-03-04,390,390,0,1.0,KEY
2026-03-05,390,390,0,1.0,KEY
2026-03-06,390,390,0,1.0,KEY
2026-03-09,390,390,0,1.0,KEY
2026-03-10,390,390,0,1.0,KEY
2026-03-11,390,390,0,1.0,KEY
2026-03-12,390,390,0,1.0,KEY
2026-03-13,390,390,0,1.0,KEY
2026-03-16,390,390,0,1.0,KEY
2026-03-17,390,390,0,1.0,KEY
2026-03-18,390,390,0,1.0,KEY
2026-03-19,390,390,0,1.0,KEY
2026-03-20,390,390,0,1.0,KEY
2026-03-23,390,390,0,1.0,KEY
2026-03-24,390,390,0,1.0,KEY
2026-03-25,390,390,0,1.0,KEY
2026-03-26,390,390,0,1.0,KEY
2026-03-27,390,390,0,1.0,KEY
2026-03-30,390,390,0,1.0,KEY
2026-03-31,390,390,0,1.0,KEY
2026-04-01,390,390,0,1.0,KEY
2026-04-02,390,390,0,1.0,KEY
2026-04-06,390,390,0,1.0,KEY
2026-04-07,390,390,0,1.0,KEY
2026-04-08,390,390,0,1.0,KEY
2026-04-09,390,390,0,1.0,KEY
2026-04-10,390,390,0,1.0,KEY
2026-04-13,390,389,1,0.9974358974358974,KEY
2026-04-14,390,390,0,1.0,KEY
2026-04-15,390,390,0,1.0,KEY
2026-04-16,390,390,0,1.0,KEY
2026-04-17,390,390,0,1.0,KEY
2026-04-20,390,390,0,1.0,KEY
2026-04-21,390,390,0,1.0,KEY
2026-04-22,390,389,1,0.9974358974358974,KEY
2026-04-23,390,389,1,0.9974358974358974,KEY
2026-04-24,390,390,0,1.0,KEY
2026-04-27,390,390,0,1.0,KEY
2026-04-28,390,389,1,0.9974358974358974,KEY
2026-04-29,390,388,2,0.9948717948717949,KEY
2026-04-30,390,388,2,0.9948717948717949,KEY
2026-05-01,390,390,0,1.0,KEY
2026-05-04,390,390,0,1.0,KEY
2026-05-05,390,390,0,1.0,KEY
2026-05-06,390,390,0,1.0,KEY
2026-05-07,390,390,0,1.0,KEY
2026-05-08,390,388,2,0.9948717948717949,KEY
2026-05-11,390,390,0,1.0,KEY
2026-05-12,390,390,0,1.0,KEY
2026-05-13,390,389,1,0.9974358974358974,KEY
2026-05-14,390,390,0,1.0,KEY
2026-05-15,390,390,0,1.0,KEY
2026-05-18,390,390,0,1.0,KEY
2026-05-19,390,390,0,1.0,KEY
2026-05-20,390,388,2,0.9948717948717949,KEY
2026-05-21,390,390,0,1.0,KEY
2026-05-22,390,385,5,0.9871794871794872,KEY
2026-05-26,390,389,1,0.9974358974358974,KEY
2026-05-27,390,390,0,1.0,KEY
2026-05-28,390,390,0,1.0,KEY
2026-05-29,390,390,0,1.0,KEY
2026-06-01,390,390,0,1.0,KEY
2026-06-02,390,390,0,1.0,KEY
2026-06-03,390,390,0,1.0,KEY
2026-06-04,390,389,1,0.9974358974358974,KEY
2026-06-05,390,390,0,1.0,KEY
2026-06-08,390,390,0,1.0,KEY
2026-06-09,390,390,0,1.0,KEY
2026-06-10,390,390,0,1.0,KEY
2026-06-11,390,390,0,1.0,KEY
2026-06-12,390,390,0,1.0,KEY
2026-06-15,390,390,0,1.0,KEY
2026-06-16,390,390,0,1.0,KEY
2026-06-17,390,388,2,0.9948717948717949,KEY
2026-06-18,390,390,0,1.0,KEY
2026-06-22,390,390,0,1.0,KEY
2026-06-23,390,390,0,1.0,KEY
2026-06-24,390,390,0,1.0,KEY
2026-06-25,390,390,0,1.0,KEY
2026-06-26,390,390,0,1.0,KEY
2026-06-29,390,390,0,1.0,KEY
2026-06-30,390,390,0,1.0,KEY
2026-07-01,390,390,0,1.0,KEY
2026-07-02,390,390,0,1.0,KEY
2026-07-06,390,389,1,0.9974358974358974,KEY
2026-07-07,390,389,1,0.9974358974358974,KEY
2026-07-08,390,390,0,1.0,KEY
2026-07-09,390,390,0,1.0,KEY
2026-07-10,390,389,1,0.9974358974358974,KEY
2026-07-13,390,389,1,0.9974358974358974,KEY
2026-07-14,390,390,0,1.0,KEY
2026-07-15,390,390,0,1.0,KEY
2026-07-16,390,389,1,0.9974358974358974,KEY
2026-07-17,390,390,0,1.0,KEY
2026-07-20,390,390,0,1.0,KEY
2026-07-21,390,390,0,1.0,KEY
2026-07-22,390,390,0,1.0,KEY
2026-07-23,390,390,0,1.0,KEY
2026-07-24,390,390,0,1.0,KEY
2026-07-27,390,390,0,1.0,KEY
2026-07-28,390,390,0,1.0,KEY
2026-07-29,390,390,0,1.0,KEY
2026-07-30,390,388,2,0.9948717948717949,KEY
2026-07-31,390,390,0,1.0,KEY
2026-08-03,390,390,0,1.0,KEY
2026-08-04,390,390,0,1.0,KEY
2026-08-05,390,390,0,1.0,KEY
2026-08-06,390,390,0,1.0,KEY
2026-08-07,390,390,0,1.0,KEY
2026-08-10,390,389,1,0.9974358974358974,KEY
2026-08-11,390,388,2,0.9948717948717949,KEY
2026-08-12,390,389,1,0.9974358974358974,KEY
2026-08-13,390,389,1,0.9974358974358974,KEY
2026-08-14,390,390,0,1.0,KEY
2026-08-17,390,390,0,1.0,KEY
2026-08-18,390,390,0,1.0,KEY
2026-08-19,390,390,0,1.0,KEY
2026-08-20,390,390,0,1.0,KEY
2026-08-21,390,390,0,1.0,KEY
2026-08-24,390,390,0,1.0,KEY
2026-08-25,390,390,0,1.0,KEY
2026-08-26,390,389,1,0.9974358974358974,KEY
2026-08-27,390,385,5,0.9871794871794872,KEY
2026-08-28,390,389,1,0.9974358974358974,KEY
2026-08-31,390,389,1,0.9974358974358974,KEY
2026-09-01,390,390,0,1.0,KEY
2026-09-02,390,390,0,1.0,KEY
2026-09-03,390,390,0,1.0,KEY
2026-09-04,390,390,0,1.0,KEY
2026-09-08,390,389,1,0.9974358974358974,KEY
2026-09-09,390,390,0,1.0,KEY
2023-01-03,390,375,15,0.9615384615384616,GS
2023-01-04,390,383,7,0.982051282051282,GS
2023-01-05,390,380,10,0.9743589743589743,GS
2023-01-06,390,386,4,0.9897435897435898,GS
2023-01-09,390,388,2,0.9948717948717949,GS
2023-01-10,390,385,5,0.9871794871794872,GS
2023-01-11,390,388,2,0.9948717948717949,GS
2023-01-12,390,389,1,0.9974358974358974,GS
2023-01-13,390,389,1,0.9974358974358974,GS
2023-01-17,390,390,0,1.0,GS
2023-01-18,390,390,0,1.0,GS
2023-01-19,390,390,0,1.0,GS
2023-01-20,390,390,0,1.0,GS
2023-01-23,390,389,1,0.9974358974358974,GS
2023-01-24,390,390,0,1.0,GS
2023-01-25,390,390,0,1.0,GS
2023-01-26,390,390,0,1.0,GS
2023-01-27,390,390,0,1.0,GS
2023-01-30,390,390,0,1.0,GS
2023-01-31,390,390,0,1.0,GS
2023-02-01,390,390,0,1.0,GS
2023-02-02,390,390,0,1.0,GS
2023-02-03,390,390,0,1.0,GS
2023-02-06,390,390,0,1.0,GS
2023-02-07,390,390,0,1.0,GS
2023-02-08,390,390,0,1.0,GS
2023-02-09,390,390,0,1.0,GS
2023-02-10,390,390,0,1.0,GS
2023-02-13,390,390,0,1.0,GS
2023-02-14,390,390,0,1.0,GS
2023-02-15,390,390,0,1.0,GS
2023-02-16,390,390,0,1.0,GS
2023-02-17,390,390,0,1.0,GS
2023-02-21,390,389,1,0.9974358974358974,GS
2023-02-22,390,390,0,1.0,GS
2023-02-23,390,389,1,0.9974358974358974,GS
2023-02-24,390,390,0,1.0,GS
2023-02-27,390,390,0,1.0,GS
2023-02-28,390,390,0,1.0,GS
2023-03-01,390,390,0,1.0,GS
2023-03-02,390,390,0,1.0,GS
2023-03-03,390,390,0,1.0,GS
2023-03-06,390,390,0,1.0,GS
2023-03-07,390,390,0,1.0,GS
2023-03-08,390,389,1,0.9974358974358974,GS
2023-03-09,390,390,0,1.0,GS
2023-03-10,390,390,0,1.0,GS
2023-03-13,390,390,0,1.0,GS
2023-03-14,390,390,0,1.0,GS
2023-03-15,390,390,0,1.0,GS
2023-03-16,390,390,0,1.0,GS
2023-03-17,390,390,0,1.0,GS
2023-03-20,390,390,0,1.0,GS
2023-03-21,390,389,1,0.9974358974358974,GS
2023-03-22,390,390,0,1.0,GS
2023-03-23,390,389,1,0.9974358974358974,GS
2023-03-24,390,387,3,0.9923076923076923,GS
2023-03-27,390,390,0,1.0,GS
2023-03-28,390,382,8,0.9794871794871794,GS
2023-03-29,390,381,9,0.9769230769230769,GS
2023-03-30,390,379,11,0.9717948717948718,GS
2023-03-31,390,387,3,0.9923076923076923,GS
2023-04-03,390,387,3,0.9923076923076923,GS
2023-04-04,390,389,1,0.9974358974358974,GS
2023-04-05,390,385,5,0.9871794871794872,GS
2023-04-06,390,385,5,0.9871794871794872,GS
2023-04-10,390,385,5,0.9871794871794872,GS
2023-04-11,390,385,5,0.9871794871794872,GS
2023-04-12,390,390,0,1.0,GS
2023-04-13,390,385,5,0.9871794871794872,GS
2023-04-14,390,389,1,0.9974358974358974,GS
2023-04-17,390,390,0,1.0,GS
2023-04-18,390,390,0,1.0,GS
2023-04-19,390,390,0,1.0,GS
2023-04-20,390,390,0,1.0,GS
2023-04-21,390,389,1,0.9974358974358974,GS
2023-04-24,390,389,1,0.9974358974358974,GS
2023-04-25,390,389,1,0.9974358974358974,GS
2023-04-26,390,390,0,1.0,GS
2023-04-27,390,387,3,0.9923076923076923,GS
2023-04-28,390,389,1,0.9974358974358974,GS
2023-05-01,390,390,0,1.0,GS
2023-05-02,390,389,1,0.9974358974358974,GS
2023-05-03,390,388,2,0.9948717948717949,GS
2023-05-04,390,390,0,1.0,GS
2023-05-05,390,390,0,1.0,GS
2023-05-08,390,389,1,0.9974358974358974,GS
2023-05-09,390,381,9,0.9769230769230769,GS
2023-05-10,390,389,1,0.9974358974358974,GS
2023-05-11,390,388,2,0.9948717948717949,GS
2023-05-12,390,378,12,0.9692307692307692,GS
2023-05-15,390,383,7,0.982051282051282,GS
2023-05-16,390,379,11,0.9717948717948718,GS
2023-05-17,390,386,4,0.9897435897435898,GS
2023-05-18,390,386,4,0.9897435897435898,GS
2023-05-19,390,375,15,0.9615384615384616,GS
2023-05-22,390,385,5,0.9871794871794872,GS
2023-05-23,390,384,6,0.9846153846153847,GS
2023-05-24,390,375,15,0.9615384615384616,GS
2023-05-25,390,389,1,0.9974358974358974,GS
2023-05-26,390,389,1,0.9974358974358974,GS
2023-05-30,390,388,2,0.9948717948717949,GS
2023-05-31,390,386,4,0.9897435897435898,GS
2023-06-01,390,389,1,0.9974358974358974,GS
2023-06-02,390,389,1,0.9974358974358974,GS
2023-06-05,390,369,21,0.9461538461538461,GS
2023-06-06,390,376,14,0.9641025641025641,GS
2023-06-07,390,390,0,1.0,GS
2023-06-08,390,384,6,0.9846153846153847,GS
2023-06-09,390,372,18,0.9538461538461539,GS
2023-06-12,390,384,6,0.9846153846153847,GS
2023-06-13,390,381,9,0.9769230769230769,GS
2023-06-14,390,379,11,0.9717948717948718,GS
2023-06-15,390,382,8,0.9794871794871794,GS
2023-06-16,390,390,0,1.0,GS
2023-06-20,390,387,3,0.9923076923076923,GS
2023-06-21,390,386,4,0.9897435897435898,GS
2023-06-22,390,386,4,0.9897435897435898,GS
2023-06-23,390,381,9,0.9769230769230769,GS
2023-06-26,390,387,3,0.9923076923076923,GS
2023-06-27,390,384,6,0.9846153846153847,GS
2023-06-28,390,385,5,0.9871794871794872,GS
2023-06-29,390,390,0,1.0,GS
2023-06-30,390,385,5,0.9871794871794872,GS
2023-07-03,210,210,0,1.0,GS
2023-07-05,390,388,2,0.9948717948717949,GS
2023-07-06,390,387,3,0.9923076923076923,GS
2023-07-07,390,390,0,1.0,GS
2023-07-10,390,379,11,0.9717948717948718,GS
2023-07-11,390,389,1,0.9974358974358974,GS
2023-07-12,390,388,2,0.9948717948717949,GS
2023-07-13,390,386,4,0.9897435897435898,GS
2023-07-14,390,383,7,0.982051282051282,GS
2023-07-17,390,386,4,0.9897435897435898,GS
2023-07-18,390,390,0,1.0,GS
2023-07-19,390,390,0,1.0,GS
2023-07-20,390,390,0,1.0,GS
2023-07-21,390,390,0,1.0,GS
2023-07-24,390,390,0,1.0,GS
2023-07-25,390,389,1,0.9974358974358974,GS
2023-07-26,390,390,0,1.0,GS
2023-07-27,390,377,13,0.9666666666666667,GS
2023-07-28,390,384,6,0.9846153846153847,GS
2023-07-31,390,389,1,0.9974358974358974,GS
2023-08-01,390,390,0,1.0,GS
2023-08-02,390,389,1,0.9974358974358974,GS
2023-08-03,390,390,0,1.0,GS
2023-08-04,390,390,0,1.0,GS
2023-08-07,390,382,8,0.9794871794871794,GS
2023-08-08,390,384,6,0.9846153846153847,GS
2023-08-09,390,376,14,0.9641025641025641,GS
2023-08-10,390,381,9,0.9769230769230769,GS
2023-08-11,390,370,20,0.9487179487179487,GS
2023-08-14,390,374,16,0.958974358974359,GS
2023-08-15,390,382,8,0.9794871794871794,GS
2023-08-16,390,382,8,0.9794871794871794,GS
2023-08-17,390,375,15,0.9615384615384616,GS
2023-08-18,390,384,6,0.9846153846153847,GS
2023-08-21,390,383,7,0.982051282051282,GS
2023-08-22,390,382,8,0.9794871794871794,GS
2023-08-23,390,377,13,0.9666666666666667,GS
2023-08-24,390,368,22,0.9435897435897436,GS
2023-08-25,390,381,9,0.9769230769230769,GS
2023-08-28,390,376,14,0.9641025641025641,GS
2023-08-29,390,383,7,0.982051282051282,GS
2023-08-30,390,376,14,0.9641025641025641,GS
2023-08-31,390,371,19,0.9512820512820512,GS
2023-09-01,390,379,11,0.9717948717948718,GS
2023-09-05,390,379,11,0.9717948717948718,GS
2023-09-06,390,372,18,0.9538461538461539,GS
2023-09-07,390,380,10,0.9743589743589743,GS
2023-09-08,390,367,23,0.941025641025641,GS
2023-09-11,390,367,23,0.941025641025641,GS
2023-09-12,390,387,3,0.9923076923076923,GS
2023-09-13,390,378,12,0.9692307692307692,GS
2023-09-14,390,387,3,0.9923076923076923,GS
2023-09-15,390,379,11,0.9717948717948718,GS
2023-09-18,390,378,12,0.9692307692307692,GS
2023-09-19,390,382,8,0.9794871794871794,GS
2023-09-20,390,353,37,0.9051282051282051,GS
2023-09-21,390,374,16,0.958974358974359,GS
2023-09-22,390,373,17,0.9564102564102565,GS
2023-09-25,390,368,22,0.9435897435897436,GS
2023-09-26,390,377,13,0.9666666666666667,GS
2023-09-27,390,384,6,0.9846153846153847,GS
2023-09-28,390,375,15,0.9615384615384616,GS
2023-09-29,390,388,2,0.9948717948717949,GS
2023-10-02,390,380,10,0.9743589743589743,GS
2023-10-03,390,389,1,0.9974358974358974,GS
2023-10-04,390,384,6,0.9846153846153847,GS
2023-10-05,390,384,6,0.9846153846153847,GS
2023-10-06,390,377,13,0.9666666666666667,GS
2023-10-09,390,378,12,0.9692307692307692,GS
2023-10-10,390,375,15,0.9615384615384616,GS
2023-10-11,390,377,13,0.9666666666666667,GS
2023-10-12,390,382,8,0.9794871794871794,GS
2023-10-13,390,389,1,0.9974358974358974,GS
2023-10-16,390,388,2,0.9948717948717949,GS
2023-10-17,390,390,0,1.0,GS
2023-10-18,390,390,0,1.0,GS
2023-10-19,390,390,0,1.0,GS
2023-10-20,390,390,0,1.0,GS
2023-10-23,390,389,1,0.9974358974358974,GS
2023-10-24,390,389,1,0.9974358974358974,GS
2023-10-25,390,390,0,1.0,GS
2023-10-26,390,390,0,1.0,GS
2023-10-27,390,390,0,1.0,GS
2023-10-30,390,390,0,1.0,GS
2023-10-31,390,390,0,1.0,GS
2023-11-01,390,390,0,1.0,GS
2023-11-02,390,389,1,0.9974358974358974,GS
2023-11-03,390,390,0,1.0,GS
2023-11-06,390,389,1,0.9974358974358974,GS
2023-11-07,390,390,0,1.0,GS
2023-11-08,390,388,2,0.9948717948717949,GS
2023-11-09,390,390,0,1.0,GS
2023-11-10,390,389,1,0.9974358974358974,GS
2023-11-13,390,388,2,0.9948717948717949,GS
2023-11-14,390,390,0,1.0,GS
2023-11-15,390,386,4,0.9897435897435898,GS
2023-11-16,390,384,6,0.9846153846153847,GS
2023-11-17,390,374,16,0.958974358974359,GS
2023-11-20,390,365,25,0.9358974358974359,GS
2023-11-21,390,385,5,0.9871794871794872,GS
2023-11-22,390,370,20,0.9487179487179487,GS
2023-11-24,210,197,13,0.9380952380952381,GS
2023-11-27,390,372,18,0.9538461538461539,GS
2023-11-28,390,359,31,0.9205128205128205,GS
2023-11-29,390,388,2,0.9948717948717949,GS
2023-11-30,390,384,6,0.9846153846153847,GS
2023-12-01,390,390,0,1.0,GS
2023-12-04,390,380,10,0.9743589743589743,GS
2023-12-05,390,384,6,0.9846153846153847,GS
2023-12-06,390,378,12,0.9692307692307692,GS
2023-12-07,390,365,25,0.9358974358974359,GS
2023-12-08,390,383,7,0.982051282051282,GS
2023-12-11,390,372,18,0.9538461538461539,GS
2023-12-12,390,367,23,0.941025641025641,GS
2023-12-13,390,354,36,0.9076923076923077,GS
2023-12-14,390,390,0,1.0,GS
2023-12-15,390,387,3,0.9923076923076923,GS
2023-12-18,390,384,6,0.9846153846153847,GS
2023-12-19,390,381,9,0.9769230769230769,GS
2023-12-20,390,377,13,0.9666666666666667,GS
2023-12-21,390,371,19,0.9512820512820512,GS
2023-12-22,390,364,26,0.9333333333333333,GS
2023-12-26,390,346,44,0.8871794871794871,GS
2023-12-27,390,382,8,0.9794871794871794,GS
2023-12-28,390,358,32,0.9179487179487179,GS
2023-12-29,390,351,39,0.9,GS
2024-01-02,390,386,4,0.9897435897435898,GS
2024-01-03,390,380,10,0.9743589743589743,GS
2024-01-04,390,366,24,0.9384615384615385,GS
2024-01-05,390,382,8,0.9794871794871794,GS
2024-01-08,390,365,25,0.9358974358974359,GS
2024-01-09,390,373,17,0.9564102564102565,GS
2024-01-10,390,380,10,0.9743589743589743,GS
2024-01-11,390,386,4,0.9897435897435898,GS
2024-01-12,390,390,0,1.0,GS
2024-01-16,390,390,0,1.0,GS
2024-01-17,390,390,0,1.0,GS
2024-01-18,390,388,2,0.9948717948717949,GS
2024-01-19,390,389,1,0.9974358974358974,GS
2024-01-22,390,390,0,1.0,GS
2024-01-23,390,390,0,1.0,GS
2024-01-24,390,390,0,1.0,GS
2024-01-25,390,389,1,0.9974358974358974,GS
2024-01-26,390,389,1,0.9974358974358974,GS
2024-01-29,390,386,4,0.9897435897435898,GS
2024-01-30,390,390,0,1.0,GS
2024-01-31,390,390,0,1.0,GS
2024-02-01,390,389,1,0.9974358974358974,GS
2024-02-02,390,390,0,1.0,GS
2024-02-05,390,387,3,0.9923076923076923,GS
2024-02-06,390,390,0,1.0,GS
2024-02-07,390,386,4,0.9897435897435898,GS
2024-02-08,390,390,0,1.0,GS
2024-02-09,390,387,3,0.9923076923076923,GS
2024-02-12,390,390,0,1.0,GS
2024-02-13,390,390,0,1.0,GS
2024-02-14,390,390,0,1.0,GS
2024-02-15,390,390,0,1.0,GS
2024-02-16,390,388,2,0.9948717948717949,GS
2024-02-20,390,388,2,0.9948717948717949,GS
2024-02-21,390,388,2,0.9948717948717949,GS
2024-02-22,390,388,2,0.9948717948717949,GS
2024-02-23,390,389,1,0.9974358974358974,GS
2024-02-26,390,390,0,1.0,GS
2024-02-27,390,390,0,1.0,GS
2024-02-28,390,389,1,0.9974358974358974,GS
2024-02-29,390,384,6,0.9846153846153847,GS
2024-03-01,390,388,2,0.9948717948717949,GS
2024-03-04,390,385,5,0.9871794871794872,GS
2024-03-05,390,388,2,0.9948717948717949,GS
2024-03-06,390,389,1,0.9974358974358974,GS
2024-03-07,390,385,5,0.9871794871794872,GS
2024-03-08,390,382,8,0.9794871794871794,GS
2024-03-11,390,383,7,0.982051282051282,GS
2024-03-12,390,382,8,0.9794871794871794,GS
2024-03-13,390,379,11,0.9717948717948718,GS
2024-03-14,390,383,7,0.982051282051282,GS
2024-03-15,390,380,10,0.9743589743589743,GS
2024-03-18,390,368,22,0.9435897435897436,GS
2024-03-19,390,381,9,0.9769230769230769,GS
2024-03-20,390,366,24,0.9384615384615385,GS
2024-03-21,390,390,0,1.0,GS
2024-03-22,390,377,13,0.9666666666666667,GS
2024-03-25,390,376,14,0.9641025641025641,GS
2024-03-26,390,362,28,0.9282051282051282,GS
2024-03-27,390,385,5,0.9871794871794872,GS
2024-03-28,390,389,1,0.9974358974358974,GS
2024-04-01,390,376,14,0.9641025641025641,GS
2024-04-02,390,387,3,0.9923076923076923,GS
2024-04-03,390,380,10,0.9743589743589743,GS
2024-04-04,390,372,18,0.9538461538461539,GS
2024-04-05,390,382,8,0.9794871794871794,GS
2024-04-08,390,364,26,0.9333333333333333,GS
2024-04-09,390,384,6,0.9846153846153847,GS
2024-04-10,390,387,3,0.9923076923076923,GS
2024-04-11,390,383,7,0.982051282051282,GS
2024-04-12,390,388,2,0.9948717948717949,GS
2024-04-15,390,390,0,1.0,GS
2024-04-16,390,390,0,1.0,GS
2024-04-17,390,390,0,1.0,GS
2024-04-18,390,390,0,1.0,GS
2024-04-19,390,390,0,1.0,GS
2024-04-22,390,390,0,1.0,GS
2024-04-23,390,390,0,1.0,GS
2024-04-24,390,386,4,0.9897435897435898,GS
2024-04-25,390,387,3,0.9923076923076923,GS
2024-04-26,390,390,0,1.0,GS
2024-04-29,390,390,0,1.0,GS
2024-04-30,390,390,0,1.0,GS
2024-05-01,390,387,3,0.9923076923076923,GS
2024-05-02,390,390,0,1.0,GS
2024-05-03,390,390,0,1.0,GS
2024-05-06,390,387,3,0.9923076923076923,GS
2024-05-07,390,390,0,1.0,GS
2024-05-08,390,390,0,1.0,GS
2024-05-09,390,389,1,0.9974358974358974,GS
2024-05-10,390,390,0,1.0,GS
2024-05-13,390,390,0,1.0,GS
2024-05-14,390,390,0,1.0,GS
2024-05-15,390,389,1,0.9974358974358974,GS
2024-05-16,390,388,2,0.9948717948717949,GS
2024-05-17,390,390,0,1.0,GS
2024-05-20,390,388,2,0.9948717948717949,GS
2024-05-21,390,390,0,1.0,GS
2024-05-22,390,389,1,0.9974358974358974,GS
2024-05-23,390,389,1,0.9974358974358974,GS
2024-05-24,390,388,2,0.9948717948717949,GS
2024-05-28,390,390,0,1.0,GS
2024-05-29,390,388,2,0.9948717948717949,GS
2024-05-30,390,389,1,0.9974358974358974,GS
2024-05-31,390,390,0,1.0,GS
2024-06-03,390,387,3,0.9923076923076923,GS
2024-06-04,390,389,1,0.9974358974358974,GS
2024-06-05,390,389,1,0.9974358974358974,GS
2024-06-06,390,389,1,0.9974358974358974,GS
2024-06-07,390,389,1,0.9974358974358974,GS
2024-06-10,390,388,2,0.9948717948717949,GS
2024-06-11,390,390,0,1.0,GS
2024-06-12,390,389,1,0.9974358974358974,GS
2024-06-13,390,387,3,0.9923076923076923,GS
2024-06-14,390,384,6,0.9846153846153847,GS
2024-06-17,390,370,20,0.9487179487179487,GS
2024-06-18,390,386,4,0.9897435897435898,GS
2024-06-20,390,379,11,0.9717948717948718,GS
2024-06-21,390,378,12,0.9692307692307692,GS
2024-06-24,390,379,11,0.9717948717948718,GS
2024-06-25,390,366,24,0.9384615384615385,GS
2024-06-26,390,376,14,0.9641025641025641,GS
2024-06-27,390,383,7,0.982051282051282,GS
2024-06-28,390,381,9,0.9769230769230769,GS
2024-07-01,390,383,7,0.982051282051282,GS
2024-07-02,390,376,14,0.9641025641025641,GS
2024-07-03,210,208,2,0.9904761904761905,GS
2024-07-05,390,368,22,0.9435897435897436,GS
2024-07-08,390,381,9,0.9769230769230769,GS
2024-07-09,390,388,2,0.9948717948717949,GS
2024-07-10,390,383,7,0.982051282051282,GS
2024-07-11,390,389,1,0.9974358974358974,GS
2024-07-12,390,390,0,1.0,GS
2024-07-15,390,389,1,0.9974358974358974,GS
2024-07-16,390,390,0,1.0,GS
2024-07-17,390,390,0,1.0,GS
2024-07-18,390,390,0,1.0,GS
2024-07-19,390,386,4,0.9897435897435898,GS
2024-07-22,390,387,3,0.9923076923076923,GS
2024-07-23,390,386,4,0.9897435897435898,GS
2024-07-24,390,385,5,0.9871794871794872,GS
2024-07-25,390,388,2,0.9948717948717949,GS
2024-07-26,390,387,3,0.9923076923076923,GS
2024-07-29,390,388,2,0.9948717948717949,GS
2024-07-30,390,388,2,0.9948717948717949,GS
2024-07-31,390,390,0,1.0,GS
2024-08-01,390,390,0,1.0,GS
2024-08-02,390,390,0,1.0,GS
2024-08-05,390,390,0,1.0,GS
2024-08-06,390,389,1,0.9974358974358974,GS
2024-08-07,390,389,1,0.9974358974358974,GS
2024-08-08,390,388,2,0.9948717948717949,GS
2024-08-09,390,385,5,0.9871794871794872,GS
2024-08-12,390,380,10,0.9743589743589743,GS
2024-08-13,390,346,44,0.8871794871794871,GS
2024-08-14,390,379,11,0.9717948717948718,GS
2024-08-15,390,375,15,0.9615384615384616,GS
2024-08-16,390,377,13,0.9666666666666667,GS
2024-08-19,390,336,54,0.8615384615384616,GS
2024-08-20,390,355,35,0.9102564102564102,GS
2024-08-21,390,361,29,0.9256410256410257,GS
2024-08-22,390,347,43,0.8897435897435897,GS
2024-08-23,390,375,15,0.9615384615384616,GS
2024-08-26,390,347,43,0.8897435897435897,GS
2024-08-27,390,351,39,0.9,GS
2024-08-28,390,372,18,0.9538461538461539,GS
2024-08-29,390,374,16,0.958974358974359,GS
2024-08-30,390,350,40,0.8974358974358975,GS
2024-09-03,390,386,4,0.9897435897435898,GS
2024-09-04,390,383,7,0.982051282051282,GS
2024-09-05,390,382,8,0.9794871794871794,GS
2024-09-06,390,386,4,0.9897435897435898,GS
2024-09-09,390,374,16,0.958974358974359,GS
2024-09-10,390,388,2,0.9948717948717949,GS
2024-09-11,390,383,7,0.982051282051282,GS
2024-09-12,390,378,12,0.9692307692307692,GS
2024-09-13,390,380,10,0.9743589743589743,GS
2024-09-16,390,381,9,0.9769230769230769,GS
2024-09-17,390,376,14,0.9641025641025641,GS
2024-09-18,390,372,18,0.9538461538461539,GS
2024-09-19,390,388,2,0.9948717948717949,GS
2024-09-20,390,383,7,0.982051282051282,GS
2024-09-23,390,327,63,0.8384615384615385,GS
2024-09-24,390,350,40,0.8974358974358975,GS
2024-09-25,390,372,18,0.9538461538461539,GS
2024-09-26,390,384,6,0.9846153846153847,GS
2024-09-27,390,368,22,0.9435897435897436,GS
2024-09-30,390,369,21,0.9461538461538461,GS
2024-10-01,390,369,21,0.9461538461538461,GS
2024-10-02,390,355,35,0.9102564102564102,GS
2024-10-03,390,366,24,0.9384615384615385,GS
2024-10-04,390,360,30,0.9230769230769231,GS
2024-10-07,390,354,36,0.9076923076923077,GS
2024-10-08,390,373,17,0.9564102564102565,GS
2024-10-09,390,375,15,0.9615384615384616,GS
2024-10-10,390,363,27,0.9307692307692308,GS
2024-10-11,390,384,6,0.9846153846153847,GS
2024-10-14,390,383,7,0.982051282051282,GS
2024-10-15,390,389,1,0.9974358974358974,GS
2024-10-16,390,389,1,0.9974358974358974,GS
2024-10-17,390,389,1,0.9974358974358974,GS
2024-10-18,390,386,4,0.9897435897435898,GS
2024-10-21,390,387,3,0.9923076923076923,GS
2024-10-22,390,384,6,0.9846153846153847,GS
2024-10-23,390,386,4,0.9897435897435898,GS
2024-10-24,390,388,2,0.9948717948717949,GS
2024-10-25,390,387,3,0.9923076923076923,GS
2024-10-28,390,388,2,0.9948717948717949,GS
2024-10-29,390,379,11,0.9717948717948718,GS
2024-10-30,390,386,4,0.9897435897435898,GS
2024-10-31,390,388,2,0.9948717948717949,GS
2024-11-01,390,388,2,0.9948717948717949,GS
2024-11-04,390,390,0,1.0,GS
2024-11-05,390,387,3,0.9923076923076923,GS
2024-11-06,390,390,0,1.0,GS
2024-11-07,390,390,0,1.0,GS
2024-11-08,390,388,2,0.9948717948717949,GS
2024-11-11,390,390,0,1.0,GS
2024-11-12,390,389,1,0.9974358974358974,GS
2024-11-13,390,384,6,0.9846153846153847,GS
2024-11-14,390,390,0,1.0,GS
2024-11-15,390,389,1,0.9974358974358974,GS
2024-11-18,390,389,1,0.9974358974358974,GS
2024-11-19,390,389,1,0.9974358974358974,GS
2024-11-20,390,387,3,0.9923076923076923,GS
2024-11-21,390,390,0,1.0,GS
2024-11-22,390,387,3,0.9923076923076923,GS
2024-11-25,390,387,3,0.9923076923076923,GS
2024-11-26,390,387,3,0.9923076923076923,GS
2024-11-27,390,380,10,0.9743589743589743,GS
2024-11-29,210,210,0,1.0,GS
2024-12-02,390,385,5,0.9871794871794872,GS
2024-12-03,390,377,13,0.9666666666666667,GS
2024-12-04,390,387,3,0.9923076923076923,GS
2024-12-05,390,387,3,0.9923076923076923,GS
2024-12-06,390,378,12,0.9692307692307692,GS
2024-12-09,390,386,4,0.9897435897435898,GS
2024-12-10,390,387,3,0.9923076923076923,GS
2024-12-11,390,388,2,0.9948717948717949,GS
2024-12-12,390,359,31,0.9205128205128205,GS
2024-12-13,390,366,24,0.9384615384615385,GS
2024-12-16,390,382,8,0.9794871794871794,GS
2024-12-17,390,388,2,0.9948717948717949,GS
2024-12-18,390,382,8,0.9794871794871794,GS
2024-12-19,390,388,2,0.9948717948717949,GS
2024-12-20,390,387,3,0.9923076923076923,GS
2024-12-23,390,372,18,0.9538461538461539,GS
2024-12-24,210,208,2,0.9904761904761905,GS
2024-12-26,390,356,34,0.9128205128205128,GS
2024-12-27,390,380,10,0.9743589743589743,GS
2024-12-30,390,374,16,0.958974358974359,GS
2024-12-31,390,365,25,0.9358974358974359,GS
2025-01-02,390,390,0,1.0,GS
2025-01-03,390,381,9,0.9769230769230769,GS
2025-01-06,390,386,4,0.9897435897435898,GS
2025-01-07,390,385,5,0.9871794871794872,GS
2025-01-08,390,381,9,0.9769230769230769,GS
2025-01-10,390,390,0,1.0,GS
2025-01-13,390,379,11,0.9717948717948718,GS
2025-01-14,390,384,6,0.9846153846153847,GS
2025-01-15,390,389,1,0.9974358974358974,GS
2025-01-16,390,389,1,0.9974358974358974,GS
2025-01-17,390,390,0,1.0,GS
2025-01-21,390,390,0,1.0,GS
2025-01-22,390,390,0,1.0,GS
2025-01-23,390,388,2,0.9948717948717949,GS
2025-01-24,390,390,0,1.0,GS
2025-01-27,390,390,0,1.0,GS
2025-01-28,390,389,1,0.9974358974358974,GS
2025-01-29,390,390,0,1.0,GS
2025-01-30,390,388,2,0.9948717948717949,GS
2025-01-31,390,389,1,0.9974358974358974,GS
2025-02-03,390,390,0,1.0,GS
2025-02-04,390,389,1,0.9974358974358974,GS
2025-02-05,390,389,1,0.9974358974358974,GS
2025-02-06,390,390,0,1.0,GS
2025-02-07,390,390,0,1.0,GS
2025-02-10,390,389,1,0.9974358974358974,GS
2025-02-11,390,390,0,1.0,GS
2025-02-12,390,390,0,1.0,GS
2025-02-13,390,387,3,0.9923076923076923,GS
2025-02-14,390,390,0,1.0,GS
2025-02-18,390,388,2,0.9948717948717949,GS
2025-02-19,390,389,1,0.9974358974358974,GS
2025-02-20,390,390,0,1.0,GS
2025-02-21,390,390,0,1.0,GS
2025-02-24,390,390,0,1.0,GS
2025-02-25,390,390,0,1.0,GS
2025-02-26,390,388,2,0.9948717948717949,GS
2025-02-27,390,389,1,0.9974358974358974,GS
2025-02-28,390,389,1,0.9974358974358974,GS
2025-03-03,390,390,0,1.0,GS
2025-03-04,390,390,0,1.0,GS
2025-03-05,390,390,0,1.0,GS
2025-03-06,390,390,0,1.0,GS
2025-03-07,390,390,0,1.0,GS
2025-03-10,390,390,0,1.0,GS
2025-03-11,390,390,0,1.0,GS
2025-03-12,390,390,0,1.0,GS
2025-03-13,390,390,0,1.0,GS
2025-03-14,390,390,0,1.0,GS
2025-03-17,390,390,0,1.0,GS
2025-03-18,390,390,0,1.0,GS
2025-03-19,390,389,1,0.9974358974358974,GS
2025-03-20,390,390,0,1.0,GS
2025-03-21,390,390,0,1.0,GS
2025-03-24,390,382,8,0.9794871794871794,GS
2025-03-25,390,380,10,0.9743589743589743,GS
2025-03-26,390,380,10,0.9743589743589743,GS
2025-03-27,390,380,10,0.9743589743589743,GS
2025-03-28,390,388,2,0.9948717948717949,GS
2025-03-31,390,383,7,0.982051282051282,GS
2025-04-01,390,386,4,0.9897435897435898,GS
2025-04-02,390,388,2,0.9948717948717949,GS
2025-04-03,390,390,0,1.0,GS
2025-04-04,390,390,0,1.0,GS
2025-04-07,390,390,0,1.0,GS
2025-04-08,390,390,0,1.0,GS
2025-04-09,390,390,0,1.0,GS
2025-04-10,390,390,0,1.0,GS
2025-04-11,390,390,0,1.0,GS
2025-04-14,390,389,1,0.9974358974358974,GS
2025-04-15,390,390,0,1.0,GS
2025-04-16,390,389,1,0.9974358974358974,GS
2025-04-17,390,390,0,1.0,GS
2025-04-21,390,390,0,1.0,GS
2025-04-22,390,390,0,1.0,GS
2025-04-23,390,390,0,1.0,GS
2025-04-24,390,389,1,0.9974358974358974,GS
2025-04-25,390,390,0,1.0,GS
2025-04-28,390,390,0,1.0,GS
2025-04-29,390,388,2,0.9948717948717949,GS
2025-04-30,390,389,1,0.9974358974358974,GS
2025-05-01,390,390,0,1.0,GS
2025-05-02,390,390,0,1.0,GS
2025-05-05,390,390,0,1.0,GS
2025-05-06,390,390,0,1.0,GS
2025-05-07,390,389,1,0.9974358974358974,GS
2025-05-08,390,389,1,0.9974358974358974,GS
2025-05-09,390,388,2,0.9948717948717949,GS
2025-05-12,390,390,0,1.0,GS
2025-05-13,390,390,0,1.0,GS
2025-05-14,390,385,5,0.9871794871794872,GS
2025-05-15,390,389,1,0.9974358974358974,GS
2025-05-16,390,386,4,0.9897435897435898,GS
2025-05-19,390,389,1,0.9974358974358974,GS
2025-05-20,390,384,6,0.9846153846153847,GS
2025-05-21,390,390,0,1.0,GS
2025-05-22,390,389,1,0.9974358974358974,GS
2025-05-23,390,383,7,0.982051282051282,GS
2025-05-27,390,389,1,0.9974358974358974,GS
2025-05-28,390,387,3,0.9923076923076923,GS
2025-05-29,390,370,20,0.9487179487179487,GS
2025-05-30,390,382,8,0.9794871794871794,GS
2025-06-02,390,368,22,0.9435897435897436,GS
2025-06-03,390,386,4,0.9897435897435898,GS
2025-06-04,390,359,31,0.9205128205128205,GS
2025-06-05,390,387,3,0.9923076923076923,GS
2025-06-06,390,376,14,0.9641025641025641,GS
2025-06-09,390,377,13,0.9666666666666667,GS
2025-06-10,390,378,12,0.9692307692307692,GS
2025-06-11,390,384,6,0.9846153846153847,GS
2025-06-12,390,362,28,0.9282051282051282,GS
2025-06-13,390,373,17,0.9564102564102565,GS
2025-06-16,390,375,15,0.9615384615384616,GS
2025-06-17,390,367,23,0.941025641025641,GS
2025-06-18,390,383,7,0.982051282051282,GS
2025-06-20,390,384,6,0.9846153846153847,GS
2025-06-23,390,385,5,0.9871794871794872,GS
2025-06-24,390,375,15,0.9615384615384616,GS
2025-06-25,390,382,8,0.9794871794871794,GS
2025-06-26,390,388,2,0.9948717948717949,GS
2025-06-27,390,383,7,0.982051282051282,GS
2025-06-30,390,388,2,0.9948717948717949,GS
2025-07-01,390,389,1,0.9974358974358974,GS
2025-07-02,390,389,1,0.9974358974358974,GS
2025-07-03,210,208,2,0.9904761904761905,GS
2025-07-07,390,389,1,0.9974358974358974,GS
2025-07-08,390,388,2,0.9948717948717949,GS
2025-07-09,390,375,15,0.9615384615384616,GS
2025-07-10,390,383,7,0.982051282051282,GS
2025-07-11,390,372,18,0.9538461538461539,GS
2025-07-14,390,381,9,0.9769230769230769,GS
2025-07-15,390,384,6,0.9846153846153847,GS
2025-07-16,390,389,1,0.9974358974358974,GS
2025-07-17,390,385,5,0.9871794871794872,GS
2025-07-18,390,370,20,0.9487179487179487,GS
2025-07-21,390,370,20,0.9487179487179487,GS
2025-07-22,390,375,15,0.9615384615384616,GS
2025-07-23,390,378,12,0.9692307692307692,GS
2025-07-24,390,371,19,0.9512820512820512,GS
2025-07-25,390,372,18,0.9538461538461539,GS
2025-07-28,390,345,45,0.8846153846153846,GS
2025-07-29,390,379,11,0.9717948717948718,GS
2025-07-30,390,380,10,0.9743589743589743,GS
2025-07-31,390,385,5,0.9871794871794872,GS
2025-08-01,390,387,3,0.9923076923076923,GS
2025-08-04,390,375,15,0.9615384615384616,GS
2025-08-05,390,360,30,0.9230769230769231,GS
2025-08-06,390,381,9,0.9769230769230769,GS
2025-08-07,390,386,4,0.9897435897435898,GS
2025-08-08,390,332,58,0.8512820512820513,GS
2025-08-11,390,335,55,0.8589743589743589,GS
2025-08-12,390,381,9,0.9769230769230769,GS
2025-08-13,390,368,22,0.9435897435897436,GS
2025-08-14,390,344,46,0.882051282051282,GS
2025-08-15,390,357,33,0.9153846153846154,GS
2025-08-18,390,340,50,0.8717948717948718,GS
2025-08-19,390,363,27,0.9307692307692308,GS
2025-08-20,390,355,35,0.9102564102564102,GS
2025-08-21,390,353,37,0.9051282051282051,GS
2025-08-22,390,379,11,0.9717948717948718,GS
2025-08-25,390,328,62,0.841025641025641,GS
2025-08-26,390,337,53,0.8641025641025641,GS
2025-08-27,390,370,20,0.9487179487179487,GS
2025-08-28,390,350,40,0.8974358974358975,GS
2025-08-29,390,356,34,0.9128205128205128,GS
2025-09-02,390,381,9,0.9769230769230769,GS
2025-09-03,390,361,29,0.9256410256410257,GS
2025-09-04,390,374,16,0.958974358974359,GS
2025-09-05,390,371,19,0.9512820512820512,GS
2025-09-08,390,358,32,0.9179487179487179,GS
2025-09-09,390,386,4,0.9897435897435898,GS
2025-09-10,390,369,21,0.9461538461538461,GS
2025-09-11,390,382,8,0.9794871794871794,GS
2025-09-12,390,321,69,0.823076923076923,GS
2025-09-15,390,350,40,0.8974358974358975,GS
2025-09-16,390,352,38,0.9025641025641026,GS
2025-09-17,390,367,23,0.941025641025641,GS
2025-09-18,390,371,19,0.9512820512820512,GS
2025-09-19,390,359,31,0.9205128205128205,GS
2025-09-22,390,342,48,0.8769230769230769,GS
2025-09-23,390,370,20,0.9487179487179487,GS
2025-09-24,390,360,30,0.9230769230769231,GS
2025-09-25,390,357,33,0.9153846153846154,GS
2025-09-26,390,341,49,0.8743589743589744,GS
2025-09-29,390,349,41,0.8948717948717949,GS
2025-09-30,390,381,9,0.9769230769230769,GS
2025-10-01,390,359,31,0.9205128205128205,GS
2025-10-02,390,369,21,0.9461538461538461,GS
2025-10-03,390,371,19,0.9512820512820512,GS
2025-10-06,390,358,32,0.9179487179487179,GS
2025-10-07,390,378,12,0.9692307692307692,GS
2025-10-08,390,369,21,0.9461538461538461,GS
2025-10-09,390,376,14,0.9641025641025641,GS
2025-10-10,390,385,5,0.9871794871794872,GS
2025-10-13,390,385,5,0.9871794871794872,GS
2025-10-14,390,389,1,0.9974358974358974,GS
2025-10-15,390,387,3,0.9923076923076923,GS
2025-10-16,390,387,3,0.9923076923076923,GS
2025-10-17,390,388,2,0.9948717948717949,GS
2025-10-20,390,383,7,0.982051282051282,GS
2025-10-21,390,383,7,0.982051282051282,GS
2025-10-22,390,390,0,1.0,GS
2025-10-23,390,375,15,0.9615384615384616,GS
2025-10-24,390,387,3,0.9923076923076923,GS
2025-10-27,390,374,16,0.958974358974359,GS
2025-10-28,390,378,12,0.9692307692307692,GS
2025-10-29,390,380,10,0.9743589743589743,GS
2025-10-30,390,379,11,0.9717948717948718,GS
2025-10-31,390,376,14,0.9641025641025641,GS
2025-11-03,390,390,0,1.0,GS
2025-11-04,390,390,0,1.0,GS
2025-11-05,390,390,0,1.0,GS
2025-11-06,390,390,0,1.0,GS
2025-11-07,390,390,0,1.0,GS
2025-11-10,390,390,0,1.0,GS
2025-11-11,390,390,0,1.0,GS
2025-11-12,390,390,0,1.0,GS
2025-11-13,390,390,0,1.0,GS
2025-11-14,390,389,1,0.9974358974358974,GS
2025-11-17,390,390,0,1.0,GS
2025-11-18,390,390,0,1.0,GS
2025-11-19,390,390,0,1.0,GS
2025-11-20,390,390,0,1.0,GS
2025-11-21,390,390,0,1.0,GS
2025-11-24,390,390,0,1.0,GS
2025-11-25,390,390,0,1.0,GS
2025-11-26,390,390,0,1.0,GS
2025-11-28,210,210,0,1.0,GS
2025-12-01,390,390,0,1.0,GS
2025-12-02,390,390,0,1.0,GS
2025-12-03,390,390,0,1.0,GS
2025-12-04,390,390,0,1.0,GS
2025-12-05,390,390,0,1.0,GS
2025-12-08,390,390,0,1.0,GS
2025-12-09,390,390,0,1.0,GS
2025-12-10,390,390,0,1.0,GS
2025-12-11,390,390,0,1.0,GS
2025-12-12,390,390,0,1.0,GS
2025-12-15,390,390,0,1.0,GS
2025-12-16,390,390,0,1.0,GS
2025-12-17,390,390,0,1.0,GS
2025-12-18,390,390,0,1.0,GS
2025-12-19,390,390,0,1.0,GS
2025-12-22,390,387,3,0.9923076923076923,GS
2025-12-23,390,386,4,0.9897435897435898,GS
2025-12-24,210,210,0,1.0,GS
2025-12-26,390,376,14,0.9641025641025641,GS
2025-12-29,390,390,0,1.0,GS
2025-12-30,390,388,2,0.9948717948717949,GS
2025-12-31,390,385,5,0.9871794871794872,GS
2026-01-02,390,390,0,1.0,GS
2026-01-05,390,390,0,1.0,GS
2026-01-06,390,390,0,1.0,GS
2026-01-07,390,390,0,1.0,GS
2026-01-08,390,390,0,1.0,GS
2026-01-09,390,390,0,1.0,GS
2026-01-12,390,390,0,1.0,GS
2026-01-13,390,390,0,1.0,GS
2026-01-14,390,390,0,1.0,GS
2026-01-15,390,390,0,1.0,GS
2026-01-16,390,390,0,1.0,GS
2026-01-20,390,390,0,1.0,GS
2026-01-21,390,390,0,1.0,GS
2026-01-22,390,390,0,1.0,GS
2026-01-23,390,390,0,1.0,GS
2026-01-26,390,390,0,1.0,GS
2026-01-27,390,390,0,1.0,GS
2026-01-28,390,390,0,1.0,GS
2026-01-29,390,390,0,1.0,GS
2026-01-30,390,390,0,1.0,GS
2026-02-02,390,390,0,1.0,GS
2026-02-03,390,390,0,1.0,GS
2026-02-04,390,390,0,1.0,GS
2026-02-05,390,390,0,1.0,GS
2026-02-06,390,390,0,1.0,GS
2026-02-09,390,390,0,1.0,GS
2026-02-10,390,390,0,1.0,GS
2026-02-11,390,390,0,1.0,GS
2026-02-12,390,390,0,1.0,GS
2026-02-13,390,390,0,1.0,GS
2026-02-17,390,390,0,1.0,GS
2026-02-18,390,390,0,1.0,GS
2026-02-19,390,390,0,1.0,GS
2026-02-20,390,390,0,1.0,GS
2026-02-23,390,390,0,1.0,GS
2026-02-24,390,390,0,1.0,GS
2026-02-25,390,390,0,1.0,GS
2026-02-26,390,390,0,1.0,GS
2026-02-27,390,390,0,1.0,GS
2026-03-02,390,390,0,1.0,GS
2026-03-03,390,390,0,1.0,GS
2026-03-04,390,390,0,1.0,GS
2026-03-05,390,390,0,1.0,GS
2026-03-06,390,390,0,1.0,GS
2026-03-09,390,390,0,1.0,GS
2026-03-10,390,390,0,1.0,GS
2026-03-11,390,390,0,1.0,GS
2026-03-12,390,390,0,1.0,GS
2026-03-13,390,390,0,1.0,GS
2026-03-16,390,390,0,1.0,GS
2026-03-17,390,390,0,1.0,GS
2026-03-18,390,388,2,0.9948717948717949,GS
2026-03-19,390,390,0,1.0,GS
2026-03-20,390,390,0,1.0,GS
2026-03-23,390,390,0,1.0,GS
2026-03-24,390,390,0,1.0,GS
2026-03-25,390,388,2,0.9948717948717949,GS
2026-03-26,390,390,0,1.0,GS
2026-03-27,390,390,0,1.0,GS
2026-03-30,390,390,0,1.0,GS
2026-03-31,390,390,0,1.0,GS
2026-04-01,390,390,0,1.0,GS
2026-04-02,390,390,0,1.0,GS
2026-04-06,390,389,1,0.9974358974358974,GS
2026-04-07,390,389,1,0.9974358974358974,GS
2026-04-08,390,390,0,1.0,GS
2026-04-09,390,390,0,1.0,GS
2026-04-10,390,388,2,0.9948717948717949,GS
2026-04-13,390,390,0,1.0,GS
2026-04-14,390,390,0,1.0,GS
2026-04-15,390,390,0,1.0,GS
2026-04-16,390,390,0,1.0,GS
2026-04-17,390,390,0,1.0,GS
2026-04-20,390,390,0,1.0,GS
2026-04-21,390,390,0,1.0,GS
2026-04-22,390,390,0,1.0,GS
2026-04-23,390,390,0,1.0,GS
2026-04-24,390,390,0,1.0,GS
2026-04-27,390,390,0,1.0,GS
2026-04-28,390,390,0,1.0,GS
2026-04-29,390,390,0,1.0,GS
2026-04-30,390,390,0,1.0,GS
2026-05-01,390,390,0,1.0,GS
2026-05-04,390,390,0,1.0,GS
2026-05-05,390,390,0,1.0,GS
2026-05-06,390,390,0,1.0,GS
2026-05-07,390,390,0,1.0,GS
2026-05-08,390,390,0,1.0,GS
2026-05-11,390,390,0,1.0,GS
2026-05-12,390,390,0,1.0,GS
2026-05-13,390,390,0,1.0,GS
2026-05-14,390,390,0,1.0,GS
2026-05-15,390,390,0,1.0,GS
2026-05-18,390,390,0,1.0,GS
2026-05-19,390,390,0,1.0,GS
2026-05-20,390,390,0,1.0,GS
2026-05-21,390,390,0,1.0,GS
2026-05-22,390,390,0,1.0,GS
2026-05-26,390,390,0,1.0,GS
2026-05-27,390,390,0,1.0,GS
2026-05-28,390,390,0,1.0,GS
2026-05-29,390,390,0,1.0,GS
2026-06-01,390,390,0,1.0,GS
2026-06-02,390,390,0,1.0,GS
2026-06-03,390,390,0,1.0,GS
2026-06-04,390,390,0,1.0,GS
2026-06-05,390,390,0,1.0,GS
2026-06-08,390,390,0,1.0,GS
2026-06-09,390,390,0,1.0,GS
2026-06-10,390,390,0,1.0,GS
2026-06-11,390,390,0,1.0,GS
2026-06-12,390,390,0,1.0,GS
2026-06-15,390,390,0,1.0,GS
2026-06-16,390,390,0,1.0,GS
2026-06-17,390,390,0,1.0,GS
2026-06-18,390,390,0,1.0,GS
2026-06-22,390,390,0,1.0,GS
2026-06-23,390,388,2,0.9948717948717949,GS
2026-06-24,390,390,0,1.0,GS
2026-06-25,390,390,0,1.0,GS
2026-06-26,390,390,0,1.0,GS
2026-06-29,390,390,0,1.0,GS
2026-06-30,390,390,0,1.0,GS
2026-07-01,390,389,1,0.9974358974358974,GS
2026-07-02,390,388,2,0.9948717948717949,GS
2026-07-06,390,387,3,0.9923076923076923,GS
2026-07-07,390,389,1,0.9974358974358974,GS
2026-07-08,390,387,3,0.9923076923076923,GS
2026-07-09,390,384,6,0.9846153846153847,GS
2026-07-10,390,388,2,0.9948717948717949,GS
2026-07-13,390,389,1,0.9974358974358974,GS
2026-07-14,390,390,0,1.0,GS
2026-07-15,390,390,0,1.0,GS
2026-07-16,390,390,0,1.0,GS
2026-07-17,390,390,0,1.0,GS
2026-07-20,390,390,0,1.0,GS
2026-07-21,390,390,0,1.0,GS
2026-07-22,390,390,0,1.0,GS
2026-07-23,390,390,0,1.0,GS
2026-07-24,390,390,0,1.0,GS
2026-07-27,390,390,0,1.0,GS
2026-07-28,390,390,0,1.0,GS
2026-07-29,390,390,0,1.0,GS
2026-07-30,390,390,0,1.0,GS
2026-07-31,390,390,0,1.0,GS
2026-08-03,390,390,0,1.0,GS
2026-08-04,390,390,0,1.0,GS
2026-08-05,390,390,0,1.0,GS
2026-08-06,390,390,0,1.0,GS
2026-08-07,390,390,0,1.0,GS
2026-08-10,390,390,0,1.0,GS
2026-08-11,390,390,0,1.0,GS
2026-08-12,390,389,1,0.9974358974358974,GS
2026-08-13,390,390,0,1.0,GS
2026-08-14,390,390,0,1.0,GS
2026-08-17,390,390,0,1.0,GS
2026-08-18,390,390,0,1.0,GS
2026-08-19,390,390,0,1.0,GS
2026-08-20,390,390,0,1.0,GS
2026-08-21,390,390,0,1.0,GS
2026-08-24,390,390,0,1.0,GS
2026-08-25,390,390,0,1.0,GS
2026-08-26,390,389,1,0.9974358974358974,GS
2026-08-27,390,381,9,0.9769230769230769,GS
2026-08-28,390,388,2,0.9948717948717949,GS
2026-08-31,390,377,13,0.9666666666666667,GS
2026-09-01,390,384,6,0.9846153846153847,GS
2026-09-02,390,387,3,0.9923076923076923,GS
2026-09-03,390,390,0,1.0,GS
2026-09-04,390,384,6,0.9846153846153847,GS
2026-09-08,390,377,13,0.9666666666666667,GS
2026-09-09,390,388,2,0.9948717948717949,GS
2023-01-03,390,390,0,1.0,MS
2023-01-04,390,389,1,0.9974358974358974,MS
2023-01-05,390,390,0,1.0,MS
2023-01-06,390,390,0,1.0,MS
2023-01-09,390,390,0,1.0,MS
2023-01-10,390,390,0,1.0,MS
2023-01-11,390,390,0,1.0,MS
2023-01-12,390,390,0,1.0,MS
2023-01-13,390,390,0,1.0,MS
2023-01-17,390,390,0,1.0,MS
2023-01-18,390,390,0,1.0,MS
2023-01-19,390,390,0,1.0,MS
2023-01-20,390,390,0,1.0,MS
2023-01-23,390,390,0,1.0,MS
2023-01-24,390,384,6,0.9846153846153847,MS
2023-01-25,390,390,0,1.0,MS
2023-01-26,390,389,1,0.9974358974358974,MS
2023-01-27,390,389,1,0.9974358974358974,MS
2023-01-30,390,390,0,1.0,MS
2023-01-31,390,390,0,1.0,MS
2023-02-01,390,390,0,1.0,MS
2023-02-02,390,390,0,1.0,MS
2023-02-03,390,390,0,1.0,MS
2023-02-06,390,390,0,1.0,MS
2023-02-07,390,390,0,1.0,MS
2023-02-08,390,390,0,1.0,MS
2023-02-09,390,390,0,1.0,MS
2023-02-10,390,390,0,1.0,MS
2023-02-13,390,389,1,0.9974358974358974,MS
2023-02-14,390,390,0,1.0,MS
2023-02-15,390,390,0,1.0,MS
2023-02-16,390,390,0,1.0,MS
2023-02-17,390,390,0,1.0,MS
2023-02-21,390,389,1,0.9974358974358974,MS
2023-02-22,390,390,0,1.0,MS
2023-02-23,390,390,0,1.0,MS
2023-02-24,390,390,0,1.0,MS
2023-02-27,390,390,0,1.0,MS
2023-02-28,390,390,0,1.0,MS
2023-03-01,390,390,0,1.0,MS
2023-03-02,390,388,2,0.9948717948717949,MS
2023-03-03,390,390,0,1.0,MS
2023-03-06,390,390,0,1.0,MS
2023-03-07,390,390,0,1.0,MS
2023-03-08,390,390,0,1.0,MS
2023-03-09,390,390,0,1.0,MS
2023-03-10,390,390,0,1.0,MS
2023-03-13,390,390,0,1.0,MS
2023-03-14,390,390,0,1.0,MS
2023-03-15,390,390,0,1.0,MS
2023-03-16,390,390,0,1.0,MS
2023-03-17,390,390,0,1.0,MS
2023-03-20,390,390,0,1.0,MS
2023-03-21,390,390,0,1.0,MS
2023-03-22,390,390,0,1.0,MS
2023-03-23,390,390,0,1.0,MS
2023-03-24,390,390,0,1.0,MS
2023-03-27,390,390,0,1.0,MS
2023-03-28,390,390,0,1.0,MS
2023-03-29,390,390,0,1.0,MS
2023-03-30,390,390,0,1.0,MS
2023-03-31,390,390,0,1.0,MS
2023-04-03,390,390,0,1.0,MS
2023-04-04,390,390,0,1.0,MS
2023-04-05,390,390,0,1.0,MS
2023-04-06,390,390,0,1.0,MS
2023-04-10,390,390,0,1.0,MS
2023-04-11,390,390,0,1.0,MS
2023-04-12,390,390,0,1.0,MS
2023-04-13,390,390,0,1.0,MS
2023-04-14,390,390,0,1.0,MS
2023-04-17,390,390,0,1.0,MS
2023-04-18,390,390,0,1.0,MS
2023-04-19,390,390,0,1.0,MS
2023-04-20,390,389,1,0.9974358974358974,MS
2023-04-21,390,390,0,1.0,MS
2023-04-24,390,390,0,1.0,MS
2023-04-25,390,390,0,1.0,MS
2023-04-26,390,390,0,1.0,MS
2023-04-27,390,390,0,1.0,MS
2023-04-28,390,390,0,1.0,MS
2023-05-01,390,390,0,1.0,MS
2023-05-02,390,390,0,1.0,MS
2023-05-03,390,390,0,1.0,MS
2023-05-04,390,390,0,1.0,MS
2023-05-05,390,390,0,1.0,MS
2023-05-08,390,390,0,1.0,MS
2023-05-09,390,390,0,1.0,MS
2023-05-10,390,390,0,1.0,MS
2023-05-11,390,390,0,1.0,MS
2023-05-12,390,390,0,1.0,MS
2023-05-15,390,390,0,1.0,MS
2023-05-16,390,390,0,1.0,MS
2023-05-17,390,390,0,1.0,MS
2023-05-18,390,389,1,0.9974358974358974,MS
2023-05-19,390,390,0,1.0,MS
2023-05-22,390,390,0,1.0,MS
2023-05-23,390,390,0,1.0,MS
2023-05-24,390,390,0,1.0,MS
2023-05-25,390,390,0,1.0,MS
2023-05-26,390,390,0,1.0,MS
2023-05-30,390,390,0,1.0,MS
2023-05-31,390,390,0,1.0,MS
2023-06-01,390,390,0,1.0,MS
2023-06-02,390,390,0,1.0,MS
2023-06-05,390,386,4,0.9897435897435898,MS
2023-06-06,390,390,0,1.0,MS
2023-06-07,390,390,0,1.0,MS
2023-06-08,390,390,0,1.0,MS
2023-06-09,390,390,0,1.0,MS
2023-06-12,390,390,0,1.0,MS
2023-06-13,390,390,0,1.0,MS
2023-06-14,390,389,1,0.9974358974358974,MS
2023-06-15,390,390,0,1.0,MS
2023-06-16,390,390,0,1.0,MS
2023-06-20,390,389,1,0.9974358974358974,MS
2023-06-21,390,390,0,1.0,MS
2023-06-22,390,390,0,1.0,MS
2023-06-23,390,390,0,1.0,MS
2023-06-26,390,390,0,1.0,MS
2023-06-27,390,390,0,1.0,MS
2023-06-28,390,390,0,1.0,MS
2023-06-29,390,390,0,1.0,MS
2023-06-30,390,390,0,1.0,MS
2023-07-03,210,210,0,1.0,MS
2023-07-05,390,390,0,1.0,MS
2023-07-06,390,390,0,1.0,MS
2023-07-07,390,390,0,1.0,MS
2023-07-10,390,390,0,1.0,MS
2023-07-11,390,390,0,1.0,MS
2023-07-12,390,390,0,1.0,MS
2023-07-13,390,390,0,1.0,MS
2023-07-14,390,390,0,1.0,MS
2023-07-17,390,390,0,1.0,MS
2023-07-18,390,390,0,1.0,MS
2023-07-19,390,390,0,1.0,MS
2023-07-20,390,390,0,1.0,MS
2023-07-21,390,390,0,1.0,MS
2023-07-24,390,390,0,1.0,MS
2023-07-25,390,390,0,1.0,MS
2023-07-26,390,390,0,1.0,MS
2023-07-27,390,390,0,1.0,MS
2023-07-28,390,389,1,0.9974358974358974,MS
2023-07-31,390,390,0,1.0,MS
2023-08-01,390,389,1,0.9974358974358974,MS
2023-08-02,390,390,0,1.0,MS
2023-08-03,390,390,0,1.0,MS
2023-08-04,390,390,0,1.0,MS
2023-08-07,390,390,0,1.0,MS
2023-08-08,390,390,0,1.0,MS
2023-08-09,390,390,0,1.0,MS
2023-08-10,390,390,0,1.0,MS
2023-08-11,390,390,0,1.0,MS
2023-08-14,390,390,0,1.0,MS
2023-08-15,390,390,0,1.0,MS
2023-08-16,390,390,0,1.0,MS
2023-08-17,390,390,0,1.0,MS
2023-08-18,390,390,0,1.0,MS
2023-08-21,390,390,0,1.0,MS
2023-08-22,390,390,0,1.0,MS
2023-08-23,390,390,0,1.0,MS
2023-08-24,390,390,0,1.0,MS
2023-08-25,390,390,0,1.0,MS
2023-08-28,390,390,0,1.0,MS
2023-08-29,390,390,0,1.0,MS
2023-08-30,390,390,0,1.0,MS
2023-08-31,390,390,0,1.0,MS
2023-09-01,390,390,0,1.0,MS
2023-09-05,390,388,2,0.9948717948717949,MS
2023-09-06,390,390,0,1.0,MS
2023-09-07,390,390,0,1.0,MS
2023-09-08,390,390,0,1.0,MS
2023-09-11,390,390,0,1.0,MS
2023-09-12,390,390,0,1.0,MS
2023-09-13,390,390,0,1.0,MS
2023-09-14,390,390,0,1.0,MS
2023-09-15,390,390,0,1.0,MS
2023-09-18,390,390,0,1.0,MS
2023-09-19,390,388,2,0.9948717948717949,MS
2023-09-20,390,389,1,0.9974358974358974,MS
2023-09-21,390,390,0,1.0,MS
2023-09-22,390,390,0,1.0,MS
2023-09-25,390,390,0,1.0,MS
2023-09-26,390,390,0,1.0,MS
2023-09-27,390,390,0,1.0,MS
2023-09-28,390,390,0,1.0,MS
2023-09-29,390,390,0,1.0,MS
2023-10-02,390,390,0,1.0,MS
2023-10-03,390,390,0,1.0,MS
2023-10-04,390,390,0,1.0,MS
2023-10-05,390,390,0,1.0,MS
2023-10-06,390,390,0,1.0,MS
2023-10-09,390,390,0,1.0,MS
2023-10-10,390,390,0,1.0,MS
2023-10-11,390,390,0,1.0,MS
2023-10-12,390,390,0,1.0,MS
2023-10-13,390,390,0,1.0,MS
2023-10-16,390,390,0,1.0,MS
2023-10-17,390,390,0,1.0,MS
2023-10-18,390,390,0,1.0,MS
2023-10-19,390,390,0,1.0,MS
2023-10-20,390,390,0,1.0,MS
2023-10-23,390,390,0,1.0,MS
2023-10-24,390,389,1,0.9974358974358974,MS
2023-10-25,390,390,0,1.0,MS
2023-10-26,390,390,0,1.0,MS
2023-10-27,390,390,0,1.0,MS
2023-10-30,390,390,0,1.0,MS
2023-10-31,390,390,0,1.0,MS
2023-11-01,390,390,0,1.0,MS
2023-11-02,390,390,0,1.0,MS
2023-11-03,390,390,0,1.0,MS
2023-11-06,390,390,0,1.0,MS
2023-11-07,390,390,0,1.0,MS
2023-11-08,390,390,0,1.0,MS
2023-11-09,390,390,0,1.0,MS
2023-11-10,390,390,0,1.0,MS
2023-11-13,390,390,0,1.0,MS
2023-11-14,390,390,0,1.0,MS
2023-11-15,390,390,0,1.0,MS
2023-11-16,390,390,0,1.0,MS
2023-11-17,390,390,0,1.0,MS
2023-11-20,390,390,0,1.0,MS
2023-11-21,390,390,0,1.0,MS
2023-11-22,390,390,0,1.0,MS
2023-11-24,210,210,0,1.0,MS
2023-11-27,390,390,0,1.0,MS
2023-11-28,390,390,0,1.0,MS
2023-11-29,390,390,0,1.0,MS
2023-11-30,390,390,0,1.0,MS
2023-12-01,390,390,0,1.0,MS
2023-12-04,390,390,0,1.0,MS
2023-12-05,390,390,0,1.0,MS
2023-12-06,390,390,0,1.0,MS
2023-12-07,390,390,0,1.0,MS
2023-12-08,390,390,0,1.0,MS
2023-12-11,390,390,0,1.0,MS
2023-12-12,390,390,0,1.0,MS
2023-12-13,390,390,0,1.0,MS
2023-12-14,390,390,0,1.0,MS
2023-12-15,390,390,0,1.0,MS
2023-12-18,390,390,0,1.0,MS
2023-12-19,390,390,0,1.0,MS
2023-12-20,390,390,0,1.0,MS
2023-12-21,390,390,0,1.0,MS
2023-12-22,390,390,0,1.0,MS
2023-12-26,390,390,0,1.0,MS
2023-12-27,390,390,0,1.0,MS
2023-12-28,390,390,0,1.0,MS
2023-12-29,390,389,1,0.9974358974358974,MS
2024-01-02,390,390,0,1.0,MS
2024-01-03,390,390,0,1.0,MS
2024-01-04,390,390,0,1.0,MS
2024-01-05,390,390,0,1.0,MS
2024-01-08,390,390,0,1.0,MS
2024-01-09,390,390,0,1.0,MS
2024-01-10,390,390,0,1.0,MS
2024-01-11,390,390,0,1.0,MS
2024-01-12,390,390,0,1.0,MS
2024-01-16,390,390,0,1.0,MS
2024-01-17,390,390,0,1.0,MS
2024-01-18,390,390,0,1.0,MS
2024-01-19,390,390,0,1.0,MS
2024-01-22,390,390,0,1.0,MS
2024-01-23,390,390,0,1.0,MS
2024-01-24,390,390,0,1.0,MS
2024-01-25,390,390,0,1.0,MS
2024-01-26,390,390,0,1.0,MS
2024-01-29,390,390,0,1.0,MS
2024-01-30,390,390,0,1.0,MS
2024-01-31,390,390,0,1.0,MS
2024-02-01,390,390,0,1.0,MS
2024-02-02,390,390,0,1.0,MS
2024-02-05,390,389,1,0.9974358974358974,MS
2024-02-06,390,390,0,1.0,MS
2024-02-07,390,390,0,1.0,MS
2024-02-08,390,390,0,1.0,MS
2024-02-09,390,390,0,1.0,MS
2024-02-12,390,390,0,1.0,MS
2024-02-13,390,390,0,1.0,MS
2024-02-14,390,390,0,1.0,MS
2024-02-15,390,390,0,1.0,MS
2024-02-16,390,390,0,1.0,MS
2024-02-20,390,390,0,1.0,MS
2024-02-21,390,390,0,1.0,MS
2024-02-22,390,390,0,1.0,MS
2024-02-23,390,390,0,1.0,MS
2024-02-26,390,390,0,1.0,MS
2024-02-27,390,390,0,1.0,MS
2024-02-28,390,390,0,1.0,MS
2024-02-29,390,390,0,1.0,MS
2024-03-01,390,390,0,1.0,MS
2024-03-04,390,390,0,1.0,MS
2024-03-05,390,390,0,1.0,MS
2024-03-06,390,390,0,1.0,MS
2024-03-07,390,390,0,1.0,MS
2024-03-08,390,390,0,1.0,MS
2024-03-11,390,390,0,1.0,MS
2024-03-12,390,390,0,1.0,MS
2024-03-13,390,390,0,1.0,MS
2024-03-14,390,390,0,1.0,MS
2024-03-15,390,390,0,1.0,MS
2024-03-18,390,390,0,1.0,MS
2024-03-19,390,390,0,1.0,MS
2024-03-20,390,390,0,1.0,MS
2024-03-21,390,390,0,1.0,MS
2024-03-22,390,390,0,1.0,MS
2024-03-25,390,390,0,1.0,MS
2024-03-26,390,390,0,1.0,MS
2024-03-27,390,390,0,1.0,MS
2024-03-28,390,390,0,1.0,MS
2024-04-01,390,390,0,1.0,MS
2024-04-02,390,390,0,1.0,MS
2024-04-03,390,390,0,1.0,MS
2024-04-04,390,390,0,1.0,MS
2024-04-05,390,390,0,1.0,MS
2024-04-08,390,390,0,1.0,MS
2024-04-09,390,390,0,1.0,MS
2024-04-10,390,390,0,1.0,MS
2024-04-11,390,390,0,1.0,MS
2024-04-12,390,390,0,1.0,MS
2024-04-15,390,390,0,1.0,MS
2024-04-16,390,390,0,1.0,MS
2024-04-17,390,389,1,0.9974358974358974,MS
2024-04-18,390,389,1,0.9974358974358974,MS
2024-04-19,390,389,1,0.9974358974358974,MS
2024-04-22,390,389,1,0.9974358974358974,MS
2024-04-23,390,389,1,0.9974358974358974,MS
2024-04-24,390,390,0,1.0,MS
2024-04-25,390,390,0,1.0,MS
2024-04-26,390,388,2,0.9948717948717949,MS
2024-04-29,390,388,2,0.9948717948717949,MS
2024-04-30,390,389,1,0.9974358974358974,MS
2024-05-01,390,389,1,0.9974358974358974,MS
2024-05-02,390,390,0,1.0,MS
2024-05-03,390,390,0,1.0,MS
2024-05-06,390,390,0,1.0,MS
2024-05-07,390,390,0,1.0,MS
2024-05-08,390,389,1,0.9974358974358974,MS
2024-05-09,390,389,1,0.9974358974358974,MS
2024-05-10,390,390,0,1.0,MS
2024-05-13,390,388,2,0.9948717948717949,MS
2024-05-14,390,390,0,1.0,MS
2024-05-15,390,390,0,1.0,MS
2024-05-16,390,390,0,1.0,MS
2024-05-17,390,390,0,1.0,MS
2024-05-20,390,390,0,1.0,MS
2024-05-21,390,390,0,1.0,MS
2024-05-22,390,389,1,0.9974358974358974,MS
2024-05-23,390,390,0,1.0,MS
2024-05-24,390,390,0,1.0,MS
2024-05-28,390,389,1,0.9974358974358974,MS
2024-05-29,390,390,0,1.0,MS
2024-05-30,390,390,0,1.0,MS
2024-05-31,390,389,1,0.9974358974358974,MS
2024-06-03,390,390,0,1.0,MS
2024-06-04,390,390,0,1.0,MS
2024-06-05,390,389,1,0.9974358974358974,MS
2024-06-06,390,389,1,0.9974358974358974,MS
2024-06-07,390,388,2,0.9948717948717949,MS
2024-06-10,390,389,1,0.9974358974358974,MS
2024-06-11,390,390,0,1.0,MS
2024-06-12,390,390,0,1.0,MS
2024-06-13,390,390,0,1.0,MS
2024-06-14,390,389,1,0.9974358974358974,MS
2024-06-17,390,390,0,1.0,MS
2024-06-18,390,390,0,1.0,MS
2024-06-20,390,390,0,1.0,MS
2024-06-21,390,390,0,1.0,MS
2024-06-24,390,389,1,0.9974358974358974,MS
2024-06-25,390,389,1,0.9974358974358974,MS
2024-06-26,390,390,0,1.0,MS
2024-06-27,390,390,0,1.0,MS
2024-06-28,390,390,0,1.0,MS
2024-07-01,390,389,1,0.9974358974358974,MS
2024-07-02,390,389,1,0.9974358974358974,MS
2024-07-03,210,209,1,0.9952380952380953,MS
2024-07-05,390,389,1,0.9974358974358974,MS
2024-07-08,390,390,0,1.0,MS
2024-07-09,390,390,0,1.0,MS
2024-07-10,390,390,0,1.0,MS
2024-07-11,390,390,0,1.0,MS
2024-07-12,390,390,0,1.0,MS
2024-07-15,390,390,0,1.0,MS
2024-07-16,390,390,0,1.0,MS
2024-07-17,390,390,0,1.0,MS
2024-07-18,390,390,0,1.0,MS
2024-07-19,390,390,0,1.0,MS
2024-07-22,390,390,0,1.0,MS
2024-07-23,390,389,1,0.9974358974358974,MS
2024-07-24,390,390,0,1.0,MS
2024-07-25,390,389,1,0.9974358974358974,MS
2024-07-26,390,390,0,1.0,MS
2024-07-29,390,390,0,1.0,MS
2024-07-30,390,390,0,1.0,MS
2024-07-31,390,390,0,1.0,MS
2024-08-01,390,390,0,1.0,MS
2024-08-02,390,390,0,1.0,MS
2024-08-05,390,390,0,1.0,MS
2024-08-06,390,390,0,1.0,MS
2024-08-07,390,390,0,1.0,MS
2024-08-08,390,389,1,0.9974358974358974,MS
2024-08-09,390,390,0,1.0,MS
2024-08-12,390,389,1,0.9974358974358974,MS
2024-08-13,390,390,0,1.0,MS
2024-08-14,390,390,0,1.0,MS
2024-08-15,390,390,0,1.0,MS
2024-08-16,390,390,0,1.0,MS
2024-08-19,390,390,0,1.0,MS
2024-08-20,390,388,2,0.9948717948717949,MS
2024-08-21,390,388,2,0.9948717948717949,MS
2024-08-22,390,389,1,0.9974358974358974,MS
2024-08-23,390,390,0,1.0,MS
2024-08-26,390,389,1,0.9974358974358974,MS
2024-08-27,390,390,0,1.0,MS
2024-08-28,390,389,1,0.9974358974358974,MS
2024-08-29,390,390,0,1.0,MS
2024-08-30,390,388,2,0.9948717948717949,MS
2024-09-03,390,390,0,1.0,MS
2024-09-04,390,390,0,1.0,MS
2024-09-05,390,390,0,1.0,MS
2024-09-06,390,390,0,1.0,MS
2024-09-09,390,389,1,0.9974358974358974,MS
2024-09-10,390,390,0,1.0,MS
2024-09-11,390,390,0,1.0,MS
2024-09-12,390,389,1,0.9974358974358974,MS
2024-09-13,390,390,0,1.0,MS
2024-09-16,390,390,0,1.0,MS
2024-09-17,390,390,0,1.0,MS
2024-09-18,390,390,0,1.0,MS
2024-09-19,390,390,0,1.0,MS
2024-09-20,390,390,0,1.0,MS
2024-09-23,390,390,0,1.0,MS
2024-09-24,390,390,0,1.0,MS
2024-09-25,390,390,0,1.0,MS
2024-09-26,390,390,0,1.0,MS
2024-09-27,390,390,0,1.0,MS
2024-09-30,390,390,0,1.0,MS
2024-10-01,390,388,2,0.9948717948717949,MS
2024-10-02,390,389,1,0.9974358974358974,MS
2024-10-03,390,389,1,0.9974358974358974,MS
2024-10-04,390,390,0,1.0,MS
2024-10-07,390,390,0,1.0,MS
2024-10-08,390,390,0,1.0,MS
2024-10-09,390,390,0,1.0,MS
2024-10-10,390,390,0,1.0,MS
2024-10-11,390,390,0,1.0,MS
2024-10-14,390,390,0,1.0,MS
2024-10-15,390,390,0,1.0,MS
2024-10-16,390,390,0,1.0,MS
2024-10-17,390,390,0,1.0,MS
2024-10-18,390,390,0,1.0,MS
2024-10-21,390,390,0,1.0,MS
2024-10-22,390,389,1,0.9974358974358974,MS
2024-10-23,390,390,0,1.0,MS
2024-10-24,390,389,1,0.9974358974358974,MS
2024-10-25,390,390,0,1.0,MS
2024-10-28,390,390,0,1.0,MS
2024-10-29,390,389,1,0.9974358974358974,MS
2024-10-30,390,390,0,1.0,MS
2024-10-31,390,390,0,1.0,MS
2024-11-01,390,390,0,1.0,MS
2024-11-04,390,390,0,1.0,MS
2024-11-05,390,390,0,1.0,MS
2024-11-06,390,390,0,1.0,MS
2024-11-07,390,390,0,1.0,MS
2024-11-08,390,390,0,1.0,MS
2024-11-11,390,390,0,1.0,MS
2024-11-12,390,389,1,0.9974358974358974,MS
2024-11-13,390,390,0,1.0,MS
2024-11-14,390,389,1,0.9974358974358974,MS
2024-11-15,390,390,0,1.0,MS
2024-11-18,390,390,0,1.0,MS
2024-11-19,390,390,0,1.0,MS
2024-11-20,390,390,0,1.0,MS
2024-11-21,390,390,0,1.0,MS
2024-11-22,390,390,0,1.0,MS
2024-11-25,390,390,0,1.0,MS
2024-11-26,390,390,0,1.0,MS
2024-11-27,390,390,0,1.0,MS
2024-11-29,210,210,0,1.0,MS
2024-12-02,390,390,0,1.0,MS
2024-12-03,390,389,1,0.9974358974358974,MS
2024-12-04,390,390,0,1.0,MS
2024-12-05,390,390,0,1.0,MS
2024-12-06,390,389,1,0.9974358974358974,MS
2024-12-09,390,390,0,1.0,MS
2024-12-10,390,390,0,1.0,MS
2024-12-11,390,390,0,1.0,MS
2024-12-12,390,389,1,0.9974358974358974,MS
2024-12-13,390,390,0,1.0,MS
2024-12-16,390,390,0,1.0,MS
2024-12-17,390,390,0,1.0,MS
2024-12-18,390,390,0,1.0,MS
2024-12-19,390,390,0,1.0,MS
2024-12-20,390,390,0,1.0,MS
2024-12-23,390,390,0,1.0,MS
2024-12-24,210,210,0,1.0,MS
2024-12-26,390,390,0,1.0,MS
2024-12-27,390,390,0,1.0,MS
2024-12-30,390,389,1,0.9974358974358974,MS
2024-12-31,390,389,1,0.9974358974358974,MS
2025-01-02,390,390,0,1.0,MS
2025-01-03,390,390,0,1.0,MS
2025-01-06,390,390,0,1.0,MS
2025-01-07,390,389,1,0.9974358974358974,MS
2025-01-08,390,390,0,1.0,MS
2025-01-10,390,390,0,1.0,MS
2025-01-13,390,390,0,1.0,MS
2025-01-14,390,390,0,1.0,MS
2025-01-15,390,390,0,1.0,MS
2025-01-16,390,390,0,1.0,MS
2025-01-17,390,390,0,1.0,MS
2025-01-21,390,390,0,1.0,MS
2025-01-22,390,390,0,1.0,MS
2025-01-23,390,390,0,1.0,MS
2025-01-24,390,389,1,0.9974358974358974,MS
2025-01-27,390,390,0,1.0,MS
2025-01-28,390,389,1,0.9974358974358974,MS
2025-01-29,390,389,1,0.9974358974358974,MS
2025-01-30,390,390,0,1.0,MS
2025-01-31,390,390,0,1.0,MS
2025-02-03,390,389,1,0.9974358974358974,MS
2025-02-04,390,390,0,1.0,MS
2025-02-05,390,389,1,0.9974358974358974,MS
2025-02-06,390,390,0,1.0,MS
2025-02-07,390,389,1,0.9974358974358974,MS
2025-02-10,390,390,0,1.0,MS
2025-02-11,390,390,0,1.0,MS
2025-02-12,390,390,0,1.0,MS
2025-02-13,390,390,0,1.0,MS
2025-02-14,390,390,0,1.0,MS
2025-02-18,390,390,0,1.0,MS
2025-02-19,390,390,0,1.0,MS
2025-02-20,390,389,1,0.9974358974358974,MS
2025-02-21,390,389,1,0.9974358974358974,MS
2025-02-24,390,390,0,1.0,MS
2025-02-25,390,390,0,1.0,MS
2025-02-26,390,390,0,1.0,MS
2025-02-27,390,390,0,1.0,MS
2025-02-28,390,390,0,1.0,MS
2025-03-03,390,390,0,1.0,MS
2025-03-04,390,390,0,1.0,MS
2025-03-05,390,390,0,1.0,MS
2025-03-06,390,390,0,1.0,MS
2025-03-07,390,390,0,1.0,MS
2025-03-10,390,390,0,1.0,MS
2025-03-11,390,390,0,1.0,MS
2025-03-12,390,390,0,1.0,MS
2025-03-13,390,390,0,1.0,MS
2025-03-14,390,390,0,1.0,MS
2025-03-17,390,390,0,1.0,MS
2025-03-18,390,390,0,1.0,MS
2025-03-19,390,390,0,1.0,MS
2025-03-20,390,389,1,0.9974358974358974,MS
2025-03-21,390,390,0,1.0,MS
2025-03-24,390,390,0,1.0,MS
2025-03-25,390,390,0,1.0,MS
2025-03-26,390,390,0,1.0,MS
2025-03-27,390,390,0,1.0,MS
2025-03-28,390,390,0,1.0,MS
2025-03-31,390,390,0,1.0,MS
2025-04-01,390,390,0,1.0,MS
2025-04-02,390,390,0,1.0,MS
2025-04-03,390,390,0,1.0,MS
2025-04-04,390,390,0,1.0,MS
2025-04-07,390,390,0,1.0,MS
2025-04-08,390,390,0,1.0,MS
2025-04-09,390,390,0,1.0,MS
2025-04-10,390,390,0,1.0,MS
2025-04-11,390,390,0,1.0,MS
2025-04-14,390,390,0,1.0,MS
2025-04-15,390,390,0,1.0,MS
2025-04-16,390,390,0,1.0,MS
2025-04-17,390,390,0,1.0,MS
2025-04-21,390,390,0,1.0,MS
2025-04-22,390,390,0,1.0,MS
2025-04-23,390,390,0,1.0,MS
2025-04-24,390,390,0,1.0,MS
2025-04-25,390,390,0,1.0,MS
2025-04-28,390,390,0,1.0,MS
2025-04-29,390,390,0,1.0,MS
2025-04-30,390,389,1,0.9974358974358974,MS
2025-05-01,390,389,1,0.9974358974358974,MS
2025-05-02,390,390,0,1.0,MS
2025-05-05,390,390,0,1.0,MS
2025-05-06,390,390,0,1.0,MS
2025-05-07,390,388,2,0.9948717948717949,MS
2025-05-08,390,390,0,1.0,MS
2025-05-09,390,390,0,1.0,MS
2025-05-12,390,390,0,1.0,MS
2025-05-13,390,390,0,1.0,MS
2025-05-14,390,390,0,1.0,MS
2025-05-15,390,390,0,1.0,MS
2025-05-16,390,390,0,1.0,MS
2025-05-19,390,390,0,1.0,MS
2025-05-20,390,388,2,0.9948717948717949,MS
2025-05-21,390,390,0,1.0,MS
2025-05-22,390,390,0,1.0,MS
2025-05-23,390,390,0,1.0,MS
2025-05-27,390,390,0,1.0,MS
2025-05-28,390,390,0,1.0,MS
2025-05-29,390,390,0,1.0,MS
2025-05-30,390,390,0,1.0,MS
2025-06-02,390,389,1,0.9974358974358974,MS
2025-06-03,390,390,0,1.0,MS
2025-06-04,390,390,0,1.0,MS
2025-06-05,390,390,0,1.0,MS
2025-06-06,390,390,0,1.0,MS
2025-06-09,390,390,0,1.0,MS
2025-06-10,390,389,1,0.9974358974358974,MS
2025-06-11,390,390,0,1.0,MS
2025-06-12,390,390,0,1.0,MS
2025-06-13,390,390,0,1.0,MS
2025-06-16,390,390,0,1.0,MS
2025-06-17,390,390,0,1.0,MS
2025-06-18,390,390,0,1.0,MS
2025-06-20,390,390,0,1.0,MS
2025-06-23,390,390,0,1.0,MS
2025-06-24,390,390,0,1.0,MS
2025-06-25,390,390,0,1.0,MS
2025-06-26,390,390,0,1.0,MS
2025-06-27,390,390,0,1.0,MS
2025-06-30,390,390,0,1.0,MS
2025-07-01,390,390,0,1.0,MS
2025-07-02,390,390,0,1.0,MS
2025-07-03,210,210,0,1.0,MS
2025-07-07,390,390,0,1.0,MS
2025-07-08,390,390,0,1.0,MS
2025-07-09,390,390,0,1.0,MS
2025-07-10,390,390,0,1.0,MS
2025-07-11,390,390,0,1.0,MS
2025-07-14,390,390,0,1.0,MS
2025-07-15,390,390,0,1.0,MS
2025-07-16,390,390,0,1.0,MS
2025-07-17,390,390,0,1.0,MS
2025-07-18,390,390,0,1.0,MS
2025-07-21,390,390,0,1.0,MS
2025-07-22,390,390,0,1.0,MS
2025-07-23,390,389,1,0.9974358974358974,MS
2025-07-24,390,390,0,1.0,MS
2025-07-25,390,388,2,0.9948717948717949,MS
2025-07-28,390,389,1,0.9974358974358974,MS
2025-07-29,390,390,0,1.0,MS
2025-07-30,390,390,0,1.0,MS
2025-07-31,390,390,0,1.0,MS
2025-08-01,390,390,0,1.0,MS
2025-08-04,390,390,0,1.0,MS
2025-08-05,390,390,0,1.0,MS
2025-08-06,390,389,1,0.9974358974358974,MS
2025-08-07,390,389,1,0.9974358974358974,MS
2025-08-08,390,390,0,1.0,MS
2025-08-11,390,390,0,1.0,MS
2025-08-12,390,390,0,1.0,MS
2025-08-13,390,390,0,1.0,MS
2025-08-14,390,389,1,0.9974358974358974,MS
2025-08-15,390,389,1,0.9974358974358974,MS
2025-08-18,390,390,0,1.0,MS
2025-08-19,390,390,0,1.0,MS
2025-08-20,390,390,0,1.0,MS
2025-08-21,390,389,1,0.9974358974358974,MS
2025-08-22,390,390,0,1.0,MS
2025-08-25,390,386,4,0.9897435897435898,MS
2025-08-26,390,389,1,0.9974358974358974,MS
2025-08-27,390,389,1,0.9974358974358974,MS
2025-08-28,390,388,2,0.9948717948717949,MS
2025-08-29,390,390,0,1.0,MS
2025-09-02,390,390,0,1.0,MS
2025-09-03,390,390,0,1.0,MS
2025-09-04,390,390,0,1.0,MS
2025-09-05,390,390,0,1.0,MS
2025-09-08,390,390,0,1.0,MS
2025-09-09,390,390,0,1.0,MS
2025-09-10,390,390,0,1.0,MS
2025-09-11,390,390,0,1.0,MS
2025-09-12,390,390,0,1.0,MS
2025-09-15,390,390,0,1.0,MS
2025-09-16,390,390,0,1.0,MS
2025-09-17,390,390,0,1.0,MS
2025-09-18,390,388,2,0.9948717948717949,MS
2025-09-19,390,390,0,1.0,MS
2025-09-22,390,389,1,0.9974358974358974,MS
2025-09-23,390,390,0,1.0,MS
2025-09-24,390,390,0,1.0,MS
2025-09-25,390,389,1,0.9974358974358974,MS
2025-09-26,390,390,0,1.0,MS
2025-09-29,390,390,0,1.0,MS
2025-09-30,390,389,1,0.9974358974358974,MS
2025-10-01,390,390,0,1.0,MS
2025-10-02,390,390,0,1.0,MS
2025-10-03,390,390,0,1.0,MS
2025-10-06,390,389,1,0.9974358974358974,MS
2025-10-07,390,390,0,1.0,MS
2025-10-08,390,388,2,0.9948717948717949,MS
2025-10-09,390,389,1,0.9974358974358974,MS
2025-10-10,390,390,0,1.0,MS
2025-10-13,390,390,0,1.0,MS
2025-10-14,390,390,0,1.0,MS
2025-10-15,390,390,0,1.0,MS
2025-10-16,390,390,0,1.0,MS
2025-10-17,390,390,0,1.0,MS
2025-10-20,390,390,0,1.0,MS
2025-10-21,390,390,0,1.0,MS
2025-10-22,390,390,0,1.0,MS
2025-10-23,390,389,1,0.9974358974358974,MS
2025-10-24,390,390,0,1.0,MS
2025-10-27,390,389,1,0.9974358974358974,MS
2025-10-28,390,390,0,1.0,MS
2025-10-29,390,388,2,0.9948717948717949,MS
2025-10-30,390,390,0,1.0,MS
2025-10-31,390,390,0,1.0,MS
2025-11-03,390,390,0,1.0,MS
2025-11-04,390,388,2,0.9948717948717949,MS
2025-11-05,390,389,1,0.9974358974358974,MS
2025-11-06,390,390,0,1.0,MS
2025-11-07,390,390,0,1.0,MS
2025-11-10,390,390,0,1.0,MS
2025-11-11,390,390,0,1.0,MS
2025-11-12,390,390,0,1.0,MS
2025-11-13,390,390,0,1.0,MS
2025-11-14,390,390,0,1.0,MS
2025-11-17,390,390,0,1.0,MS
2025-11-18,390,390,0,1.0,MS
2025-11-19,390,390,0,1.0,MS
2025-11-20,390,389,1,0.9974358974358974,MS
2025-11-21,390,390,0,1.0,MS
2025-11-24,390,390,0,1.0,MS
2025-11-25,390,390,0,1.0,MS
2025-11-26,390,390,0,1.0,MS
2025-11-28,210,210,0,1.0,MS
2025-12-01,390,388,2,0.9948717948717949,MS
2025-12-02,390,389,1,0.9974358974358974,MS
2025-12-03,390,390,0,1.0,MS
2025-12-04,390,390,0,1.0,MS
2025-12-05,390,389,1,0.9974358974358974,MS
2025-12-08,390,390,0,1.0,MS
2025-12-09,390,389,1,0.9974358974358974,MS
2025-12-10,390,390,0,1.0,MS
2025-12-11,390,390,0,1.0,MS
2025-12-12,390,390,0,1.0,MS
2025-12-15,390,390,0,1.0,MS
2025-12-16,390,390,0,1.0,MS
2025-12-17,390,390,0,1.0,MS
2025-12-18,390,390,0,1.0,MS
2025-12-19,390,390,0,1.0,MS
2025-12-22,390,390,0,1.0,MS
2025-12-23,390,389,1,0.9974358974358974,MS
2025-12-24,210,210,0,1.0,MS
2025-12-26,390,386,4,0.9897435897435898,MS
2025-12-29,390,389,1,0.9974358974358974,MS
2025-12-30,390,388,2,0.9948717948717949,MS
2025-12-31,390,389,1,0.9974358974358974,MS
2026-01-02,390,389,1,0.9974358974358974,MS
2026-01-05,390,390,0,1.0,MS
2026-01-06,390,390,0,1.0,MS
2026-01-07,390,389,1,0.9974358974358974,MS
2026-01-08,390,390,0,1.0,MS
2026-01-09,390,389,1,0.9974358974358974,MS
2026-01-12,390,390,0,1.0,MS
2026-01-13,390,390,0,1.0,MS
2026-01-14,390,390,0,1.0,MS
2026-01-15,390,390,0,1.0,MS
2026-01-16,390,390,0,1.0,MS
2026-01-20,390,390,0,1.0,MS
2026-01-21,390,390,0,1.0,MS
2026-01-22,390,390,0,1.0,MS
2026-01-23,390,390,0,1.0,MS
2026-01-26,390,390,0,1.0,MS
2026-01-27,390,390,0,1.0,MS
2026-01-28,390,390,0,1.0,MS
2026-01-29,390,390,0,1.0,MS
2026-01-30,390,390,0,1.0,MS
2026-02-02,390,390,0,1.0,MS
2026-02-03,390,390,0,1.0,MS
2026-02-04,390,389,1,0.9974358974358974,MS
2026-02-05,390,390,0,1.0,MS
2026-02-06,390,390,0,1.0,MS
2026-02-09,390,390,0,1.0,MS
2026-02-10,390,389,1,0.9974358974358974,MS
2026-02-11,390,390,0,1.0,MS
2026-02-12,390,390,0,1.0,MS
2026-02-13,390,390,0,1.0,MS
2026-02-17,390,389,1,0.9974358974358974,MS
2026-02-18,390,390,0,1.0,MS
2026-02-19,390,390,0,1.0,MS
2026-02-20,390,390,0,1.0,MS
2026-02-23,390,390,0,1.0,MS
2026-02-24,390,390,0,1.0,MS
2026-02-25,390,390,0,1.0,MS
2026-02-26,390,390,0,1.0,MS
2026-02-27,390,390,0,1.0,MS
2026-03-02,390,390,0,1.0,MS
2026-03-03,390,390,0,1.0,MS
2026-03-04,390,389,1,0.9974358974358974,MS
2026-03-05,390,390,0,1.0,MS
2026-03-06,390,390,0,1.0,MS
2026-03-09,390,390,0,1.0,MS
2026-03-10,390,390,0,1.0,MS
2026-03-11,390,390,0,1.0,MS
2026-03-12,390,390,0,1.0,MS
2026-03-13,390,390,0,1.0,MS
2026-03-16,390,390,0,1.0,MS
2026-03-17,390,390,0,1.0,MS
2026-03-18,390,390,0,1.0,MS
2026-03-19,390,390,0,1.0,MS
2026-03-20,390,390,0,1.0,MS
2026-03-23,390,390,0,1.0,MS
2026-03-24,390,389,1,0.9974358974358974,MS
2026-03-25,390,390,0,1.0,MS
2026-03-26,390,390,0,1.0,MS
2026-03-27,390,390,0,1.0,MS
2026-03-30,390,389,1,0.9974358974358974,MS
2026-03-31,390,390,0,1.0,MS
2026-04-01,390,390,0,1.0,MS
2026-04-02,390,390,0,1.0,MS
2026-04-06,390,390,0,1.0,MS
2026-04-07,390,390,0,1.0,MS
2026-04-08,390,390,0,1.0,MS
2026-04-09,390,390,0,1.0,MS
2026-04-10,390,387,3,0.9923076923076923,MS
2026-04-13,390,390,0,1.0,MS
2026-04-14,390,390,0,1.0,MS
2026-04-15,390,390,0,1.0,MS
2026-04-16,390,390,0,1.0,MS
2026-04-17,390,390,0,1.0,MS
2026-04-20,390,390,0,1.0,MS
2026-04-21,390,390,0,1.0,MS
2026-04-22,390,389,1,0.9974358974358974,MS
2026-04-23,390,390,0,1.0,MS
2026-04-24,390,389,1,0.9974358974358974,MS
2026-04-27,390,390,0,1.0,MS
2026-04-28,390,390,0,1.0,MS
2026-04-29,390,390,0,1.0,MS
2026-04-30,390,390,0,1.0,MS
2026-05-01,390,390,0,1.0,MS
2026-05-04,390,390,0,1.0,MS
2026-05-05,390,386,4,0.9897435897435898,MS
2026-05-06,390,390,0,1.0,MS
2026-05-07,390,390,0,1.0,MS
2026-05-08,390,388,2,0.9948717948717949,MS
2026-05-11,390,390,0,1.0,MS
2026-05-12,390,389,1,0.9974358974358974,MS
2026-05-13,390,390,0,1.0,MS
2026-05-14,390,390,0,1.0,MS
2026-05-15,390,390,0,1.0,MS
2026-05-18,390,389,1,0.9974358974358974,MS
2026-05-19,390,389,1,0.9974358974358974,MS
2026-05-20,390,390,0,1.0,MS
2026-05-21,390,390,0,1.0,MS
2026-05-22,390,390,0,1.0,MS
2026-05-26,390,390,0,1.0,MS
2026-05-27,390,388,2,0.9948717948717949,MS
2026-05-28,390,389,1,0.9974358974358974,MS
2026-05-29,390,390,0,1.0,MS
2026-06-01,390,389,1,0.9974358974358974,MS
2026-06-02,390,390,0,1.0,MS
2026-06-03,390,388,2,0.9948717948717949,MS
2026-06-04,390,390,0,1.0,MS
2026-06-05,390,390,0,1.0,MS
2026-06-08,390,390,0,1.0,MS
2026-06-09,390,390,0,1.0,MS
2026-06-10,390,390,0,1.0,MS
2026-06-11,390,390,0,1.0,MS
2026-06-12,390,390,0,1.0,MS
2026-06-15,390,389,1,0.9974358974358974,MS
2026-06-16,390,390,0,1.0,MS
2026-06-17,390,390,0,1.0,MS
2026-06-18,390,390,0,1.0,MS
2026-06-22,390,388,2,0.9948717948717949,MS
2026-06-23,390,389,1,0.9974358974358974,MS
2026-06-24,390,390,0,1.0,MS
2026-06-25,390,390,0,1.0,MS
2026-06-26,390,390,0,1.0,MS
2026-06-29,390,387,3,0.9923076923076923,MS
2026-06-30,390,388,2,0.9948717948717949,MS
2026-07-01,390,390,0,1.0,MS
2026-07-02,390,390,0,1.0,MS
2026-07-06,390,390,0,1.0,MS
2026-07-07,390,390,0,1.0,MS
2026-07-08,390,388,2,0.9948717948717949,MS
2026-07-09,390,390,0,1.0,MS
2026-07-10,390,390,0,1.0,MS
2026-07-13,390,390,0,1.0,MS
2026-07-14,390,390,0,1.0,MS
2026-07-15,390,390,0,1.0,MS
2026-07-16,390,390,0,1.0,MS
2026-07-17,390,390,0,1.0,MS
2026-07-20,390,389,1,0.9974358974358974,MS
2026-07-21,390,389,1,0.9974358974358974,MS
2026-07-22,390,390,0,1.0,MS
2026-07-23,390,390,0,1.0,MS
2026-07-24,390,389,1,0.9974358974358974,MS
2026-07-27,390,390,0,1.0,MS
2026-07-28,390,390,0,1.0,MS
2026-07-29,390,390,0,1.0,MS
2026-07-30,390,390,0,1.0,MS
2026-07-31,390,390,0,1.0,MS
2026-08-03,390,390,0,1.0,MS
2026-08-04,390,390,0,1.0,MS
2026-08-05,390,390,0,1.0,MS
2026-08-06,390,390,0,1.0,MS
2026-08-07,390,389,1,0.9974358974358974,MS
2026-08-10,390,389,1,0.9974358974358974,MS
2026-08-11,390,386,4,0.9897435897435898,MS
2026-08-12,390,388,2,0.9948717948717949,MS
2026-08-13,390,389,1,0.9974358974358974,MS
2026-08-14,390,389,1,0.9974358974358974,MS
2026-08-17,390,389,1,0.9974358974358974,MS
2026-08-18,390,390,0,1.0,MS
2026-08-19,390,390,0,1.0,MS
2026-08-20,390,388,2,0.9948717948717949,MS
2026-08-21,390,389,1,0.9974358974358974,MS
2026-08-24,390,387,3,0.9923076923076923,MS
2026-08-25,390,382,8,0.9794871794871794,MS
2026-08-26,390,389,1,0.9974358974358974,MS
2026-08-27,390,388,2,0.9948717948717949,MS
2026-08-28,390,388,2,0.9948717948717949,MS
2026-08-31,390,386,4,0.9897435897435898,MS
2026-09-01,390,388,2,0.9948717948717949,MS
2026-09-02,390,389,1,0.9974358974358974,MS
2026-09-03,390,390,0,1.0,MS
2026-09-04,390,388,2,0.9948717948717949,MS
2026-09-08,390,390,0,1.0,MS
2026-09-09,390,390,0,1.0,MS
2023-01-03,390,384,6,0.9846153846153847,FHN
2023-01-04,390,381,9,0.9769230769230769,FHN
2023-01-05,390,386,4,0.9897435897435898,FHN
2023-01-06,390,386,4,0.9897435897435898,FHN
2023-01-09,390,382,8,0.9794871794871794,FHN
2023-01-10,390,381,9,0.9769230769230769,FHN
2023-01-11,390,377,13,0.9666666666666667,FHN
2023-01-12,390,382,8,0.9794871794871794,FHN
2023-01-13,390,376,14,0.9641025641025641,FHN
2023-01-17,390,380,10,0.9743589743589743,FHN
2023-01-18,390,390,0,1.0,FHN
2023-01-19,390,389,1,0.9974358974358974,FHN
2023-01-20,390,390,0,1.0,FHN
2023-01-23,390,377,13,0.9666666666666667,FHN
2023-01-24,390,348,42,0.8923076923076924,FHN
2023-01-25,390,388,2,0.9948717948717949,FHN
2023-01-26,390,385,5,0.9871794871794872,FHN
2023-01-27,390,380,10,0.9743589743589743,FHN
2023-01-30,390,375,15,0.9615384615384616,FHN
2023-01-31,390,384,6,0.9846153846153847,FHN
2023-02-01,390,383,7,0.982051282051282,FHN
2023-02-02,390,360,30,0.9230769230769231,FHN
2023-02-03,390,368,22,0.9435897435897436,FHN
2023-02-06,390,379,11,0.9717948717948718,FHN
2023-02-07,390,369,21,0.9461538461538461,FHN
2023-02-08,390,361,29,0.9256410256410257,FHN
2023-02-09,390,367,23,0.941025641025641,FHN
2023-02-10,390,370,20,0.9487179487179487,FHN
2023-02-13,390,361,29,0.9256410256410257,FHN
2023-02-14,390,358,32,0.9179487179487179,FHN
2023-02-15,390,387,3,0.9923076923076923,FHN
2023-02-16,390,377,13,0.9666666666666667,FHN
2023-02-17,390,388,2,0.9948717948717949,FHN
2023-02-21,390,384,6,0.9846153846153847,FHN
2023-02-22,390,374,16,0.958974358974359,FHN
2023-02-23,390,365,25,0.9358974358974359,FHN
2023-02-24,390,373,17,0.9564102564102565,FHN
2023-02-27,390,384,6,0.9846153846153847,FHN
2023-02-28,390,387,3,0.9923076923076923,FHN
2023-03-01,390,390,0,1.0,FHN
2023-03-02,390,390,0,1.0,FHN
2023-03-03,390,387,3,0.9923076923076923,FHN
2023-03-06,390,390,0,1.0,FHN
2023-03-07,390,389,1,0.9974358974358974,FHN
2023-03-08,390,382,8,0.9794871794871794,FHN
2023-03-09,390,386,4,0.9897435897435898,FHN
2023-03-10,390,390,0,1.0,FHN
2023-03-13,390,377,13,0.9666666666666667,FHN
2023-03-14,390,390,0,1.0,FHN
2023-03-15,390,390,0,1.0,FHN
2023-03-16,390,390,0,1.0,FHN
2023-03-17,390,390,0,1.0,FHN
2023-03-20,390,390,0,1.0,FHN
2023-03-21,390,390,0,1.0,FHN
2023-03-22,390,389,1,0.9974358974358974,FHN
2023-03-23,390,390,0,1.0,FHN
2023-03-24,390,390,0,1.0,FHN
2023-03-27,390,390,0,1.0,FHN
2023-03-28,390,389,1,0.9974358974358974,FHN
2023-03-29,390,388,2,0.9948717948717949,FHN
2023-03-30,390,390,0,1.0,FHN
2023-03-31,390,390,0,1.0,FHN
2023-04-03,390,390,0,1.0,FHN
2023-04-04,390,389,1,0.9974358974358974,FHN
2023-04-05,390,387,3,0.9923076923076923,FHN
2023-04-06,390,385,5,0.9871794871794872,FHN
2023-04-10,390,386,4,0.9897435897435898,FHN
2023-04-11,390,389,1,0.9974358974358974,FHN
2023-04-12,390,390,0,1.0,FHN
2023-04-13,390,386,4,0.9897435897435898,FHN
2023-04-14,390,388,2,0.9948717948717949,FHN
2023-04-17,390,388,2,0.9948717948717949,FHN
2023-04-18,390,387,3,0.9923076923076923,FHN
2023-04-19,390,388,2,0.9948717948717949,FHN
2023-04-20,390,386,4,0.9897435897435898,FHN
2023-04-21,390,384,6,0.9846153846153847,FHN
2023-04-24,390,357,33,0.9153846153846154,FHN
2023-04-25,390,382,8,0.9794871794871794,FHN
2023-04-26,390,388,2,0.9948717948717949,FHN
2023-04-27,390,374,16,0.958974358974359,FHN
2023-04-28,390,380,10,0.9743589743589743,FHN
2023-05-01,390,381,9,0.9769230769230769,FHN
2023-05-02,390,390,0,1.0,FHN
2023-05-03,390,388,2,0.9948717948717949,FHN
2023-05-04,390,385,5,0.9871794871794872,FHN
2023-05-05,390,390,0,1.0,FHN
2023-05-08,390,390,0,1.0,FHN
2023-05-09,390,390,0,1.0,FHN
2023-05-10,390,390,0,1.0,FHN
2023-05-11,390,390,0,1.0,FHN
2023-05-12,390,390,0,1.0,FHN
2023-05-15,390,390,0,1.0,FHN
2023-05-16,390,390,0,1.0,FHN
2023-05-17,390,390,0,1.0,FHN
2023-05-18,390,390,0,1.0,FHN
2023-05-19,390,390,0,1.0,FHN
2023-05-22,390,390,0,1.0,FHN
2023-05-23,390,390,0,1.0,FHN
2023-05-24,390,389,1,0.9974358974358974,FHN
2023-05-25,390,390,0,1.0,FHN
2023-05-26,390,389,1,0.9974358974358974,FHN
2023-05-30,390,390,0,1.0,FHN
2023-05-31,390,390,0,1.0,FHN
2023-06-01,390,390,0,1.0,FHN
2023-06-02,390,389,1,0.9974358974358974,FHN
2023-06-05,390,386,4,0.9897435897435898,FHN
2023-06-06,390,390,0,1.0,FHN
2023-06-07,390,390,0,1.0,FHN
2023-06-08,390,390,0,1.0,FHN
2023-06-09,390,390,0,1.0,FHN
2023-06-12,390,390,0,1.0,FHN
2023-06-13,390,390,0,1.0,FHN
2023-06-14,390,390,0,1.0,FHN
2023-06-15,390,390,0,1.0,FHN
2023-06-16,390,390,0,1.0,FHN
2023-06-20,390,390,0,1.0,FHN
2023-06-21,390,390,0,1.0,FHN
2023-06-22,390,388,2,0.9948717948717949,FHN
2023-06-23,390,390,0,1.0,FHN
2023-06-26,390,390,0,1.0,FHN
2023-06-27,390,389,1,0.9974358974358974,FHN
2023-06-28,390,389,1,0.9974358974358974,FHN
2023-06-29,390,390,0,1.0,FHN
2023-06-30,390,387,3,0.9923076923076923,FHN
2023-07-03,210,209,1,0.9952380952380953,FHN
2023-07-05,390,390,0,1.0,FHN
2023-07-06,390,390,0,1.0,FHN
2023-07-07,390,390,0,1.0,FHN
2023-07-10,390,390,0,1.0,FHN
2023-07-11,390,390,0,1.0,FHN
2023-07-12,390,390,0,1.0,FHN
2023-07-13,390,390,0,1.0,FHN
2023-07-14,390,390,0,1.0,FHN
2023-07-17,390,390,0,1.0,FHN
2023-07-18,390,390,0,1.0,FHN
2023-07-19,390,390,0,1.0,FHN
2023-07-20,390,390,0,1.0,FHN
2023-07-21,390,390,0,1.0,FHN
2023-07-24,390,390,0,1.0,FHN
2023-07-25,390,388,2,0.9948717948717949,FHN
2023-07-26,390,390,0,1.0,FHN
2023-07-27,390,390,0,1.0,FHN
2023-07-28,390,386,4,0.9897435897435898,FHN
2023-07-31,390,390,0,1.0,FHN
2023-08-01,390,387,3,0.9923076923076923,FHN
2023-08-02,390,389,1,0.9974358974358974,FHN
2023-08-03,390,389,1,0.9974358974358974,FHN
2023-08-04,390,390,0,1.0,FHN
2023-08-07,390,390,0,1.0,FHN
2023-08-08,390,389,1,0.9974358974358974,FHN
2023-08-09,390,390,0,1.0,FHN
2023-08-10,390,388,2,0.9948717948717949,FHN
2023-08-11,390,390,0,1.0,FHN
2023-08-14,390,388,2,0.9948717948717949,FHN
2023-08-15,390,381,9,0.9769230769230769,FHN
2023-08-16,390,389,1,0.9974358974358974,FHN
2023-08-17,390,388,2,0.9948717948717949,FHN
2023-08-18,390,390,0,1.0,FHN
2023-08-21,390,389,1,0.9974358974358974,FHN
2023-08-22,390,390,0,1.0,FHN
2023-08-23,390,390,0,1.0,FHN
2023-08-24,390,389,1,0.9974358974358974,FHN
2023-08-25,390,388,2,0.9948717948717949,FHN
2023-08-28,390,383,7,0.982051282051282,FHN
2023-08-29,390,387,3,0.9923076923076923,FHN
2023-08-30,390,387,3,0.9923076923076923,FHN
2023-08-31,390,385,5,0.9871794871794872,FHN
2023-09-01,390,387,3,0.9923076923076923,FHN
2023-09-05,390,390,0,1.0,FHN
2023-09-06,390,390,0,1.0,FHN
2023-09-07,390,388,2,0.9948717948717949,FHN
2023-09-08,390,388,2,0.9948717948717949,FHN
2023-09-11,390,389,1,0.9974358974358974,FHN
2023-09-12,390,389,1,0.9974358974358974,FHN
2023-09-13,390,390,0,1.0,FHN
2023-09-14,390,389,1,0.9974358974358974,FHN
2023-09-15,390,390,0,1.0,FHN
2023-09-18,390,390,0,1.0,FHN
2023-09-19,390,389,1,0.9974358974358974,FHN
2023-09-20,390,389,1,0.9974358974358974,FHN
2023-09-21,390,390,0,1.0,FHN
2023-09-22,390,390,0,1.0,FHN
2023-09-25,390,390,0,1.0,FHN
2023-09-26,390,389,1,0.9974358974358974,FHN
2023-09-27,390,390,0,1.0,FHN
2023-09-28,390,390,0,1.0,FHN
2023-09-29,390,388,2,0.9948717948717949,FHN
2023-10-02,390,390,0,1.0,FHN
2023-10-03,390,390,0,1.0,FHN
2023-10-04,390,389,1,0.9974358974358974,FHN
2023-10-05,390,389,1,0.9974358974358974,FHN
2023-10-06,390,390,0,1.0,FHN
2023-10-09,390,390,0,1.0,FHN
2023-10-10,390,390,0,1.0,FHN
2023-10-11,390,390,0,1.0,FHN
2023-10-12,390,389,1,0.9974358974358974,FHN
2023-10-13,390,390,0,1.0,FHN
2023-10-16,390,390,0,1.0,FHN
2023-10-17,390,389,1,0.9974358974358974,FHN
2023-10-18,390,390,0,1.0,FHN
2023-10-19,390,390,0,1.0,FHN
2023-10-20,390,389,1,0.9974358974358974,FHN
2023-10-23,390,390,0,1.0,FHN
2023-10-24,390,390,0,1.0,FHN
2023-10-25,390,390,0,1.0,FHN
2023-10-26,390,388,2,0.9948717948717949,FHN
2023-10-27,390,390,0,1.0,FHN
2023-10-30,390,389,1,0.9974358974358974,FHN
2023-10-31,390,390,0,1.0,FHN
2023-11-01,390,390,0,1.0,FHN
2023-11-02,390,389,1,0.9974358974358974,FHN
2023-11-03,390,390,0,1.0,FHN
2023-11-06,390,390,0,1.0,FHN
2023-11-07,390,389,1,0.9974358974358974,FHN
2023-11-08,390,387,3,0.9923076923076923,FHN
2023-11-09,390,388,2,0.9948717948717949,FHN
2023-11-10,390,390,0,1.0,FHN
2023-11-13,390,390,0,1.0,FHN
2023-11-14,390,390,0,1.0,FHN
2023-11-15,390,390,0,1.0,FHN
2023-11-16,390,390,0,1.0,FHN
2023-11-17,390,390,0,1.0,FHN
2023-11-20,390,390,0,1.0,FHN
2023-11-21,390,389,1,0.9974358974358974,FHN
2023-11-22,390,390,0,1.0,FHN
2023-11-24,210,210,0,1.0,FHN
2023-11-27,390,390,0,1.0,FHN
2023-11-28,390,390,0,1.0,FHN
2023-11-29,390,390,0,1.0,FHN
2023-11-30,390,390,0,1.0,FHN
2023-12-01,390,390,0,1.0,FHN
2023-12-04,390,390,0,1.0,FHN
2023-12-05,390,388,2,0.9948717948717949,FHN
2023-12-06,390,390,0,1.0,FHN
2023-12-07,390,389,1,0.9974358974358974,FHN
2023-12-08,390,390,0,1.0,FHN
2023-12-11,390,390,0,1.0,FHN
2023-12-12,390,390,0,1.0,FHN
2023-12-13,390,390,0,1.0,FHN
2023-12-14,390,390,0,1.0,FHN
2023-12-15,390,390,0,1.0,FHN
2023-12-18,390,390,0,1.0,FHN
2023-12-19,390,389,1,0.9974358974358974,FHN
2023-12-20,390,390,0,1.0,FHN
2023-12-21,390,390,0,1.0,FHN
2023-12-22,390,389,1,0.9974358974358974,FHN
2023-12-26,390,390,0,1.0,FHN
2023-12-27,390,386,4,0.9897435897435898,FHN
2023-12-28,390,389,1,0.9974358974358974,FHN
2023-12-29,390,389,1,0.9974358974358974,FHN
2024-01-02,390,390,0,1.0,FHN
2024-01-03,390,390,0,1.0,FHN
2024-01-04,390,390,0,1.0,FHN
2024-01-05,390,390,0,1.0,FHN
2024-01-08,390,386,4,0.9897435897435898,FHN
2024-01-09,390,390,0,1.0,FHN
2024-01-10,390,389,1,0.9974358974358974,FHN
2024-01-11,390,390,0,1.0,FHN
2024-01-12,390,390,0,1.0,FHN
2024-01-16,390,388,2,0.9948717948717949,FHN
2024-01-17,390,390,0,1.0,FHN
2024-01-18,390,390,0,1.0,FHN
2024-01-19,390,390,0,1.0,FHN
2024-01-22,390,389,1,0.9974358974358974,FHN
2024-01-23,390,390,0,1.0,FHN
2024-01-24,390,389,1,0.9974358974358974,FHN
2024-01-25,390,389,1,0.9974358974358974,FHN
2024-01-26,390,387,3,0.9923076923076923,FHN
2024-01-29,390,390,0,1.0,FHN
2024-01-30,390,390,0,1.0,FHN
2024-01-31,390,390,0,1.0,FHN
2024-02-01,390,390,0,1.0,FHN
2024-02-02,390,390,0,1.0,FHN
2024-02-05,390,390,0,1.0,FHN
2024-02-06,390,390,0,1.0,FHN
2024-02-07,390,390,0,1.0,FHN
2024-02-08,390,390,0,1.0,FHN
2024-02-09,390,390,0,1.0,FHN
2024-02-12,390,390,0,1.0,FHN
2024-02-13,390,390,0,1.0,FHN
2024-02-14,390,389,1,0.9974358974358974,FHN
2024-02-15,390,390,0,1.0,FHN
2024-02-16,390,389,1,0.9974358974358974,FHN
2024-02-20,390,390,0,1.0,FHN
2024-02-21,390,388,2,0.9948717948717949,FHN
2024-02-22,390,390,0,1.0,FHN
2024-02-23,390,389,1,0.9974358974358974,FHN
2024-02-26,390,389,1,0.9974358974358974,FHN
2024-02-27,390,388,2,0.9948717948717949,FHN
2024-02-28,390,389,1,0.9974358974358974,FHN
2024-02-29,390,387,3,0.9923076923076923,FHN
2024-03-01,390,389,1,0.9974358974358974,FHN
2024-03-04,390,390,0,1.0,FHN
2024-03-05,390,390,0,1.0,FHN
2024-03-06,390,389,1,0.9974358974358974,FHN
2024-03-07,390,389,1,0.9974358974358974,FHN
2024-03-08,390,388,2,0.9948717948717949,FHN
2024-03-11,390,389,1,0.9974358974358974,FHN
2024-03-12,390,388,2,0.9948717948717949,FHN
2024-03-13,390,388,2,0.9948717948717949,FHN
2024-03-14,390,387,3,0.9923076923076923,FHN
2024-03-15,390,390,0,1.0,FHN
2024-03-18,390,390,0,1.0,FHN
2024-03-19,390,390,0,1.0,FHN
2024-03-20,390,390,0,1.0,FHN
2024-03-21,390,389,1,0.9974358974358974,FHN
2024-03-22,390,390,0,1.0,FHN
2024-03-25,390,390,0,1.0,FHN
2024-03-26,390,379,11,0.9717948717948718,FHN
2024-03-27,390,388,2,0.9948717948717949,FHN
2024-03-28,390,387,3,0.9923076923076923,FHN
2024-04-01,390,390,0,1.0,FHN
2024-04-02,390,390,0,1.0,FHN
2024-04-03,390,386,4,0.9897435897435898,FHN
2024-04-04,390,388,2,0.9948717948717949,FHN
2024-04-05,390,386,4,0.9897435897435898,FHN
2024-04-08,390,388,2,0.9948717948717949,FHN
2024-04-09,390,390,0,1.0,FHN
2024-04-10,390,389,1,0.9974358974358974,FHN
2024-04-11,390,390,0,1.0,FHN
2024-04-12,390,389,1,0.9974358974358974,FHN
2024-04-15,390,389,1,0.9974358974358974,FHN
2024-04-16,390,390,0,1.0,FHN
2024-04-17,390,390,0,1.0,FHN
2024-04-18,390,390,0,1.0,FHN
2024-04-19,390,390,0,1.0,FHN
2024-04-22,390,389,1,0.9974358974358974,FHN
2024-04-23,390,389,1,0.9974358974358974,FHN
2024-04-24,390,386,4,0.9897435897435898,FHN
2024-04-25,390,386,4,0.9897435897435898,FHN
2024-04-26,390,381,9,0.9769230769230769,FHN
2024-04-29,390,390,0,1.0,FHN
2024-04-30,390,390,0,1.0,FHN
2024-05-01,390,390,0,1.0,FHN
2024-05-02,390,390,0,1.0,FHN
2024-05-03,390,390,0,1.0,FHN
2024-05-06,390,389,1,0.9974358974358974,FHN
2024-05-07,390,390,0,1.0,FHN
2024-05-08,390,388,2,0.9948717948717949,FHN
2024-05-09,390,373,17,0.9564102564102565,FHN
2024-05-10,390,388,2,0.9948717948717949,FHN
2024-05-13,390,386,4,0.9897435897435898,FHN
2024-05-14,390,390,0,1.0,FHN
2024-05-15,390,385,5,0.9871794871794872,FHN
2024-05-16,390,383,7,0.982051282051282,FHN
2024-05-17,390,390,0,1.0,FHN
2024-05-20,390,383,7,0.982051282051282,FHN
2024-05-21,390,389,1,0.9974358974358974,FHN
2024-05-22,390,381,9,0.9769230769230769,FHN
2024-05-23,390,386,4,0.9897435897435898,FHN
2024-05-24,390,354,36,0.9076923076923077,FHN
2024-05-28,390,389,1,0.9974358974358974,FHN
2024-05-29,390,384,6,0.9846153846153847,FHN
2024-05-30,390,381,9,0.9769230769230769,FHN
2024-05-31,390,378,12,0.9692307692307692,FHN
2024-06-03,390,390,0,1.0,FHN
2024-06-04,390,384,6,0.9846153846153847,FHN
2024-06-05,390,390,0,1.0,FHN
2024-06-06,390,390,0,1.0,FHN
2024-06-07,390,389,1,0.9974358974358974,FHN
2024-06-10,390,388,2,0.9948717948717949,FHN
2024-06-11,390,389,1,0.9974358974358974,FHN
2024-06-12,390,389,1,0.9974358974358974,FHN
2024-06-13,390,390,0,1.0,FHN
2024-06-14,390,389,1,0.9974358974358974,FHN
2024-06-17,390,390,0,1.0,FHN
2024-06-18,390,389,1,0.9974358974358974,FHN
2024-06-20,390,389,1,0.9974358974358974,FHN
2024-06-21,390,389,1,0.9974358974358974,FHN
2024-06-24,390,389,1,0.9974358974358974,FHN
2024-06-25,390,389,1,0.9974358974358974,FHN
2024-06-26,390,388,2,0.9948717948717949,FHN
2024-06-27,390,390,0,1.0,FHN
2024-06-28,390,390,0,1.0,FHN
2024-07-01,390,390,0,1.0,FHN
2024-07-02,390,390,0,1.0,FHN
2024-07-03,210,210,0,1.0,FHN
2024-07-05,390,390,0,1.0,FHN
2024-07-08,390,389,1,0.9974358974358974,FHN
2024-07-09,390,390,0,1.0,FHN
2024-07-10,390,390,0,1.0,FHN
2024-07-11,390,390,0,1.0,FHN
2024-07-12,390,390,0,1.0,FHN
2024-07-15,390,390,0,1.0,FHN
2024-07-16,390,390,0,1.0,FHN
2024-07-17,390,390,0,1.0,FHN
2024-07-18,390,390,0,1.0,FHN
2024-07-19,390,390,0,1.0,FHN
2024-07-22,390,387,3,0.9923076923076923,FHN
2024-07-23,390,390,0,1.0,FHN
2024-07-24,390,390,0,1.0,FHN
2024-07-25,390,390,0,1.0,FHN
2024-07-26,390,390,0,1.0,FHN
2024-07-29,390,390,0,1.0,FHN
2024-07-30,390,384,6,0.9846153846153847,FHN
2024-07-31,390,387,3,0.9923076923076923,FHN
2024-08-01,390,390,0,1.0,FHN
2024-08-02,390,390,0,1.0,FHN
2024-08-05,390,390,0,1.0,FHN
2024-08-06,390,389,1,0.9974358974358974,FHN
2024-08-07,390,389,1,0.9974358974358974,FHN
2024-08-08,390,386,4,0.9897435897435898,FHN
2024-08-09,390,382,8,0.9794871794871794,FHN
2024-08-12,390,387,3,0.9923076923076923,FHN
2024-08-13,390,383,7,0.982051282051282,FHN
2024-08-14,390,377,13,0.9666666666666667,FHN
2024-08-15,390,384,6,0.9846153846153847,FHN
2024-08-16,390,384,6,0.9846153846153847,FHN
2024-08-19,390,375,15,0.9615384615384616,FHN
2024-08-20,390,382,8,0.9794871794871794,FHN
2024-08-21,390,386,4,0.9897435897435898,FHN
2024-08-22,390,389,1,0.9974358974358974,FHN
2024-08-23,390,382,8,0.9794871794871794,FHN
2024-08-26,390,383,7,0.982051282051282,FHN
2024-08-27,390,379,11,0.9717948717948718,FHN
2024-08-28,390,373,17,0.9564102564102565,FHN
2024-08-29,390,385,5,0.9871794871794872,FHN
2024-08-30,390,375,15,0.9615384615384616,FHN
2024-09-03,390,386,4,0.9897435897435898,FHN
2024-09-04,390,384,6,0.9846153846153847,FHN
2024-09-05,390,389,1,0.9974358974358974,FHN
2024-09-06,390,390,0,1.0,FHN
2024-09-09,390,385,5,0.9871794871794872,FHN
2024-09-10,390,390,0,1.0,FHN
2024-09-11,390,390,0,1.0,FHN
2024-09-12,390,390,0,1.0,FHN
2024-09-13,390,390,0,1.0,FHN
2024-09-16,390,388,2,0.9948717948717949,FHN
2024-09-17,390,390,0,1.0,FHN
2024-09-18,390,387,3,0.9923076923076923,FHN
2024-09-19,390,389,1,0.9974358974358974,FHN
2024-09-20,390,389,1,0.9974358974358974,FHN
2024-09-23,390,389,1,0.9974358974358974,FHN
2024-09-24,390,390,0,1.0,FHN
2024-09-25,390,381,9,0.9769230769230769,FHN
2024-09-26,390,385,5,0.9871794871794872,FHN
2024-09-27,390,389,1,0.9974358974358974,FHN
2024-09-30,390,390,0,1.0,FHN
2024-10-01,390,390,0,1.0,FHN
2024-10-02,390,390,0,1.0,FHN
2024-10-03,390,388,2,0.9948717948717949,FHN
2024-10-04,390,388,2,0.9948717948717949,FHN
2024-10-07,390,390,0,1.0,FHN
2024-10-08,390,383,7,0.982051282051282,FHN
2024-10-09,390,389,1,0.9974358974358974,FHN
2024-10-10,390,385,5,0.9871794871794872,FHN
2024-10-11,390,387,3,0.9923076923076923,FHN
2024-10-14,390,390,0,1.0,FHN
2024-10-15,390,390,0,1.0,FHN
2024-10-16,390,390,0,1.0,FHN
2024-10-17,390,390,0,1.0,FHN
2024-10-18,390,390,0,1.0,FHN
2024-10-21,390,390,0,1.0,FHN
2024-10-22,390,389,1,0.9974358974358974,FHN
2024-10-23,390,388,2,0.9948717948717949,FHN
2024-10-24,390,388,2,0.9948717948717949,FHN
2024-10-25,390,389,1,0.9974358974358974,FHN
2024-10-28,390,383,7,0.982051282051282,FHN
2024-10-29,390,383,7,0.982051282051282,FHN
2024-10-30,390,383,7,0.982051282051282,FHN
2024-10-31,390,386,4,0.9897435897435898,FHN
2024-11-01,390,382,8,0.9794871794871794,FHN
2024-11-04,390,386,4,0.9897435897435898,FHN
2024-11-05,390,377,13,0.9666666666666667,FHN
2024-11-06,390,390,0,1.0,FHN
2024-11-07,390,390,0,1.0,FHN
2024-11-08,390,390,0,1.0,FHN
2024-11-11,390,390,0,1.0,FHN
2024-11-12,390,389,1,0.9974358974358974,FHN
2024-11-13,390,389,1,0.9974358974358974,FHN
2024-11-14,390,388,2,0.9948717948717949,FHN
2024-11-15,390,390,0,1.0,FHN
2024-11-18,390,388,2,0.9948717948717949,FHN
2024-11-19,390,387,3,0.9923076923076923,FHN
2024-11-20,390,387,3,0.9923076923076923,FHN
2024-11-21,390,381,9,0.9769230769230769,FHN
2024-11-22,390,390,0,1.0,FHN
2024-11-25,390,390,0,1.0,FHN
2024-11-26,390,386,4,0.9897435897435898,FHN
2024-11-27,390,389,1,0.9974358974358974,FHN
2024-11-29,210,209,1,0.9952380952380953,FHN
2024-12-02,390,389,1,0.9974358974358974,FHN
2024-12-03,390,385,5,0.9871794871794872,FHN
2024-12-04,390,389,1,0.9974358974358974,FHN
2024-12-05,390,384,6,0.9846153846153847,FHN
2024-12-06,390,390,0,1.0,FHN
2024-12-09,390,390,0,1.0,FHN
2024-12-10,390,390,0,1.0,FHN
2024-12-11,390,390,0,1.0,FHN
2024-12-12,390,388,2,0.9948717948717949,FHN
2024-12-13,390,389,1,0.9974358974358974,FHN
2024-12-16,390,387,3,0.9923076923076923,FHN
2024-12-17,390,387,3,0.9923076923076923,FHN
2024-12-18,390,383,7,0.982051282051282,FHN
2024-12-19,390,390,0,1.0,FHN
2024-12-20,390,390,0,1.0,FHN
2024-12-23,390,390,0,1.0,FHN
2024-12-24,210,209,1,0.9952380952380953,FHN
2024-12-26,390,388,2,0.9948717948717949,FHN
2024-12-27,390,390,0,1.0,FHN
2024-12-30,390,389,1,0.9974358974358974,FHN
2024-12-31,390,388,2,0.9948717948717949,FHN
2025-01-02,390,388,2,0.9948717948717949,FHN
2025-01-03,390,388,2,0.9948717948717949,FHN
2025-01-06,390,390,0,1.0,FHN
2025-01-07,390,389,1,0.9974358974358974,FHN
2025-01-08,390,387,3,0.9923076923076923,FHN
2025-01-10,390,388,2,0.9948717948717949,FHN
2025-01-13,390,390,0,1.0,FHN
2025-01-14,390,389,1,0.9974358974358974,FHN
2025-01-15,390,389,1,0.9974358974358974,FHN
2025-01-16,390,390,0,1.0,FHN
2025-01-17,390,389,1,0.9974358974358974,FHN
2025-01-21,390,390,0,1.0,FHN
2025-01-22,390,389,1,0.9974358974358974,FHN
2025-01-23,390,386,4,0.9897435897435898,FHN
2025-01-24,390,390,0,1.0,FHN
2025-01-27,390,388,2,0.9948717948717949,FHN
2025-01-28,390,390,0,1.0,FHN
2025-01-29,390,390,0,1.0,FHN
2025-01-30,390,390,0,1.0,FHN
2025-01-31,390,390,0,1.0,FHN
2025-02-03,390,388,2,0.9948717948717949,FHN
2025-02-04,390,387,3,0.9923076923076923,FHN
2025-02-05,390,383,7,0.982051282051282,FHN
2025-02-06,390,384,6,0.9846153846153847,FHN
2025-02-07,390,388,2,0.9948717948717949,FHN
2025-02-10,390,386,4,0.9897435897435898,FHN
2025-02-11,390,389,1,0.9974358974358974,FHN
2025-02-12,390,389,1,0.9974358974358974,FHN
2025-02-13,390,384,6,0.9846153846153847,FHN
2025-02-14,390,384,6,0.9846153846153847,FHN
2025-02-18,390,389,1,0.9974358974358974,FHN
2025-02-19,390,383,7,0.982051282051282,FHN
2025-02-20,390,390,0,1.0,FHN
2025-02-21,390,390,0,1.0,FHN
2025-02-24,390,390,0,1.0,FHN
2025-02-25,390,390,0,1.0,FHN
2025-02-26,390,388,2,0.9948717948717949,FHN
2025-02-27,390,390,0,1.0,FHN
2025-02-28,390,389,1,0.9974358974358974,FHN
2025-03-03,390,389,1,0.9974358974358974,FHN
2025-03-04,390,390,0,1.0,FHN
2025-03-05,390,390,0,1.0,FHN
2025-03-06,390,390,0,1.0,FHN
2025-03-07,390,390,0,1.0,FHN
2025-03-10,390,390,0,1.0,FHN
2025-03-11,390,390,0,1.0,FHN
2025-03-12,390,390,0,1.0,FHN
2025-03-13,390,390,0,1.0,FHN
2025-03-14,390,390,0,1.0,FHN
2025-03-17,390,389,1,0.9974358974358974,FHN
2025-03-18,390,389,1,0.9974358974358974,FHN
2025-03-19,390,389,1,0.9974358974358974,FHN
2025-03-20,390,390,0,1.0,FHN
2025-03-21,390,384,6,0.9846153846153847,FHN
2025-03-24,390,388,2,0.9948717948717949,FHN
2025-03-25,390,386,4,0.9897435897435898,FHN
2025-03-26,390,381,9,0.9769230769230769,FHN
2025-03-27,390,387,3,0.9923076923076923,FHN
2025-03-28,390,389,1,0.9974358974358974,FHN
2025-03-31,390,390,0,1.0,FHN
2025-04-01,390,388,2,0.9948717948717949,FHN
2025-04-02,390,390,0,1.0,FHN
2025-04-03,390,385,5,0.9871794871794872,FHN
2025-04-04,390,390,0,1.0,FHN
2025-04-07,390,390,0,1.0,FHN
2025-04-08,390,390,0,1.0,FHN
2025-04-09,390,390,0,1.0,FHN
2025-04-10,390,390,0,1.0,FHN
2025-04-11,390,390,0,1.0,FHN
2025-04-14,390,390,0,1.0,FHN
2025-04-15,390,390,0,1.0,FHN
2025-04-16,390,390,0,1.0,FHN
2025-04-17,390,390,0,1.0,FHN
2025-04-21,390,389,1,0.9974358974358974,FHN
2025-04-22,390,390,0,1.0,FHN
2025-04-23,390,390,0,1.0,FHN
2025-04-24,390,390,0,1.0,FHN
2025-04-25,390,389,1,0.9974358974358974,FHN
2025-04-28,390,388,2,0.9948717948717949,FHN
2025-04-29,390,383,7,0.982051282051282,FHN
2025-04-30,390,388,2,0.9948717948717949,FHN
2025-05-01,390,384,6,0.9846153846153847,FHN
2025-05-02,390,390,0,1.0,FHN
2025-05-05,390,384,6,0.9846153846153847,FHN
2025-05-06,390,378,12,0.9692307692307692,FHN
2025-05-07,390,381,9,0.9769230769230769,FHN
2025-05-08,390,389,1,0.9974358974358974,FHN
2025-05-09,390,377,13,0.9666666666666667,FHN
2025-05-12,390,388,2,0.9948717948717949,FHN
2025-05-13,390,390,0,1.0,FHN
2025-05-14,390,390,0,1.0,FHN
2025-05-15,390,387,3,0.9923076923076923,FHN
2025-05-16,390,382,8,0.9794871794871794,FHN
2025-05-19,390,387,3,0.9923076923076923,FHN
2025-05-20,390,381,9,0.9769230769230769,FHN
2025-05-21,390,390,0,1.0,FHN
2025-05-22,390,386,4,0.9897435897435898,FHN
2025-05-23,390,389,1,0.9974358974358974,FHN
2025-05-27,390,388,2,0.9948717948717949,FHN
2025-05-28,390,379,11,0.9717948717948718,FHN
2025-05-29,390,389,1,0.9974358974358974,FHN
2025-05-30,390,388,2,0.9948717948717949,FHN
2025-06-02,390,383,7,0.982051282051282,FHN
2025-06-03,390,382,8,0.9794871794871794,FHN
2025-06-04,390,380,10,0.9743589743589743,FHN
2025-06-05,390,385,5,0.9871794871794872,FHN
2025-06-06,390,380,10,0.9743589743589743,FHN
2025-06-09,390,385,5,0.9871794871794872,FHN
2025-06-10,390,381,9,0.9769230769230769,FHN
2025-06-11,390,388,2,0.9948717948717949,FHN
2025-06-12,390,388,2,0.9948717948717949,FHN
2025-06-13,390,388,2,0.9948717948717949,FHN
2025-06-16,390,390,0,1.0,FHN
2025-06-17,390,385,5,0.9871794871794872,FHN
2025-06-18,390,389,1,0.9974358974358974,FHN
2025-06-20,390,388,2,0.9948717948717949,FHN
2025-06-23,390,389,1,0.9974358974358974,FHN
2025-06-24,390,386,4,0.9897435897435898,FHN
2025-06-25,390,388,2,0.9948717948717949,FHN
2025-06-26,390,387,3,0.9923076923076923,FHN
2025-06-27,390,388,2,0.9948717948717949,FHN
2025-06-30,390,389,1,0.9974358974358974,FHN
2025-07-01,390,390,0,1.0,FHN
2025-07-02,390,390,0,1.0,FHN
2025-07-03,210,210,0,1.0,FHN
2025-07-07,390,390,0,1.0,FHN
2025-07-08,390,389,1,0.9974358974358974,FHN
2025-07-09,390,383,7,0.982051282051282,FHN
2025-07-10,390,388,2,0.9948717948717949,FHN
2025-07-11,390,381,9,0.9769230769230769,FHN
2025-07-14,390,390,0,1.0,FHN
2025-07-15,390,388,2,0.9948717948717949,FHN
2025-07-16,390,390,0,1.0,FHN
2025-07-17,390,390,0,1.0,FHN
2025-07-18,390,389,1,0.9974358974358974,FHN
2025-07-21,390,390,0,1.0,FHN
2025-07-22,390,390,0,1.0,FHN
2025-07-23,390,390,0,1.0,FHN
2025-07-24,390,388,2,0.9948717948717949,FHN
2025-07-25,390,390,0,1.0,FHN
2025-07-28,390,390,0,1.0,FHN
2025-07-29,390,389,1,0.9974358974358974,FHN
2025-07-30,390,390,0,1.0,FHN
2025-07-31,390,388,2,0.9948717948717949,FHN
2025-08-01,390,390,0,1.0,FHN
2025-08-04,390,388,2,0.9948717948717949,FHN
2025-08-05,390,390,0,1.0,FHN
2025-08-06,390,384,6,0.9846153846153847,FHN
2025-08-07,390,388,2,0.9948717948717949,FHN
2025-08-08,390,388,2,0.9948717948717949,FHN
2025-08-11,390,390,0,1.0,FHN
2025-08-12,390,389,1,0.9974358974358974,FHN
2025-08-13,390,390,0,1.0,FHN
2025-08-14,390,382,8,0.9794871794871794,FHN
2025-08-15,390,389,1,0.9974358974358974,FHN
2025-08-18,390,388,2,0.9948717948717949,FHN
2025-08-19,390,389,1,0.9974358974358974,FHN
2025-08-20,390,387,3,0.9923076923076923,FHN
2025-08-21,390,390,0,1.0,FHN
2025-08-22,390,389,1,0.9974358974358974,FHN
2025-08-25,390,389,1,0.9974358974358974,FHN
2025-08-26,390,389,1,0.9974358974358974,FHN
2025-08-27,390,389,1,0.9974358974358974,FHN
2025-08-28,390,389,1,0.9974358974358974,FHN
2025-08-29,390,387,3,0.9923076923076923,FHN
2025-09-02,390,390,0,1.0,FHN
2025-09-03,390,389,1,0.9974358974358974,FHN
2025-09-04,390,390,0,1.0,FHN
2025-09-05,390,389,1,0.9974358974358974,FHN
2025-09-08,390,389,1,0.9974358974358974,FHN
2025-09-09,390,390,0,1.0,FHN
2025-09-10,390,390,0,1.0,FHN
2025-09-11,390,390,0,1.0,FHN
2025-09-12,390,389,1,0.9974358974358974,FHN
2025-09-15,390,390,0,1.0,FHN
2025-09-16,390,390,0,1.0,FHN
2025-09-17,390,390,0,1.0,FHN
2025-09-18,390,390,0,1.0,FHN
2025-09-19,390,390,0,1.0,FHN
2025-09-22,390,390,0,1.0,FHN
2025-09-23,390,390,0,1.0,FHN
2025-09-24,390,390,0,1.0,FHN
2025-09-25,390,390,0,1.0,FHN
2025-09-26,390,389,1,0.9974358974358974,FHN
2025-09-29,390,388,2,0.9948717948717949,FHN
2025-09-30,390,390,0,1.0,FHN
2025-10-01,390,389,1,0.9974358974358974,FHN
2025-10-02,390,390,0,1.0,FHN
2025-10-03,390,390,0,1.0,FHN
2025-10-06,390,390,0,1.0,FHN
2025-10-07,390,390,0,1.0,FHN
2025-10-08,390,389,1,0.9974358974358974,FHN
2025-10-09,390,390,0,1.0,FHN
2025-10-10,390,390,0,1.0,FHN
2025-10-13,390,390,0,1.0,FHN
2025-10-14,390,390,0,1.0,FHN
2025-10-15,390,390,0,1.0,FHN
2025-10-16,390,390,0,1.0,FHN
2025-10-17,390,390,0,1.0,FHN
2025-10-20,390,390,0,1.0,FHN
2025-10-21,390,390,0,1.0,FHN
2025-10-22,390,390,0,1.0,FHN
2025-10-23,390,390,0,1.0,FHN
2025-10-24,390,390,0,1.0,FHN
2025-10-27,390,389,1,0.9974358974358974,FHN
2025-10-28,390,390,0,1.0,FHN
2025-10-29,390,390,0,1.0,FHN
2025-10-30,390,388,2,0.9948717948717949,FHN
2025-10-31,390,390,0,1.0,FHN
2025-11-03,390,389,1,0.9974358974358974,FHN
2025-11-04,390,390,0,1.0,FHN
2025-11-05,390,389,1,0.9974358974358974,FHN
2025-11-06,390,390,0,1.0,FHN
2025-11-07,390,390,0,1.0,FHN
2025-11-10,390,390,0,1.0,FHN
2025-11-11,390,390,0,1.0,FHN
2025-11-12,390,388,2,0.9948717948717949,FHN
2025-11-13,390,390,0,1.0,FHN
2025-11-14,390,390,0,1.0,FHN
2025-11-17,390,390,0,1.0,FHN
2025-11-18,390,390,0,1.0,FHN
2025-11-19,390,389,1,0.9974358974358974,FHN
2025-11-20,390,390,0,1.0,FHN
2025-11-21,390,390,0,1.0,FHN
2025-11-24,390,390,0,1.0,FHN
2025-11-25,390,390,0,1.0,FHN
2025-11-26,390,384,6,0.9846153846153847,FHN
2025-11-28,210,209,1,0.9952380952380953,FHN
2025-12-01,390,385,5,0.9871794871794872,FHN
2025-12-02,390,387,3,0.9923076923076923,FHN
2025-12-03,390,386,4,0.9897435897435898,FHN
2025-12-04,390,386,4,0.9897435897435898,FHN
2025-12-05,390,389,1,0.9974358974358974,FHN
2025-12-08,390,389,1,0.9974358974358974,FHN
2025-12-09,390,387,3,0.9923076923076923,FHN
2025-12-10,390,390,0,1.0,FHN
2025-12-11,390,389,1,0.9974358974358974,FHN
2025-12-12,390,390,0,1.0,FHN
2025-12-15,390,388,2,0.9948717948717949,FHN
2025-12-16,390,390,0,1.0,FHN
2025-12-17,390,390,0,1.0,FHN
2025-12-18,390,390,0,1.0,FHN
2025-12-19,390,390,0,1.0,FHN
2025-12-22,390,387,3,0.9923076923076923,FHN
2025-12-23,390,387,3,0.9923076923076923,FHN
2025-12-24,210,207,3,0.9857142857142858,FHN
2025-12-26,390,372,18,0.9538461538461539,FHN
2025-12-29,390,386,4,0.9897435897435898,FHN
2025-12-30,390,390,0,1.0,FHN
2025-12-31,390,383,7,0.982051282051282,FHN
2026-01-02,390,390,0,1.0,FHN
2026-01-05,390,390,0,1.0,FHN
2026-01-06,390,388,2,0.9948717948717949,FHN
2026-01-07,390,388,2,0.9948717948717949,FHN
2026-01-08,390,389,1,0.9974358974358974,FHN
2026-01-09,390,390,0,1.0,FHN
2026-01-12,390,389,1,0.9974358974358974,FHN
2026-01-13,390,390,0,1.0,FHN
2026-01-14,390,390,0,1.0,FHN
2026-01-15,390,390,0,1.0,FHN
2026-01-16,390,390,0,1.0,FHN
2026-01-20,390,390,0,1.0,FHN
2026-01-21,390,390,0,1.0,FHN
2026-01-22,390,390,0,1.0,FHN
2026-01-23,390,390,0,1.0,FHN
2026-01-26,390,390,0,1.0,FHN
2026-01-27,390,387,3,0.9923076923076923,FHN
2026-01-28,390,390,0,1.0,FHN
2026-01-29,390,390,0,1.0,FHN
2026-01-30,390,390,0,1.0,FHN
2026-02-02,390,389,1,0.9974358974358974,FHN
2026-02-03,390,390,0,1.0,FHN
2026-02-04,390,390,0,1.0,FHN
2026-02-05,390,390,0,1.0,FHN
2026-02-06,390,390,0,1.0,FHN
2026-02-09,390,387,3,0.9923076923076923,FHN
2026-02-10,390,390,0,1.0,FHN
2026-02-11,390,389,1,0.9974358974358974,FHN
2026-02-12,390,390,0,1.0,FHN
2026-02-13,390,390,0,1.0,FHN
2026-02-17,390,390,0,1.0,FHN
2026-02-18,390,388,2,0.9948717948717949,FHN
2026-02-19,390,390,0,1.0,FHN
2026-02-20,390,389,1,0.9974358974358974,FHN
2026-02-23,390,390,0,1.0,FHN
2026-02-24,390,388,2,0.9948717948717949,FHN
2026-02-25,390,389,1,0.9974358974358974,FHN
2026-02-26,390,390,0,1.0,FHN
2026-02-27,390,390,0,1.0,FHN
2026-03-02,390,390,0,1.0,FHN
2026-03-03,390,390,0,1.0,FHN
2026-03-04,390,390,0,1.0,FHN
2026-03-05,390,390,0,1.0,FHN
2026-03-06,390,390,0,1.0,FHN
2026-03-09,390,390,0,1.0,FHN
2026-03-10,390,390,0,1.0,FHN
2026-03-11,390,390,0,1.0,FHN
2026-03-12,390,390,0,1.0,FHN
2026-03-13,390,390,0,1.0,FHN
2026-03-16,390,390,0,1.0,FHN
2026-03-17,390,390,0,1.0,FHN
2026-03-18,390,390,0,1.0,FHN
2026-03-19,390,389,1,0.9974358974358974,FHN
2026-03-20,390,390,0,1.0,FHN
2026-03-23,390,390,0,1.0,FHN
2026-03-24,390,390,0,1.0,FHN
2026-03-25,390,389,1,0.9974358974358974,FHN
2026-03-26,390,390,0,1.0,FHN
2026-03-27,390,390,0,1.0,FHN
2026-03-30,390,390,0,1.0,FHN
2026-03-31,390,390,0,1.0,FHN
2026-04-01,390,388,2,0.9948717948717949,FHN
2026-04-02,390,389,1,0.9974358974358974,FHN
2026-04-06,390,389,1,0.9974358974358974,FHN
2026-04-07,390,389,1,0.9974358974358974,FHN
2026-04-08,390,387,3,0.9923076923076923,FHN
2026-04-09,390,389,1,0.9974358974358974,FHN
2026-04-10,390,388,2,0.9948717948717949,FHN
2026-04-13,390,389,1,0.9974358974358974,FHN
2026-04-14,390,390,0,1.0,FHN
2026-04-15,390,390,0,1.0,FHN
2026-04-16,390,390,0,1.0,FHN
2026-04-17,390,390,0,1.0,FHN
2026-04-20,390,388,2,0.9948717948717949,FHN
2026-04-21,390,388,2,0.9948717948717949,FHN
2026-04-22,390,390,0,1.0,FHN
2026-04-23,390,389,1,0.9974358974358974,FHN
2026-04-24,390,389,1,0.9974358974358974,FHN
2026-04-27,390,389,1,0.9974358974358974,FHN
2026-04-28,390,378,12,0.9692307692307692,FHN
2026-04-29,390,385,5,0.9871794871794872,FHN
2026-04-30,390,383,7,0.982051282051282,FHN
2026-05-01,390,383,7,0.982051282051282,FHN
2026-05-04,390,386,4,0.9897435897435898,FHN
2026-05-05,390,379,11,0.9717948717948718,FHN
2026-05-06,390,390,0,1.0,FHN
2026-05-07,390,386,4,0.9897435897435898,FHN
2026-05-08,390,387,3,0.9923076923076923,FHN
2026-05-11,390,390,0,1.0,FHN
2026-05-12,390,390,0,1.0,FHN
2026-05-13,390,387,3,0.9923076923076923,FHN
2026-05-14,390,375,15,0.9615384615384616,FHN
2026-05-15,390,385,5,0.9871794871794872,FHN
2026-05-18,390,382,8,0.9794871794871794,FHN
2026-05-19,390,389,1,0.9974358974358974,FHN
2026-05-20,390,390,0,1.0,FHN
2026-05-21,390,387,3,0.9923076923076923,FHN
2026-05-22,390,390,0,1.0,FHN
2026-05-26,390,374,16,0.958974358974359,FHN
2026-05-27,390,388,2,0.9948717948717949,FHN
2026-05-28,390,389,1,0.9974358974358974,FHN
2026-05-29,390,387,3,0.9923076923076923,FHN
2026-06-01,390,388,2,0.9948717948717949,FHN
2026-06-02,390,387,3,0.9923076923076923,FHN
2026-06-03,390,390,0,1.0,FHN
2026-06-04,390,389,1,0.9974358974358974,FHN
2026-06-05,390,383,7,0.982051282051282,FHN
2026-06-08,390,390,0,1.0,FHN
2026-06-09,390,390,0,1.0,FHN
2026-06-10,390,389,1,0.9974358974358974,FHN
2026-06-11,390,389,1,0.9974358974358974,FHN
2026-06-12,390,390,0,1.0,FHN
2026-06-15,390,387,3,0.9923076923076923,FHN
2026-06-16,390,388,2,0.9948717948717949,FHN
2026-06-17,390,390,0,1.0,FHN
2026-06-18,390,385,5,0.9871794871794872,FHN
2026-06-22,390,389,1,0.9974358974358974,FHN
2026-06-23,390,390,0,1.0,FHN
2026-06-24,390,389,1,0.9974358974358974,FHN
2026-06-25,390,389,1,0.9974358974358974,FHN
2026-06-26,390,390,0,1.0,FHN
2026-06-29,390,384,6,0.9846153846153847,FHN
2026-06-30,390,379,11,0.9717948717948718,FHN
2026-07-01,390,390,0,1.0,FHN
2026-07-02,390,388,2,0.9948717948717949,FHN
2026-07-06,390,386,4,0.9897435897435898,FHN
2026-07-07,390,381,9,0.9769230769230769,FHN
2026-07-08,390,390,0,1.0,FHN
2026-07-09,390,385,5,0.9871794871794872,FHN
2026-07-10,390,390,0,1.0,FHN
2026-07-13,390,389,1,0.9974358974358974,FHN
2026-07-14,390,390,0,1.0,FHN
2026-07-15,390,390,0,1.0,FHN
2026-07-16,390,390,0,1.0,FHN
2026-07-17,390,390,0,1.0,FHN
2026-07-20,390,390,0,1.0,FHN
2026-07-21,390,389,1,0.9974358974358974,FHN
2026-07-22,390,384,6,0.9846153846153847,FHN
2026-07-23,390,387,3,0.9923076923076923,FHN
2026-07-24,390,390,0,1.0,FHN
2026-07-27,390,388,2,0.9948717948717949,FHN
2026-07-28,390,390,0,1.0,FHN
2026-07-29,390,389,1,0.9974358974358974,FHN
2026-07-30,390,386,4,0.9897435897435898,FHN
2026-07-31,390,388,2,0.9948717948717949,FHN
2026-08-03,390,385,5,0.9871794871794872,FHN
2026-08-04,390,390,0,1.0,FHN
2026-08-05,390,390,0,1.0,FHN
2026-08-06,390,385,5,0.9871794871794872,FHN
2026-08-07,390,389,1,0.9974358974358974,FHN
2026-08-10,390,389,1,0.9974358974358974,FHN
2026-08-11,390,390,0,1.0,FHN
2026-08-12,390,388,2,0.9948717948717949,FHN
2026-08-13,390,390,0,1.0,FHN
2026-08-14,390,383,7,0.982051282051282,FHN
2026-08-17,390,389,1,0.9974358974358974,FHN
2026-08-18,390,380,10,0.9743589743589743,FHN
2026-08-19,390,390,0,1.0,FHN
2026-08-20,390,388,2,0.9948717948717949,FHN
2026-08-21,390,386,4,0.9897435897435898,FHN
2026-08-24,390,389,1,0.9974358974358974,FHN
2026-08-25,390,384,6,0.9846153846153847,FHN
2026-08-26,390,387,3,0.9923076923076923,FHN
2026-08-27,390,381,9,0.9769230769230769,FHN
2026-08-28,390,390,0,1.0,FHN
2026-08-31,390,380,10,0.9743589743589743,FHN
2026-09-01,390,390,0,1.0,FHN
2026-09-02,390,387,3,0.9923076923076923,FHN
2026-09-03,390,372,18,0.9538461538461539,FHN
2026-09-04,390,383,7,0.982051282051282,FHN
2026-09-08,390,384,6,0.9846153846153847,FHN
2026-09-09,390,388,2,0.9948717948717949,FHN
2023-01-03,390,390,0,1.0,CFG
2023-01-04,390,390,0,1.0,CFG
2023-01-05,390,390,0,1.0,CFG
2023-01-06,390,390,0,1.0,CFG
2023-01-09,390,390,0,1.0,CFG
2023-01-10,390,390,0,1.0,CFG
2023-01-11,390,389,1,0.9974358974358974,CFG
2023-01-12,390,390,0,1.0,CFG
2023-01-13,390,390,0,1.0,CFG
2023-01-17,390,390,0,1.0,CFG
2023-01-18,390,390,0,1.0,CFG
2023-01-19,390,390,0,1.0,CFG
2023-01-20,390,390,0,1.0,CFG
2023-01-23,390,390,0,1.0,CFG
2023-01-24,390,390,0,1.0,CFG
2023-01-25,390,390,0,1.0,CFG
2023-01-26,390,390,0,1.0,CFG
2023-01-27,390,390,0,1.0,CFG
2023-01-30,390,390,0,1.0,CFG
2023-01-31,390,390,0,1.0,CFG
2023-02-01,390,390,0,1.0,CFG
2023-02-02,390,390,0,1.0,CFG
2023-02-03,390,390,0,1.0,CFG
2023-02-06,390,389,1,0.9974358974358974,CFG
2023-02-07,390,390,0,1.0,CFG
2023-02-08,390,390,0,1.0,CFG
2023-02-09,390,390,0,1.0,CFG
2023-02-10,390,389,1,0.9974358974358974,CFG
2023-02-13,390,388,2,0.9948717948717949,CFG
2023-02-14,390,390,0,1.0,CFG
2023-02-15,390,387,3,0.9923076923076923,CFG
2023-02-16,390,388,2,0.9948717948717949,CFG
2023-02-17,390,389,1,0.9974358974358974,CFG
2023-02-21,390,390,0,1.0,CFG
2023-02-22,390,388,2,0.9948717948717949,CFG
2023-02-23,390,390,0,1.0,CFG
2023-02-24,390,390,0,1.0,CFG
2023-02-27,390,390,0,1.0,CFG
2023-02-28,390,390,0,1.0,CFG
2023-03-01,390,390,0,1.0,CFG
2023-03-02,390,390,0,1.0,CFG
2023-03-03,390,390,0,1.0,CFG
2023-03-06,390,390,0,1.0,CFG
2023-03-07,390,390,0,1.0,CFG
2023-03-08,390,390,0,1.0,CFG
2023-03-09,390,390,0,1.0,CFG
2023-03-10,390,390,0,1.0,CFG
2023-03-13,390,390,0,1.0,CFG
2023-03-14,390,390,0,1.0,CFG
2023-03-15,390,390,0,1.0,CFG
2023-03-16,390,390,0,1.0,CFG
2023-03-17,390,390,0,1.0,CFG
2023-03-20,390,390,0,1.0,CFG
2023-03-21,390,390,0,1.0,CFG
2023-03-22,390,390,0,1.0,CFG
2023-03-23,390,390,0,1.0,CFG
2023-03-24,390,390,0,1.0,CFG
2023-03-27,390,390,0,1.0,CFG
2023-03-28,390,390,0,1.0,CFG
2023-03-29,390,390,0,1.0,CFG
2023-03-30,390,390,0,1.0,CFG
2023-03-31,390,390,0,1.0,CFG
2023-04-03,390,390,0,1.0,CFG
2023-04-04,390,390,0,1.0,CFG
2023-04-05,390,390,0,1.0,CFG
2023-04-06,390,390,0,1.0,CFG
2023-04-10,390,390,0,1.0,CFG
2023-04-11,390,390,0,1.0,CFG
2023-04-12,390,390,0,1.0,CFG
2023-04-13,390,390,0,1.0,CFG
2023-04-14,390,390,0,1.0,CFG
2023-04-17,390,390,0,1.0,CFG
2023-04-18,390,390,0,1.0,CFG
2023-04-19,390,390,0,1.0,CFG
2023-04-20,390,390,0,1.0,CFG
2023-04-21,390,390,0,1.0,CFG
2023-04-24,390,390,0,1.0,CFG
2023-04-25,390,390,0,1.0,CFG
2023-04-26,390,390,0,1.0,CFG
2023-04-27,390,390,0,1.0,CFG
2023-04-28,390,390,0,1.0,CFG
2023-05-01,390,390,0,1.0,CFG
2023-05-02,390,390,0,1.0,CFG
2023-05-03,390,390,0,1.0,CFG
2023-05-04,390,390,0,1.0,CFG
2023-05-05,390,390,0,1.0,CFG
2023-05-08,390,390,0,1.0,CFG
2023-05-09,390,390,0,1.0,CFG
2023-05-10,390,390,0,1.0,CFG
2023-05-11,390,390,0,1.0,CFG
2023-05-12,390,390,0,1.0,CFG
2023-05-15,390,390,0,1.0,CFG
2023-05-16,390,390,0,1.0,CFG
2023-05-17,390,390,0,1.0,CFG
2023-05-18,390,390,0,1.0,CFG
2023-05-19,390,390,0,1.0,CFG
2023-05-22,390,390,0,1.0,CFG
2023-05-23,390,390,0,1.0,CFG
2023-05-24,390,390,0,1.0,CFG
2023-05-25,390,390,0,1.0,CFG
2023-05-26,390,390,0,1.0,CFG
2023-05-30,390,390,0,1.0,CFG
2023-05-31,390,390,0,1.0,CFG
2023-06-01,390,390,0,1.0,CFG
2023-06-02,390,390,0,1.0,CFG
2023-06-05,390,386,4,0.9897435897435898,CFG
2023-06-06,390,390,0,1.0,CFG
2023-06-07,390,390,0,1.0,CFG
2023-06-08,390,390,0,1.0,CFG
2023-06-09,390,390,0,1.0,CFG
2023-06-12,390,390,0,1.0,CFG
2023-06-13,390,390,0,1.0,CFG
2023-06-14,390,390,0,1.0,CFG
2023-06-15,390,390,0,1.0,CFG
2023-06-16,390,390,0,1.0,CFG
2023-06-20,390,390,0,1.0,CFG
2023-06-21,390,390,0,1.0,CFG
2023-06-22,390,390,0,1.0,CFG
2023-06-23,390,390,0,1.0,CFG
2023-06-26,390,390,0,1.0,CFG
2023-06-27,390,390,0,1.0,CFG
2023-06-28,390,390,0,1.0,CFG
2023-06-29,390,390,0,1.0,CFG
2023-06-30,390,389,1,0.9974358974358974,CFG
2023-07-03,210,210,0,1.0,CFG
2023-07-05,390,389,1,0.9974358974358974,CFG
2023-07-06,390,390,0,1.0,CFG
2023-07-07,390,390,0,1.0,CFG
2023-07-10,390,390,0,1.0,CFG
2023-07-11,390,390,0,1.0,CFG
2023-07-12,390,390,0,1.0,CFG
2023-07-13,390,389,1,0.9974358974358974,CFG
2023-07-14,390,390,0,1.0,CFG
2023-07-17,390,390,0,1.0,CFG
2023-07-18,390,390,0,1.0,CFG
2023-07-19,390,390,0,1.0,CFG
2023-07-20,390,390,0,1.0,CFG
2023-07-21,390,390,0,1.0,CFG
2023-07-24,390,390,0,1.0,CFG
2023-07-25,390,390,0,1.0,CFG
2023-07-26,390,390,0,1.0,CFG
2023-07-27,390,390,0,1.0,CFG
2023-07-28,390,390,0,1.0,CFG
2023-07-31,390,390,0,1.0,CFG
2023-08-01,390,390,0,1.0,CFG
2023-08-02,390,390,0,1.0,CFG
2023-08-03,390,390,0,1.0,CFG
2023-08-04,390,389,1,0.9974358974358974,CFG
2023-08-07,390,390,0,1.0,CFG
2023-08-08,390,389,1,0.9974358974358974,CFG
2023-08-09,390,390,0,1.0,CFG
2023-08-10,390,390,0,1.0,CFG
2023-08-11,390,390,0,1.0,CFG
2023-08-14,390,390,0,1.0,CFG
2023-08-15,390,390,0,1.0,CFG
2023-08-16,390,390,0,1.0,CFG
2023-08-17,390,390,0,1.0,CFG
2023-08-18,390,390,0,1.0,CFG
2023-08-21,390,390,0,1.0,CFG
2023-08-22,390,390,0,1.0,CFG
2023-08-23,390,390,0,1.0,CFG
2023-08-24,390,390,0,1.0,CFG
2023-08-25,390,390,0,1.0,CFG
2023-08-28,390,389,1,0.9974358974358974,CFG
2023-08-29,390,390,0,1.0,CFG
2023-08-30,390,390,0,1.0,CFG
2023-08-31,390,387,3,0.9923076923076923,CFG
2023-09-01,390,390,0,1.0,CFG
2023-09-05,390,389,1,0.9974358974358974,CFG
2023-09-06,390,390,0,1.0,CFG
2023-09-07,390,390,0,1.0,CFG
2023-09-08,390,390,0,1.0,CFG
2023-09-11,390,390,0,1.0,CFG
2023-09-12,390,390,0,1.0,CFG
2023-09-13,390,390,0,1.0,CFG
2023-09-14,390,390,0,1.0,CFG
2023-09-15,390,389,1,0.9974358974358974,CFG
2023-09-18,390,390,0,1.0,CFG
2023-09-19,390,390,0,1.0,CFG
2023-09-20,390,389,1,0.9974358974358974,CFG
2023-09-21,390,390,0,1.0,CFG
2023-09-22,390,389,1,0.9974358974358974,CFG
2023-09-25,390,390,0,1.0,CFG
2023-09-26,390,390,0,1.0,CFG
2023-09-27,390,389,1,0.9974358974358974,CFG
2023-09-28,390,390,0,1.0,CFG
2023-09-29,390,390,0,1.0,CFG
2023-10-02,390,390,0,1.0,CFG
2023-10-03,390,390,0,1.0,CFG
2023-10-04,390,390,0,1.0,CFG
2023-10-05,390,390,0,1.0,CFG
2023-10-06,390,390,0,1.0,CFG
2023-10-09,390,390,0,1.0,CFG
2023-10-10,390,390,0,1.0,CFG
2023-10-11,390,389,1,0.9974358974358974,CFG
2023-10-12,390,390,0,1.0,CFG
2023-10-13,390,390,0,1.0,CFG
2023-10-16,390,390,0,1.0,CFG
2023-10-17,390,390,0,1.0,CFG
2023-10-18,390,390,0,1.0,CFG
2023-10-19,390,390,0,1.0,CFG
2023-10-20,390,390,0,1.0,CFG
2023-10-23,390,390,0,1.0,CFG
2023-10-24,390,390,0,1.0,CFG
2023-10-25,390,390,0,1.0,CFG
2023-10-26,390,390,0,1.0,CFG
2023-10-27,390,390,0,1.0,CFG
2023-10-30,390,390,0,1.0,CFG
2023-10-31,390,390,0,1.0,CFG
2023-11-01,390,389,1,0.9974358974358974,CFG
2023-11-02,390,390,0,1.0,CFG
2023-11-03,390,390,0,1.0,CFG
2023-11-06,390,390,0,1.0,CFG
2023-11-07,390,390,0,1.0,CFG
2023-11-08,390,389,1,0.9974358974358974,CFG
2023-11-09,390,390,0,1.0,CFG
2023-11-10,390,388,2,0.9948717948717949,CFG
2023-11-13,390,390,0,1.0,CFG
2023-11-14,390,390,0,1.0,CFG
2023-11-15,390,390,0,1.0,CFG
2023-11-16,390,390,0,1.0,CFG
2023-11-17,390,390,0,1.0,CFG
2023-11-20,390,389,1,0.9974358974358974,CFG
2023-11-21,390,390,0,1.0,CFG
2023-11-22,390,389,1,0.9974358974358974,CFG
2023-11-24,210,210,0,1.0,CFG
2023-11-27,390,390,0,1.0,CFG
2023-11-28,390,390,0,1.0,CFG
2023-11-29,390,390,0,1.0,CFG
2023-11-30,390,389,1,0.9974358974358974,CFG
2023-12-01,390,390,0,1.0,CFG
2023-12-04,390,390,0,1.0,CFG
2023-12-05,390,390,0,1.0,CFG
2023-12-06,390,390,0,1.0,CFG
2023-12-07,390,389,1,0.9974358974358974,CFG
2023-12-08,390,390,0,1.0,CFG
2023-12-11,390,390,0,1.0,CFG
2023-12-12,390,389,1,0.9974358974358974,CFG
2023-12-13,390,390,0,1.0,CFG
2023-12-14,390,390,0,1.0,CFG
2023-12-15,390,390,0,1.0,CFG
2023-12-18,390,390,0,1.0,CFG
2023-12-19,390,390,0,1.0,CFG
2023-12-20,390,390,0,1.0,CFG
2023-12-21,390,390,0,1.0,CFG
2023-12-22,390,390,0,1.0,CFG
2023-12-26,390,389,1,0.9974358974358974,CFG
2023-12-27,390,389,1,0.9974358974358974,CFG
2023-12-28,390,382,8,0.9794871794871794,CFG
2023-12-29,390,386,4,0.9897435897435898,CFG
2024-01-02,390,389,1,0.9974358974358974,CFG
2024-01-03,390,389,1,0.9974358974358974,CFG
2024-01-04,390,390,0,1.0,CFG
2024-01-05,390,390,0,1.0,CFG
2024-01-08,390,390,0,1.0,CFG
2024-01-09,390,390,0,1.0,CFG
2024-01-10,390,390,0,1.0,CFG
2024-01-11,390,390,0,1.0,CFG
2024-01-12,390,390,0,1.0,CFG
2024-01-16,390,390,0,1.0,CFG
2024-01-17,390,390,0,1.0,CFG
2024-01-18,390,390,0,1.0,CFG
2024-01-19,390,390,0,1.0,CFG
2024-01-22,390,390,0,1.0,CFG
2024-01-23,390,390,0,1.0,CFG
2024-01-24,390,390,0,1.0,CFG
2024-01-25,390,390,0,1.0,CFG
2024-01-26,390,386,4,0.9897435897435898,CFG
2024-01-29,390,390,0,1.0,CFG
2024-01-30,390,390,0,1.0,CFG
2024-01-31,390,389,1,0.9974358974358974,CFG
2024-02-01,390,390,0,1.0,CFG
2024-02-02,390,390,0,1.0,CFG
2024-02-05,390,390,0,1.0,CFG
2024-02-06,390,390,0,1.0,CFG
2024-02-07,390,390,0,1.0,CFG
2024-02-08,390,390,0,1.0,CFG
2024-02-09,390,390,0,1.0,CFG
2024-02-12,390,390,0,1.0,CFG
2024-02-13,390,390,0,1.0,CFG
2024-02-14,390,390,0,1.0,CFG
2024-02-15,390,390,0,1.0,CFG
2024-02-16,390,389,1,0.9974358974358974,CFG
2024-02-20,390,390,0,1.0,CFG
2024-02-21,390,390,0,1.0,CFG
2024-02-22,390,390,0,1.0,CFG
2024-02-23,390,390,0,1.0,CFG
2024-02-26,390,390,0,1.0,CFG
2024-02-27,390,390,0,1.0,CFG
2024-02-28,390,390,0,1.0,CFG
2024-02-29,390,389,1,0.9974358974358974,CFG
2024-03-01,390,390,0,1.0,CFG
2024-03-04,390,390,0,1.0,CFG
2024-03-05,390,390,0,1.0,CFG
2024-03-06,390,390,0,1.0,CFG
2024-03-07,390,390,0,1.0,CFG
2024-03-08,390,390,0,1.0,CFG
2024-03-11,390,390,0,1.0,CFG
2024-03-12,390,390,0,1.0,CFG
2024-03-13,390,390,0,1.0,CFG
2024-03-14,390,390,0,1.0,CFG
2024-03-15,390,390,0,1.0,CFG
2024-03-18,390,390,0,1.0,CFG
2024-03-19,390,390,0,1.0,CFG
2024-03-20,390,386,4,0.9897435897435898,CFG
2024-03-21,390,390,0,1.0,CFG
2024-03-22,390,388,2,0.9948717948717949,CFG
2024-03-25,390,390,0,1.0,CFG
2024-03-26,390,390,0,1.0,CFG
2024-03-27,390,390,0,1.0,CFG
2024-03-28,390,390,0,1.0,CFG
2024-04-01,390,389,1,0.9974358974358974,CFG
2024-04-02,390,390,0,1.0,CFG
2024-04-03,390,389,1,0.9974358974358974,CFG
2024-04-04,390,390,0,1.0,CFG
2024-04-05,390,390,0,1.0,CFG
2024-04-08,390,390,0,1.0,CFG
2024-04-09,390,390,0,1.0,CFG
2024-04-10,390,390,0,1.0,CFG
2024-04-11,390,389,1,0.9974358974358974,CFG
2024-04-12,390,390,0,1.0,CFG
2024-04-15,390,390,0,1.0,CFG
2024-04-16,390,390,0,1.0,CFG
2024-04-17,390,390,0,1.0,CFG
2024-04-18,390,390,0,1.0,CFG
2024-04-19,390,390,0,1.0,CFG
2024-04-22,390,390,0,1.0,CFG
2024-04-23,390,390,0,1.0,CFG
2024-04-24,390,390,0,1.0,CFG
2024-04-25,390,389,1,0.9974358974358974,CFG
2024-04-26,390,390,0,1.0,CFG
2024-04-29,390,387,3,0.9923076923076923,CFG
2024-04-30,390,390,0,1.0,CFG
2024-05-01,390,389,1,0.9974358974358974,CFG
2024-05-02,390,390,0,1.0,CFG
2024-05-03,390,389,1,0.9974358974358974,CFG
2024-05-06,390,387,3,0.9923076923076923,CFG
2024-05-07,390,387,3,0.9923076923076923,CFG
2024-05-08,390,389,1,0.9974358974358974,CFG
2024-05-09,390,384,6,0.9846153846153847,CFG
2024-05-10,390,386,4,0.9897435897435898,CFG
2024-05-13,390,388,2,0.9948717948717949,CFG
2024-05-14,390,382,8,0.9794871794871794,CFG
2024-05-15,390,388,2,0.9948717948717949,CFG
2024-05-16,390,383,7,0.982051282051282,CFG
2024-05-17,390,390,0,1.0,CFG
2024-05-20,390,389,1,0.9974358974358974,CFG
2024-05-21,390,386,4,0.9897435897435898,CFG
2024-05-22,390,383,7,0.982051282051282,CFG
2024-05-23,390,388,2,0.9948717948717949,CFG
2024-05-24,390,388,2,0.9948717948717949,CFG
2024-05-28,390,389,1,0.9974358974358974,CFG
2024-05-29,390,390,0,1.0,CFG
2024-05-30,390,389,1,0.9974358974358974,CFG
2024-05-31,390,390,0,1.0,CFG
2024-06-03,390,390,0,1.0,CFG
2024-06-04,390,390,0,1.0,CFG
2024-06-05,390,389,1,0.9974358974358974,CFG
2024-06-06,390,385,5,0.9871794871794872,CFG
2024-06-07,390,388,2,0.9948717948717949,CFG
2024-06-10,390,390,0,1.0,CFG
2024-06-11,390,390,0,1.0,CFG
2024-06-12,390,390,0,1.0,CFG
2024-06-13,390,387,3,0.9923076923076923,CFG
2024-06-14,390,389,1,0.9974358974358974,CFG
2024-06-17,390,390,0,1.0,CFG
2024-06-18,390,390,0,1.0,CFG
2024-06-20,390,389,1,0.9974358974358974,CFG
2024-06-21,390,387,3,0.9923076923076923,CFG
2024-06-24,390,387,3,0.9923076923076923,CFG
2024-06-25,390,390,0,1.0,CFG
2024-06-26,390,387,3,0.9923076923076923,CFG
2024-06-27,390,390,0,1.0,CFG
2024-06-28,390,390,0,1.0,CFG
2024-07-01,390,389,1,0.9974358974358974,CFG
2024-07-02,390,390,0,1.0,CFG
2024-07-03,210,210,0,1.0,CFG
2024-07-05,390,389,1,0.9974358974358974,CFG
2024-07-08,390,386,4,0.9897435897435898,CFG
2024-07-09,390,390,0,1.0,CFG
2024-07-10,390,390,0,1.0,CFG
2024-07-11,390,390,0,1.0,CFG
2024-07-12,390,390,0,1.0,CFG
2024-07-15,390,390,0,1.0,CFG
2024-07-16,390,390,0,1.0,CFG
2024-07-17,390,390,0,1.0,CFG
2024-07-18,390,390,0,1.0,CFG
2024-07-19,390,390,0,1.0,CFG
2024-07-22,390,390,0,1.0,CFG
2024-07-23,390,390,0,1.0,CFG
2024-07-24,390,390,0,1.0,CFG
2024-07-25,390,390,0,1.0,CFG
2024-07-26,390,390,0,1.0,CFG
2024-07-29,390,390,0,1.0,CFG
2024-07-30,390,390,0,1.0,CFG
2024-07-31,390,390,0,1.0,CFG
2024-08-01,390,390,0,1.0,CFG
2024-08-02,390,390,0,1.0,CFG
2024-08-05,390,390,0,1.0,CFG
2024-08-06,390,390,0,1.0,CFG
2024-08-07,390,390,0,1.0,CFG
2024-08-08,390,390,0,1.0,CFG
2024-08-09,390,390,0,1.0,CFG
2024-08-12,390,390,0,1.0,CFG
2024-08-13,390,388,2,0.9948717948717949,CFG
2024-08-14,390,386,4,0.9897435897435898,CFG
2024-08-15,390,390,0,1.0,CFG
2024-08-16,390,389,1,0.9974358974358974,CFG
2024-08-19,390,385,5,0.9871794871794872,CFG
2024-08-20,390,385,5,0.9871794871794872,CFG
2024-08-21,390,386,4,0.9897435897435898,CFG
2024-08-22,390,387,3,0.9923076923076923,CFG
2024-08-23,390,389,1,0.9974358974358974,CFG
2024-08-26,390,387,3,0.9923076923076923,CFG
2024-08-27,390,387,3,0.9923076923076923,CFG
2024-08-28,390,390,0,1.0,CFG
2024-08-29,390,389,1,0.9974358974358974,CFG
2024-08-30,390,390,0,1.0,CFG
2024-09-03,390,390,0,1.0,CFG
2024-09-04,390,390,0,1.0,CFG
2024-09-05,390,390,0,1.0,CFG
2024-09-06,390,390,0,1.0,CFG
2024-09-09,390,390,0,1.0,CFG
2024-09-10,390,390,0,1.0,CFG
2024-09-11,390,390,0,1.0,CFG
2024-09-12,390,389,1,0.9974358974358974,CFG
2024-09-13,390,390,0,1.0,CFG
2024-09-16,390,390,0,1.0,CFG
2024-09-17,390,390,0,1.0,CFG
2024-09-18,390,390,0,1.0,CFG
2024-09-19,390,390,0,1.0,CFG
2024-09-20,390,390,0,1.0,CFG
2024-09-23,390,390,0,1.0,CFG
2024-09-24,390,389,1,0.9974358974358974,CFG
2024-09-25,390,387,3,0.9923076923076923,CFG
2024-09-26,390,390,0,1.0,CFG
2024-09-27,390,390,0,1.0,CFG
2024-09-30,390,390,0,1.0,CFG
2024-10-01,390,390,0,1.0,CFG
2024-10-02,390,389,1,0.9974358974358974,CFG
2024-10-03,390,390,0,1.0,CFG
2024-10-04,390,390,0,1.0,CFG
2024-10-07,390,389,1,0.9974358974358974,CFG
2024-10-08,390,390,0,1.0,CFG
2024-10-09,390,390,0,1.0,CFG
2024-10-10,390,390,0,1.0,CFG
2024-10-11,390,390,0,1.0,CFG
2024-10-14,390,390,0,1.0,CFG
2024-10-15,390,390,0,1.0,CFG
2024-10-16,390,390,0,1.0,CFG
2024-10-17,390,390,0,1.0,CFG
2024-10-18,390,390,0,1.0,CFG
2024-10-21,390,390,0,1.0,CFG
2024-10-22,390,390,0,1.0,CFG
2024-10-23,390,389,1,0.9974358974358974,CFG
2024-10-24,390,388,2,0.9948717948717949,CFG
2024-10-25,390,390,0,1.0,CFG
2024-10-28,390,390,0,1.0,CFG
2024-10-29,390,389,1,0.9974358974358974,CFG
2024-10-30,390,390,0,1.0,CFG
2024-10-31,390,390,0,1.0,CFG
2024-11-01,390,390,0,1.0,CFG
2024-11-04,390,390,0,1.0,CFG
2024-11-05,390,389,1,0.9974358974358974,CFG
2024-11-06,390,390,0,1.0,CFG
2024-11-07,390,390,0,1.0,CFG
2024-11-08,390,390,0,1.0,CFG
2024-11-11,390,390,0,1.0,CFG
2024-11-12,390,390,0,1.0,CFG
2024-11-13,390,390,0,1.0,CFG
2024-11-14,390,389,1,0.9974358974358974,CFG
2024-11-15,390,389,1,0.9974358974358974,CFG
2024-11-18,390,390,0,1.0,CFG
2024-11-19,390,390,0,1.0,CFG
2024-11-20,390,390,0,1.0,CFG
2024-11-21,390,390,0,1.0,CFG
2024-11-22,390,390,0,1.0,CFG
2024-11-25,390,390,0,1.0,CFG
2024-11-26,390,389,1,0.9974358974358974,CFG
2024-11-27,390,379,11,0.9717948717948718,CFG
2024-11-29,210,210,0,1.0,CFG
2024-12-02,390,390,0,1.0,CFG
2024-12-03,390,390,0,1.0,CFG
2024-12-04,390,390,0,1.0,CFG
2024-12-05,390,390,0,1.0,CFG
2024-12-06,390,390,0,1.0,CFG
2024-12-09,390,390,0,1.0,CFG
2024-12-10,390,390,0,1.0,CFG
2024-12-11,390,390,0,1.0,CFG
2024-12-12,390,390,0,1.0,CFG
2024-12-13,390,390,0,1.0,CFG
2024-12-16,390,389,1,0.9974358974358974,CFG
2024-12-17,390,390,0,1.0,CFG
2024-12-18,390,390,0,1.0,CFG
2024-12-19,390,390,0,1.0,CFG
2024-12-20,390,390,0,1.0,CFG
2024-12-23,390,385,5,0.9871794871794872,CFG
2024-12-24,210,210,0,1.0,CFG
2024-12-26,390,383,7,0.982051282051282,CFG
2024-12-27,390,389,1,0.9974358974358974,CFG
2024-12-30,390,386,4,0.9897435897435898,CFG
2024-12-31,390,389,1,0.9974358974358974,CFG
2025-01-02,390,387,3,0.9923076923076923,CFG
2025-01-03,390,378,12,0.9692307692307692,CFG
2025-01-06,390,390,0,1.0,CFG
2025-01-07,390,387,3,0.9923076923076923,CFG
2025-01-08,390,387,3,0.9923076923076923,CFG
2025-01-10,390,389,1,0.9974358974358974,CFG
2025-01-13,390,389,1,0.9974358974358974,CFG
2025-01-14,390,390,0,1.0,CFG
2025-01-15,390,390,0,1.0,CFG
2025-01-16,390,390,0,1.0,CFG
2025-01-17,390,390,0,1.0,CFG
2025-01-21,390,390,0,1.0,CFG
2025-01-22,390,390,0,1.0,CFG
2025-01-23,390,390,0,1.0,CFG
2025-01-24,390,390,0,1.0,CFG
2025-01-27,390,390,0,1.0,CFG
2025-01-28,390,390,0,1.0,CFG
2025-01-29,390,390,0,1.0,CFG
2025-01-30,390,390,0,1.0,CFG
2025-01-31,390,389,1,0.9974358974358974,CFG
2025-02-03,390,390,0,1.0,CFG
2025-02-04,390,390,0,1.0,CFG
2025-02-05,390,387,3,0.9923076923076923,CFG
2025-02-06,390,389,1,0.9974358974358974,CFG
2025-02-07,390,389,1,0.9974358974358974,CFG
2025-02-10,390,389,1,0.9974358974358974,CFG
2025-02-11,390,390,0,1.0,CFG
2025-02-12,390,390,0,1.0,CFG
2025-02-13,390,389,1,0.9974358974358974,CFG
2025-02-14,390,386,4,0.9897435897435898,CFG
2025-02-18,390,390,0,1.0,CFG
2025-02-19,390,390,0,1.0,CFG
2025-02-20,390,390,0,1.0,CFG
2025-02-21,390,388,2,0.9948717948717949,CFG
2025-02-24,390,389,1,0.9974358974358974,CFG
2025-02-25,390,390,0,1.0,CFG
2025-02-26,390,390,0,1.0,CFG
2025-02-27,390,389,1,0.9974358974358974,CFG
2025-02-28,390,387,3,0.9923076923076923,CFG
2025-03-03,390,390,0,1.0,CFG
2025-03-04,390,390,0,1.0,CFG
2025-03-05,390,390,0,1.0,CFG
2025-03-06,390,390,0,1.0,CFG
2025-03-07,390,390,0,1.0,CFG
2025-03-10,390,390,0,1.0,CFG
2025-03-11,390,390,0,1.0,CFG
2025-03-12,390,390,0,1.0,CFG
2025-03-13,390,390,0,1.0,CFG
2025-03-14,390,390,0,1.0,CFG
2025-03-17,390,390,0,1.0,CFG
2025-03-18,390,390,0,1.0,CFG
2025-03-19,390,390,0,1.0,CFG
2025-03-20,390,390,0,1.0,CFG
2025-03-21,390,390,0,1.0,CFG
2025-03-24,390,390,0,1.0,CFG
2025-03-25,390,390,0,1.0,CFG
2025-03-26,390,390,0,1.0,CFG
2025-03-27,390,390,0,1.0,CFG
2025-03-28,390,389,1,0.9974358974358974,CFG
2025-03-31,390,390,0,1.0,CFG
2025-04-01,390,390,0,1.0,CFG
2025-04-02,390,390,0,1.0,CFG
2025-04-03,390,390,0,1.0,CFG
2025-04-04,390,390,0,1.0,CFG
2025-04-07,390,390,0,1.0,CFG
2025-04-08,390,390,0,1.0,CFG
2025-04-09,390,390,0,1.0,CFG
2025-04-10,390,390,0,1.0,CFG
2025-04-11,390,390,0,1.0,CFG
2025-04-14,390,390,0,1.0,CFG
2025-04-15,390,390,0,1.0,CFG
2025-04-16,390,390,0,1.0,CFG
2025-04-17,390,390,0,1.0,CFG
2025-04-21,390,390,0,1.0,CFG
2025-04-22,390,390,0,1.0,CFG
2025-04-23,390,390,0,1.0,CFG
2025-04-24,390,390,0,1.0,CFG
2025-04-25,390,390,0,1.0,CFG
2025-04-28,390,390,0,1.0,CFG
2025-04-29,390,390,0,1.0,CFG
2025-04-30,390,390,0,1.0,CFG
2025-05-01,390,390,0,1.0,CFG
2025-05-02,390,390,0,1.0,CFG
2025-05-05,390,390,0,1.0,CFG
2025-05-06,390,390,0,1.0,CFG
2025-05-07,390,390,0,1.0,CFG
2025-05-08,390,390,0,1.0,CFG
2025-05-09,390,389,1,0.9974358974358974,CFG
2025-05-12,390,390,0,1.0,CFG
2025-05-13,390,390,0,1.0,CFG
2025-05-14,390,390,0,1.0,CFG
2025-05-15,390,389,1,0.9974358974358974,CFG
2025-05-16,390,386,4,0.9897435897435898,CFG
2025-05-19,390,388,2,0.9948717948717949,CFG
2025-05-20,390,388,2,0.9948717948717949,CFG
2025-05-21,390,389,1,0.9974358974358974,CFG
2025-05-22,390,390,0,1.0,CFG
2025-05-23,390,390,0,1.0,CFG
2025-05-27,390,390,0,1.0,CFG
2025-05-28,390,390,0,1.0,CFG
2025-05-29,390,390,0,1.0,CFG
2025-05-30,390,390,0,1.0,CFG
2025-06-02,390,390,0,1.0,CFG
2025-06-03,390,390,0,1.0,CFG
2025-06-04,390,390,0,1.0,CFG
2025-06-05,390,390,0,1.0,CFG
2025-06-06,390,390,0,1.0,CFG
2025-06-09,390,388,2,0.9948717948717949,CFG
2025-06-10,390,390,0,1.0,CFG
2025-06-11,390,390,0,1.0,CFG
2025-06-12,390,390,0,1.0,CFG
2025-06-13,390,390,0,1.0,CFG
2025-06-16,390,390,0,1.0,CFG
2025-06-17,390,390,0,1.0,CFG
2025-06-18,390,389,1,0.9974358974358974,CFG
2025-06-20,390,390,0,1.0,CFG
2025-06-23,390,390,0,1.0,CFG
2025-06-24,390,389,1,0.9974358974358974,CFG
2025-06-25,390,385,5,0.9871794871794872,CFG
2025-06-26,390,390,0,1.0,CFG
2025-06-27,390,390,0,1.0,CFG
2025-06-30,390,389,1,0.9974358974358974,CFG
2025-07-01,390,390,0,1.0,CFG
2025-07-02,390,390,0,1.0,CFG
2025-07-03,210,210,0,1.0,CFG
2025-07-07,390,390,0,1.0,CFG
2025-07-08,390,390,0,1.0,CFG
2025-07-09,390,390,0,1.0,CFG
2025-07-10,390,390,0,1.0,CFG
2025-07-11,390,390,0,1.0,CFG
2025-07-14,390,389,1,0.9974358974358974,CFG
2025-07-15,390,390,0,1.0,CFG
2025-07-16,390,390,0,1.0,CFG
2025-07-17,390,390,0,1.0,CFG
2025-07-18,390,390,0,1.0,CFG
2025-07-21,390,390,0,1.0,CFG
2025-07-22,390,390,0,1.0,CFG
2025-07-23,390,390,0,1.0,CFG
2025-07-24,390,388,2,0.9948717948717949,CFG
2025-07-25,390,390,0,1.0,CFG
2025-07-28,390,390,0,1.0,CFG
2025-07-29,390,390,0,1.0,CFG
2025-07-30,390,390,0,1.0,CFG
2025-07-31,390,390,0,1.0,CFG
2025-08-01,390,390,0,1.0,CFG
2025-08-04,390,390,0,1.0,CFG
2025-08-05,390,390,0,1.0,CFG
2025-08-06,390,390,0,1.0,CFG
2025-08-07,390,390,0,1.0,CFG
2025-08-08,390,390,0,1.0,CFG
2025-08-11,390,390,0,1.0,CFG
2025-08-12,390,390,0,1.0,CFG
2025-08-13,390,390,0,1.0,CFG
2025-08-14,390,390,0,1.0,CFG
2025-08-15,390,390,0,1.0,CFG
2025-08-18,390,386,4,0.9897435897435898,CFG
2025-08-19,390,390,0,1.0,CFG
2025-08-20,390,389,1,0.9974358974358974,CFG
2025-08-21,390,390,0,1.0,CFG
2025-08-22,390,390,0,1.0,CFG
2025-08-25,390,390,0,1.0,CFG
2025-08-26,390,390,0,1.0,CFG
2025-08-27,390,390,0,1.0,CFG
2025-08-28,390,389,1,0.9974358974358974,CFG
2025-08-29,390,390,0,1.0,CFG
2025-09-02,390,390,0,1.0,CFG
2025-09-03,390,390,0,1.0,CFG
2025-09-04,390,390,0,1.0,CFG
2025-09-05,390,390,0,1.0,CFG
2025-09-08,390,389,1,0.9974358974358974,CFG
2025-09-09,390,390,0,1.0,CFG
2025-09-10,390,390,0,1.0,CFG
2025-09-11,390,390,0,1.0,CFG
2025-09-12,390,389,1,0.9974358974358974,CFG
2025-09-15,390,389,1,0.9974358974358974,CFG
2025-09-16,390,390,0,1.0,CFG
2025-09-17,390,390,0,1.0,CFG
2025-09-18,390,390,0,1.0,CFG
2025-09-19,390,390,0,1.0,CFG
2025-09-22,390,390,0,1.0,CFG
2025-09-23,390,390,0,1.0,CFG
2025-09-24,390,390,0,1.0,CFG
2025-09-25,390,390,0,1.0,CFG
2025-09-26,390,390,0,1.0,CFG
2025-09-29,390,390,0,1.0,CFG
2025-09-30,390,390,0,1.0,CFG
2025-10-01,390,390,0,1.0,CFG
2025-10-02,390,390,0,1.0,CFG
2025-10-03,390,390,0,1.0,CFG
2025-10-06,390,390,0,1.0,CFG
2025-10-07,390,390,0,1.0,CFG
2025-10-08,390,389,1,0.9974358974358974,CFG
2025-10-09,390,390,0,1.0,CFG
2025-10-10,390,390,0,1.0,CFG
2025-10-13,390,389,1,0.9974358974358974,CFG
2025-10-14,390,390,0,1.0,CFG
2025-10-15,390,390,0,1.0,CFG
2025-10-16,390,390,0,1.0,CFG
2025-10-17,390,390,0,1.0,CFG
2025-10-20,390,390,0,1.0,CFG
2025-10-21,390,390,0,1.0,CFG
2025-10-22,390,390,0,1.0,CFG
2025-10-23,390,390,0,1.0,CFG
2025-10-24,390,389,1,0.9974358974358974,CFG
2025-10-27,390,390,0,1.0,CFG
2025-10-28,390,390,0,1.0,CFG
2025-10-29,390,390,0,1.0,CFG
2025-10-30,390,390,0,1.0,CFG
2025-10-31,390,390,0,1.0,CFG
2025-11-03,390,390,0,1.0,CFG
2025-11-04,390,390,0,1.0,CFG
2025-11-05,390,390,0,1.0,CFG
2025-11-06,390,390,0,1.0,CFG
2025-11-07,390,390,0,1.0,CFG
2025-11-10,390,390,0,1.0,CFG
2025-11-11,390,390,0,1.0,CFG
2025-11-12,390,390,0,1.0,CFG
2025-11-13,390,390,0,1.0,CFG
2025-11-14,390,390,0,1.0,CFG
2025-11-17,390,390,0,1.0,CFG
2025-11-18,390,390,0,1.0,CFG
2025-11-19,390,390,0,1.0,CFG
2025-11-20,390,390,0,1.0,CFG
2025-11-21,390,390,0,1.0,CFG
2025-11-24,390,390,0,1.0,CFG
2025-11-25,390,390,0,1.0,CFG
2025-11-26,390,390,0,1.0,CFG
2025-11-28,210,210,0,1.0,CFG
2025-12-01,390,390,0,1.0,CFG
2025-12-02,390,390,0,1.0,CFG
2025-12-03,390,390,0,1.0,CFG
2025-12-04,390,390,0,1.0,CFG
2025-12-05,390,390,0,1.0,CFG
2025-12-08,390,390,0,1.0,CFG
2025-12-09,390,390,0,1.0,CFG
2025-12-10,390,390,0,1.0,CFG
2025-12-11,390,390,0,1.0,CFG
2025-12-12,390,390,0,1.0,CFG
2025-12-15,390,390,0,1.0,CFG
2025-12-16,390,390,0,1.0,CFG
2025-12-17,390,390,0,1.0,CFG
2025-12-18,390,390,0,1.0,CFG
2025-12-19,390,389,1,0.9974358974358974,CFG
2025-12-22,390,390,0,1.0,CFG
2025-12-23,390,388,2,0.9948717948717949,CFG
2025-12-24,210,209,1,0.9952380952380953,CFG
2025-12-26,390,390,0,1.0,CFG
2025-12-29,390,389,1,0.9974358974358974,CFG
2025-12-30,390,389,1,0.9974358974358974,CFG
2025-12-31,390,384,6,0.9846153846153847,CFG
2026-01-02,390,388,2,0.9948717948717949,CFG
2026-01-05,390,390,0,1.0,CFG
2026-01-06,390,390,0,1.0,CFG
2026-01-07,390,390,0,1.0,CFG
2026-01-08,390,390,0,1.0,CFG
2026-01-09,390,390,0,1.0,CFG
2026-01-12,390,390,0,1.0,CFG
2026-01-13,390,390,0,1.0,CFG
2026-01-14,390,389,1,0.9974358974358974,CFG
2026-01-15,390,390,0,1.0,CFG
2026-01-16,390,390,0,1.0,CFG
2026-01-20,390,390,0,1.0,CFG
2026-01-21,390,390,0,1.0,CFG
2026-01-22,390,390,0,1.0,CFG
2026-01-23,390,390,0,1.0,CFG
2026-01-26,390,390,0,1.0,CFG
2026-01-27,390,390,0,1.0,CFG
2026-01-28,390,389,1,0.9974358974358974,CFG
2026-01-29,390,390,0,1.0,CFG
2026-01-30,390,390,0,1.0,CFG
2026-02-02,390,390,0,1.0,CFG
2026-02-03,390,390,0,1.0,CFG
2026-02-04,390,390,0,1.0,CFG
2026-02-05,390,390,0,1.0,CFG
2026-02-06,390,390,0,1.0,CFG
2026-02-09,390,387,3,0.9923076923076923,CFG
2026-02-10,390,390,0,1.0,CFG
2026-02-11,390,390,0,1.0,CFG
2026-02-12,390,390,0,1.0,CFG
2026-02-13,390,390,0,1.0,CFG
2026-02-17,390,390,0,1.0,CFG
2026-02-18,390,390,0,1.0,CFG
2026-02-19,390,390,0,1.0,CFG
2026-02-20,390,390,0,1.0,CFG
2026-02-23,390,390,0,1.0,CFG
2026-02-24,390,390,0,1.0,CFG
2026-02-25,390,390,0,1.0,CFG
2026-02-26,390,390,0,1.0,CFG
2026-02-27,390,390,0,1.0,CFG
2026-03-02,390,390,0,1.0,CFG
2026-03-03,390,390,0,1.0,CFG
2026-03-04,390,390,0,1.0,CFG
2026-03-05,390,390,0,1.0,CFG
2026-03-06,390,390,0,1.0,CFG
2026-03-09,390,390,0,1.0,CFG
2026-03-10,390,390,0,1.0,CFG
2026-03-11,390,389,1,0.9974358974358974,CFG
2026-03-12,390,390,0,1.0,CFG
2026-03-13,390,390,0,1.0,CFG
2026-03-16,390,390,0,1.0,CFG
2026-03-17,390,390,0,1.0,CFG
2026-03-18,390,390,0,1.0,CFG
2026-03-19,390,390,0,1.0,CFG
2026-03-20,390,390,0,1.0,CFG
2026-03-23,390,390,0,1.0,CFG
2026-03-24,390,389,1,0.9974358974358974,CFG
2026-03-25,390,390,0,1.0,CFG
2026-03-26,390,390,0,1.0,CFG
2026-03-27,390,390,0,1.0,CFG
2026-03-30,390,389,1,0.9974358974358974,CFG
2026-03-31,390,390,0,1.0,CFG
2026-04-01,390,390,0,1.0,CFG
2026-04-02,390,390,0,1.0,CFG
2026-04-06,390,386,4,0.9897435897435898,CFG
2026-04-07,390,390,0,1.0,CFG
2026-04-08,390,390,0,1.0,CFG
2026-04-09,390,390,0,1.0,CFG
2026-04-10,390,390,0,1.0,CFG
2026-04-13,390,389,1,0.9974358974358974,CFG
2026-04-14,390,390,0,1.0,CFG
2026-04-15,390,390,0,1.0,CFG
2026-04-16,390,390,0,1.0,CFG
2026-04-17,390,390,0,1.0,CFG
2026-04-20,390,390,0,1.0,CFG
2026-04-21,390,390,0,1.0,CFG
2026-04-22,390,390,0,1.0,CFG
2026-04-23,390,390,0,1.0,CFG
2026-04-24,390,390,0,1.0,CFG
2026-04-27,390,390,0,1.0,CFG
2026-04-28,390,388,2,0.9948717948717949,CFG
2026-04-29,390,390,0,1.0,CFG
2026-04-30,390,389,1,0.9974358974358974,CFG
2026-05-01,390,390,0,1.0,CFG
2026-05-04,390,389,1,0.9974358974358974,CFG
2026-05-05,390,387,3,0.9923076923076923,CFG
2026-05-06,390,388,2,0.9948717948717949,CFG
2026-05-07,390,390,0,1.0,CFG
2026-05-08,390,390,0,1.0,CFG
2026-05-11,390,390,0,1.0,CFG
2026-05-12,390,390,0,1.0,CFG
2026-05-13,390,388,2,0.9948717948717949,CFG
2026-05-14,390,387,3,0.9923076923076923,CFG
2026-05-15,390,390,0,1.0,CFG
2026-05-18,390,388,2,0.9948717948717949,CFG
2026-05-19,390,390,0,1.0,CFG
2026-05-20,390,389,1,0.9974358974358974,CFG
2026-05-21,390,390,0,1.0,CFG
2026-05-22,390,382,8,0.9794871794871794,CFG
2026-05-26,390,390,0,1.0,CFG
2026-05-27,390,390,0,1.0,CFG
2026-05-28,390,390,0,1.0,CFG
2026-05-29,390,390,0,1.0,CFG
2026-06-01,390,390,0,1.0,CFG
2026-06-02,390,390,0,1.0,CFG
2026-06-03,390,387,3,0.9923076923076923,CFG
2026-06-04,390,390,0,1.0,CFG
2026-06-05,390,390,0,1.0,CFG
2026-06-08,390,390,0,1.0,CFG
2026-06-09,390,390,0,1.0,CFG
2026-06-10,390,390,0,1.0,CFG
2026-06-11,390,390,0,1.0,CFG
2026-06-12,390,390,0,1.0,CFG
2026-06-15,390,390,0,1.0,CFG
2026-06-16,390,390,0,1.0,CFG
2026-06-17,390,390,0,1.0,CFG
2026-06-18,390,390,0,1.0,CFG
2026-06-22,390,390,0,1.0,CFG
2026-06-23,390,389,1,0.9974358974358974,CFG
2026-06-24,390,390,0,1.0,CFG
2026-06-25,390,390,0,1.0,CFG
2026-06-26,390,390,0,1.0,CFG
2026-06-29,390,389,1,0.9974358974358974,CFG
2026-06-30,390,390,0,1.0,CFG
2026-07-01,390,390,0,1.0,CFG
2026-07-02,390,390,0,1.0,CFG
2026-07-06,390,390,0,1.0,CFG
2026-07-07,390,390,0,1.0,CFG
2026-07-08,390,390,0,1.0,CFG
2026-07-09,390,390,0,1.0,CFG
2026-07-10,390,387,3,0.9923076923076923,CFG
2026-07-13,390,390,0,1.0,CFG
2026-07-14,390,389,1,0.9974358974358974,CFG
2026-07-15,390,390,0,1.0,CFG
2026-07-16,390,390,0,1.0,CFG
2026-07-17,390,390,0,1.0,CFG
2026-07-20,390,390,0,1.0,CFG
2026-07-21,390,390,0,1.0,CFG
2026-07-22,390,389,1,0.9974358974358974,CFG
2026-07-23,390,389,1,0.9974358974358974,CFG
2026-07-24,390,389,1,0.9974358974358974,CFG
2026-07-27,390,390,0,1.0,CFG
2026-07-28,390,388,2,0.9948717948717949,CFG
2026-07-29,390,390,0,1.0,CFG
2026-07-30,390,390,0,1.0,CFG
2026-07-31,390,383,7,0.982051282051282,CFG
2026-08-03,390,388,2,0.9948717948717949,CFG
2026-08-04,390,390,0,1.0,CFG
2026-08-05,390,382,8,0.9794871794871794,CFG
2026-08-06,390,388,2,0.9948717948717949,CFG
2026-08-07,390,378,12,0.9692307692307692,CFG
2026-08-10,390,385,5,0.9871794871794872,CFG
2026-08-11,390,387,3,0.9923076923076923,CFG
2026-08-12,390,385,5,0.9871794871794872,CFG
2026-08-13,390,385,5,0.9871794871794872,CFG
2026-08-14,390,380,10,0.9743589743589743,CFG
2026-08-17,390,387,3,0.9923076923076923,CFG
2026-08-18,390,389,1,0.9974358974358974,CFG
2026-08-19,390,388,2,0.9948717948717949,CFG
2026-08-20,390,389,1,0.9974358974358974,CFG
2026-08-21,390,389,1,0.9974358974358974,CFG
2026-08-24,390,383,7,0.982051282051282,CFG
2026-08-25,390,388,2,0.9948717948717949,CFG
2026-08-26,390,390,0,1.0,CFG
2026-08-27,390,390,0,1.0,CFG
2026-08-28,390,384,6,0.9846153846153847,CFG
2026-08-31,390,390,0,1.0,CFG
2026-09-01,390,390,0,1.0,CFG
2026-09-02,390,389,1,0.9974358974358974,CFG
2026-09-03,390,389,1,0.9974358974358974,CFG
2026-09-04,390,385,5,0.9871794871794872,CFG
2026-09-08,390,385,5,0.9871794871794872,CFG
2026-09-09,390,385,5,0.9871794871794872,CFG
2023-01-03,390,390,0,1.0,SYF
2023-01-04,390,390,0,1.0,SYF
2023-01-05,390,390,0,1.0,SYF
2023-01-06,390,390,0,1.0,SYF
2023-01-09,390,390,0,1.0,SYF
2023-01-10,390,390,0,1.0,SYF
2023-01-11,390,390,0,1.0,SYF
2023-01-12,390,390,0,1.0,SYF
2023-01-13,390,390,0,1.0,SYF
2023-01-17,390,390,0,1.0,SYF
2023-01-18,390,390,0,1.0,SYF
2023-01-19,390,390,0,1.0,SYF
2023-01-20,390,390,0,1.0,SYF
2023-01-23,390,390,0,1.0,SYF
2023-01-24,390,390,0,1.0,SYF
2023-01-25,390,390,0,1.0,SYF
2023-01-26,390,390,0,1.0,SYF
2023-01-27,390,390,0,1.0,SYF
2023-01-30,390,390,0,1.0,SYF
2023-01-31,390,389,1,0.9974358974358974,SYF
2023-02-01,390,390,0,1.0,SYF
2023-02-02,390,390,0,1.0,SYF
2023-02-03,390,390,0,1.0,SYF
2023-02-06,390,390,0,1.0,SYF
2023-02-07,390,390,0,1.0,SYF
2023-02-08,390,390,0,1.0,SYF
2023-02-09,390,390,0,1.0,SYF
2023-02-10,390,390,0,1.0,SYF
2023-02-13,390,390,0,1.0,SYF
2023-02-14,390,390,0,1.0,SYF
2023-02-15,390,388,2,0.9948717948717949,SYF
2023-02-16,390,390,0,1.0,SYF
2023-02-17,390,389,1,0.9974358974358974,SYF
2023-02-21,390,390,0,1.0,SYF
2023-02-22,390,390,0,1.0,SYF
2023-02-23,390,390,0,1.0,SYF
2023-02-24,390,389,1,0.9974358974358974,SYF
2023-02-27,390,390,0,1.0,SYF
2023-02-28,390,390,0,1.0,SYF
2023-03-01,390,390,0,1.0,SYF
2023-03-02,390,390,0,1.0,SYF
2023-03-03,390,390,0,1.0,SYF
2023-03-06,390,390,0,1.0,SYF
2023-03-07,390,389,1,0.9974358974358974,SYF
2023-03-08,390,390,0,1.0,SYF
2023-03-09,390,390,0,1.0,SYF
2023-03-10,390,390,0,1.0,SYF
2023-03-13,390,390,0,1.0,SYF
2023-03-14,390,390,0,1.0,SYF
2023-03-15,390,390,0,1.0,SYF
2023-03-16,390,390,0,1.0,SYF
2023-03-17,390,390,0,1.0,SYF
2023-03-20,390,390,0,1.0,SYF
2023-03-21,390,390,0,1.0,SYF
2023-03-22,390,390,0,1.0,SYF
2023-03-23,390,390,0,1.0,SYF
2023-03-24,390,390,0,1.0,SYF
2023-03-27,390,390,0,1.0,SYF
2023-03-28,390,390,0,1.0,SYF
2023-03-29,390,390,0,1.0,SYF
2023-03-30,390,390,0,1.0,SYF
2023-03-31,390,390,0,1.0,SYF
2023-04-03,390,390,0,1.0,SYF
2023-04-04,390,390,0,1.0,SYF
2023-04-05,390,390,0,1.0,SYF
2023-04-06,390,390,0,1.0,SYF
2023-04-10,390,390,0,1.0,SYF
2023-04-11,390,390,0,1.0,SYF
2023-04-12,390,390,0,1.0,SYF
2023-04-13,390,390,0,1.0,SYF
2023-04-14,390,390,0,1.0,SYF
2023-04-17,390,390,0,1.0,SYF
2023-04-18,390,390,0,1.0,SYF
2023-04-19,390,390,0,1.0,SYF
2023-04-20,390,390,0,1.0,SYF
2023-04-21,390,390,0,1.0,SYF
2023-04-24,390,390,0,1.0,SYF
2023-04-25,390,390,0,1.0,SYF
2023-04-26,390,390,0,1.0,SYF
2023-04-27,390,389,1,0.9974358974358974,SYF
2023-04-28,390,389,1,0.9974358974358974,SYF
2023-05-01,390,390,0,1.0,SYF
2023-05-02,390,390,0,1.0,SYF
2023-05-03,390,390,0,1.0,SYF
2023-05-04,390,390,0,1.0,SYF
2023-05-05,390,390,0,1.0,SYF
2023-05-08,390,390,0,1.0,SYF
2023-05-09,390,390,0,1.0,SYF
2023-05-10,390,390,0,1.0,SYF
2023-05-11,390,390,0,1.0,SYF
2023-05-12,390,390,0,1.0,SYF
2023-05-15,390,390,0,1.0,SYF
2023-05-16,390,390,0,1.0,SYF
2023-05-17,390,390,0,1.0,SYF
2023-05-18,390,390,0,1.0,SYF
2023-05-19,390,390,0,1.0,SYF
2023-05-22,390,390,0,1.0,SYF
2023-05-23,390,389,1,0.9974358974358974,SYF
2023-05-24,390,390,0,1.0,SYF
2023-05-25,390,390,0,1.0,SYF
2023-05-26,390,389,1,0.9974358974358974,SYF
2023-05-30,390,390,0,1.0,SYF
2023-05-31,390,390,0,1.0,SYF
2023-06-01,390,390,0,1.0,SYF
2023-06-02,390,390,0,1.0,SYF
2023-06-05,390,386,4,0.9897435897435898,SYF
2023-06-06,390,388,2,0.9948717948717949,SYF
2023-06-07,390,390,0,1.0,SYF
2023-06-08,390,388,2,0.9948717948717949,SYF
2023-06-09,390,390,0,1.0,SYF
2023-06-12,390,389,1,0.9974358974358974,SYF
2023-06-13,390,389,1,0.9974358974358974,SYF
2023-06-14,390,390,0,1.0,SYF
2023-06-15,390,390,0,1.0,SYF
2023-06-16,390,389,1,0.9974358974358974,SYF
2023-06-20,390,390,0,1.0,SYF
2023-06-21,390,390,0,1.0,SYF
2023-06-22,390,389,1,0.9974358974358974,SYF
2023-06-23,390,388,2,0.9948717948717949,SYF
2023-06-26,390,390,0,1.0,SYF
2023-06-27,390,389,1,0.9974358974358974,SYF
2023-06-28,390,390,0,1.0,SYF
2023-06-29,390,390,0,1.0,SYF
2023-06-30,390,390,0,1.0,SYF
2023-07-03,210,210,0,1.0,SYF
2023-07-05,390,389,1,0.9974358974358974,SYF
2023-07-06,390,387,3,0.9923076923076923,SYF
2023-07-07,390,389,1,0.9974358974358974,SYF
2023-07-10,390,387,3,0.9923076923076923,SYF
2023-07-11,390,390,0,1.0,SYF
2023-07-12,390,389,1,0.9974358974358974,SYF
2023-07-13,390,390,0,1.0,SYF
2023-07-14,390,389,1,0.9974358974358974,SYF
2023-07-17,390,390,0,1.0,SYF
2023-07-18,390,390,0,1.0,SYF
2023-07-19,390,389,1,0.9974358974358974,SYF
2023-07-20,390,390,0,1.0,SYF
2023-07-21,390,390,0,1.0,SYF
2023-07-24,390,390,0,1.0,SYF
2023-07-25,390,390,0,1.0,SYF
2023-07-26,390,390,0,1.0,SYF
2023-07-27,390,390,0,1.0,SYF
2023-07-28,390,389,1,0.9974358974358974,SYF
2023-07-31,390,388,2,0.9948717948717949,SYF
2023-08-01,390,389,1,0.9974358974358974,SYF
2023-08-02,390,390,0,1.0,SYF
2023-08-03,390,389,1,0.9974358974358974,SYF
2023-08-04,390,390,0,1.0,SYF
2023-08-07,390,386,4,0.9897435897435898,SYF
2023-08-08,390,388,2,0.9948717948717949,SYF
2023-08-09,390,388,2,0.9948717948717949,SYF
2023-08-10,390,390,0,1.0,SYF
2023-08-11,390,390,0,1.0,SYF
2023-08-14,390,388,2,0.9948717948717949,SYF
2023-08-15,390,389,1,0.9974358974358974,SYF
2023-08-16,390,390,0,1.0,SYF
2023-08-17,390,390,0,1.0,SYF
2023-08-18,390,388,2,0.9948717948717949,SYF
2023-08-21,390,388,2,0.9948717948717949,SYF
2023-08-22,390,389,1,0.9974358974358974,SYF
2023-08-23,390,387,3,0.9923076923076923,SYF
2023-08-24,390,388,2,0.9948717948717949,SYF
2023-08-25,390,389,1,0.9974358974358974,SYF
2023-08-28,390,387,3,0.9923076923076923,SYF
2023-08-29,390,386,4,0.9897435897435898,SYF
2023-08-30,390,386,4,0.9897435897435898,SYF
2023-08-31,390,380,10,0.9743589743589743,SYF
2023-09-01,390,386,4,0.9897435897435898,SYF
2023-09-05,390,390,0,1.0,SYF
2023-09-06,390,389,1,0.9974358974358974,SYF
2023-09-07,390,388,2,0.9948717948717949,SYF
2023-09-08,390,390,0,1.0,SYF
2023-09-11,390,389,1,0.9974358974358974,SYF
2023-09-12,390,390,0,1.0,SYF
2023-09-13,390,390,0,1.0,SYF
2023-09-14,390,390,0,1.0,SYF
2023-09-15,390,390,0,1.0,SYF
2023-09-18,390,390,0,1.0,SYF
2023-09-19,390,390,0,1.0,SYF
2023-09-20,390,389,1,0.9974358974358974,SYF
2023-09-21,390,388,2,0.9948717948717949,SYF
2023-09-22,390,388,2,0.9948717948717949,SYF
2023-09-25,390,386,4,0.9897435897435898,SYF
2023-09-26,390,389,1,0.9974358974358974,SYF
2023-09-27,390,390,0,1.0,SYF
2023-09-28,390,390,0,1.0,SYF
2023-09-29,390,390,0,1.0,SYF
2023-10-02,390,390,0,1.0,SYF
2023-10-03,390,390,0,1.0,SYF
2023-10-04,390,390,0,1.0,SYF
2023-10-05,390,390,0,1.0,SYF
2023-10-06,390,389,1,0.9974358974358974,SYF
2023-10-09,390,389,1,0.9974358974358974,SYF
2023-10-10,390,388,2,0.9948717948717949,SYF
2023-10-11,390,390,0,1.0,SYF
2023-10-12,390,389,1,0.9974358974358974,SYF
2023-10-13,390,390,0,1.0,SYF
2023-10-16,390,390,0,1.0,SYF
2023-10-17,390,390,0,1.0,SYF
2023-10-18,390,390,0,1.0,SYF
2023-10-19,390,390,0,1.0,SYF
2023-10-20,390,390,0,1.0,SYF
2023-10-23,390,390,0,1.0,SYF
2023-10-24,390,390,0,1.0,SYF
2023-10-25,390,390,0,1.0,SYF
2023-10-26,390,390,0,1.0,SYF
2023-10-27,390,389,1,0.9974358974358974,SYF
2023-10-30,390,389,1,0.9974358974358974,SYF
2023-10-31,390,390,0,1.0,SYF
2023-11-01,390,389,1,0.9974358974358974,SYF
2023-11-02,390,390,0,1.0,SYF
2023-11-03,390,390,0,1.0,SYF
2023-11-06,390,390,0,1.0,SYF
2023-11-07,390,389,1,0.9974358974358974,SYF
2023-11-08,390,389,1,0.9974358974358974,SYF
2023-11-09,390,389,1,0.9974358974358974,SYF
2023-11-10,390,389,1,0.9974358974358974,SYF
2023-11-13,390,390,0,1.0,SYF
2023-11-14,390,389,1,0.9974358974358974,SYF
2023-11-15,390,389,1,0.9974358974358974,SYF
2023-11-16,390,390,0,1.0,SYF
2023-11-17,390,390,0,1.0,SYF
2023-11-20,390,387,3,0.9923076923076923,SYF
2023-11-21,390,384,6,0.9846153846153847,SYF
2023-11-22,390,379,11,0.9717948717948718,SYF
2023-11-24,210,208,2,0.9904761904761905,SYF
2023-11-27,390,390,0,1.0,SYF
2023-11-28,390,389,1,0.9974358974358974,SYF
2023-11-29,390,389,1,0.9974358974358974,SYF
2023-11-30,390,390,0,1.0,SYF
2023-12-01,390,390,0,1.0,SYF
2023-12-04,390,388,2,0.9948717948717949,SYF
2023-12-05,390,390,0,1.0,SYF
2023-12-06,390,390,0,1.0,SYF
2023-12-07,390,390,0,1.0,SYF
2023-12-08,390,390,0,1.0,SYF
2023-12-11,390,390,0,1.0,SYF
2023-12-12,390,389,1,0.9974358974358974,SYF
2023-12-13,390,390,0,1.0,SYF
2023-12-14,390,390,0,1.0,SYF
2023-12-15,390,390,0,1.0,SYF
2023-12-18,390,390,0,1.0,SYF
2023-12-19,390,389,1,0.9974358974358974,SYF
2023-12-20,390,390,0,1.0,SYF
2023-12-21,390,390,0,1.0,SYF
2023-12-22,390,389,1,0.9974358974358974,SYF
2023-12-26,390,380,10,0.9743589743589743,SYF
2023-12-27,390,381,9,0.9769230769230769,SYF
2023-12-28,390,386,4,0.9897435897435898,SYF
2023-12-29,390,387,3,0.9923076923076923,SYF
2024-01-02,390,390,0,1.0,SYF
2024-01-03,390,390,0,1.0,SYF
2024-01-04,390,390,0,1.0,SYF
2024-01-05,390,390,0,1.0,SYF
2024-01-08,390,390,0,1.0,SYF
2024-01-09,390,390,0,1.0,SYF
2024-01-10,390,389,1,0.9974358974358974,SYF
2024-01-11,390,389,1,0.9974358974358974,SYF
2024-01-12,390,390,0,1.0,SYF
2024-01-16,390,390,0,1.0,SYF
2024-01-17,390,390,0,1.0,SYF
2024-01-18,390,389,1,0.9974358974358974,SYF
2024-01-19,390,390,0,1.0,SYF
2024-01-22,390,390,0,1.0,SYF
2024-01-23,390,390,0,1.0,SYF
2024-01-24,390,389,1,0.9974358974358974,SYF
2024-01-25,390,390,0,1.0,SYF
2024-01-26,390,390,0,1.0,SYF
2024-01-29,390,390,0,1.0,SYF
2024-01-30,390,390,0,1.0,SYF
2024-01-31,390,390,0,1.0,SYF
2024-02-01,390,390,0,1.0,SYF
2024-02-02,390,390,0,1.0,SYF
2024-02-05,390,390,0,1.0,SYF
2024-02-06,390,390,0,1.0,SYF
2024-02-07,390,390,0,1.0,SYF
2024-02-08,390,388,2,0.9948717948717949,SYF
2024-02-09,390,388,2,0.9948717948717949,SYF
2024-02-12,390,389,1,0.9974358974358974,SYF
2024-02-13,390,390,0,1.0,SYF
2024-02-14,390,390,0,1.0,SYF
2024-02-15,390,390,0,1.0,SYF
2024-02-16,390,387,3,0.9923076923076923,SYF
2024-02-20,390,390,0,1.0,SYF
2024-02-21,390,388,2,0.9948717948717949,SYF
2024-02-22,390,390,0,1.0,SYF
2024-02-23,390,389,1,0.9974358974358974,SYF
2024-02-26,390,386,4,0.9897435897435898,SYF
2024-02-27,390,390,0,1.0,SYF
2024-02-28,390,389,1,0.9974358974358974,SYF
2024-02-29,390,390,0,1.0,SYF
2024-03-01,390,390,0,1.0,SYF
2024-03-04,390,390,0,1.0,SYF
2024-03-05,390,390,0,1.0,SYF
2024-03-06,390,390,0,1.0,SYF
2024-03-07,390,389,1,0.9974358974358974,SYF
2024-03-08,390,390,0,1.0,SYF
2024-03-11,390,389,1,0.9974358974358974,SYF
2024-03-12,390,390,0,1.0,SYF
2024-03-13,390,389,1,0.9974358974358974,SYF
2024-03-14,390,390,0,1.0,SYF
2024-03-15,390,390,0,1.0,SYF
2024-03-18,390,390,0,1.0,SYF
2024-03-19,390,388,2,0.9948717948717949,SYF
2024-03-20,390,389,1,0.9974358974358974,SYF
2024-03-21,390,389,1,0.9974358974358974,SYF
2024-03-22,390,390,0,1.0,SYF
2024-03-25,390,389,1,0.9974358974358974,SYF
2024-03-26,390,390,0,1.0,SYF
2024-03-27,390,389,1,0.9974358974358974,SYF
2024-03-28,390,390,0,1.0,SYF
2024-04-01,390,389,1,0.9974358974358974,SYF
2024-04-02,390,390,0,1.0,SYF
2024-04-03,390,390,0,1.0,SYF
2024-04-04,390,390,0,1.0,SYF
2024-04-05,390,390,0,1.0,SYF
2024-04-08,390,388,2,0.9948717948717949,SYF
2024-04-09,390,390,0,1.0,SYF
2024-04-10,390,390,0,1.0,SYF
2024-04-11,390,389,1,0.9974358974358974,SYF
2024-04-12,390,390,0,1.0,SYF
2024-04-15,390,390,0,1.0,SYF
2024-04-16,390,389,1,0.9974358974358974,SYF
2024-04-17,390,390,0,1.0,SYF
2024-04-18,390,390,0,1.0,SYF
2024-04-19,390,390,0,1.0,SYF
2024-04-22,390,390,0,1.0,SYF
2024-04-23,390,389,1,0.9974358974358974,SYF
2024-04-24,390,390,0,1.0,SYF
2024-04-25,390,390,0,1.0,SYF
2024-04-26,390,388,2,0.9948717948717949,SYF
2024-04-29,390,386,4,0.9897435897435898,SYF
2024-04-30,390,390,0,1.0,SYF
2024-05-01,390,390,0,1.0,SYF
2024-05-02,390,390,0,1.0,SYF
2024-05-03,390,390,0,1.0,SYF
2024-05-06,390,390,0,1.0,SYF
2024-05-07,390,388,2,0.9948717948717949,SYF
2024-05-08,390,389,1,0.9974358974358974,SYF
2024-05-09,390,390,0,1.0,SYF
2024-05-10,390,389,1,0.9974358974358974,SYF
2024-05-13,390,388,2,0.9948717948717949,SYF
2024-05-14,390,390,0,1.0,SYF
2024-05-15,390,387,3,0.9923076923076923,SYF
2024-05-16,390,390,0,1.0,SYF
2024-05-17,390,386,4,0.9897435897435898,SYF
2024-05-20,390,390,0,1.0,SYF
2024-05-21,390,389,1,0.9974358974358974,SYF
2024-05-22,390,389,1,0.9974358974358974,SYF
2024-05-23,390,390,0,1.0,SYF
2024-05-24,390,390,0,1.0,SYF
2024-05-28,390,387,3,0.9923076923076923,SYF
2024-05-29,390,390,0,1.0,SYF
2024-05-30,390,387,3,0.9923076923076923,SYF
2024-05-31,390,389,1,0.9974358974358974,SYF
2024-06-03,390,389,1,0.9974358974358974,SYF
2024-06-04,390,388,2,0.9948717948717949,SYF
2024-06-05,390,390,0,1.0,SYF
2024-06-06,390,389,1,0.9974358974358974,SYF
2024-06-07,390,390,0,1.0,SYF
2024-06-10,390,390,0,1.0,SYF
2024-06-11,390,390,0,1.0,SYF
2024-06-12,390,390,0,1.0,SYF
2024-06-13,390,389,1,0.9974358974358974,SYF
2024-06-14,390,383,7,0.982051282051282,SYF
2024-06-17,390,390,0,1.0,SYF
2024-06-18,390,387,3,0.9923076923076923,SYF
2024-06-20,390,390,0,1.0,SYF
2024-06-21,390,387,3,0.9923076923076923,SYF
2024-06-24,390,390,0,1.0,SYF
2024-06-25,390,389,1,0.9974358974358974,SYF
2024-06-26,390,375,15,0.9615384615384616,SYF
2024-06-27,390,387,3,0.9923076923076923,SYF
2024-06-28,390,390,0,1.0,SYF
2024-07-01,390,390,0,1.0,SYF
2024-07-02,390,390,0,1.0,SYF
2024-07-03,210,210,0,1.0,SYF
2024-07-05,390,388,2,0.9948717948717949,SYF
2024-07-08,390,388,2,0.9948717948717949,SYF
2024-07-09,390,389,1,0.9974358974358974,SYF
2024-07-10,390,387,3,0.9923076923076923,SYF
2024-07-11,390,387,3,0.9923076923076923,SYF
2024-07-12,390,385,5,0.9871794871794872,SYF
2024-07-15,390,390,0,1.0,SYF
2024-07-16,390,390,0,1.0,SYF
2024-07-17,390,390,0,1.0,SYF
2024-07-18,390,390,0,1.0,SYF
2024-07-19,390,388,2,0.9948717948717949,SYF
2024-07-22,390,387,3,0.9923076923076923,SYF
2024-07-23,390,389,1,0.9974358974358974,SYF
2024-07-24,390,386,4,0.9897435897435898,SYF
2024-07-25,390,390,0,1.0,SYF
2024-07-26,390,386,4,0.9897435897435898,SYF
2024-07-29,390,390,0,1.0,SYF
2024-07-30,390,385,5,0.9871794871794872,SYF
2024-07-31,390,388,2,0.9948717948717949,SYF
2024-08-01,390,390,0,1.0,SYF
2024-08-02,390,390,0,1.0,SYF
2024-08-05,390,390,0,1.0,SYF
2024-08-06,390,390,0,1.0,SYF
2024-08-07,390,389,1,0.9974358974358974,SYF
2024-08-08,390,389,1,0.9974358974358974,SYF
2024-08-09,390,389,1,0.9974358974358974,SYF
2024-08-12,390,390,0,1.0,SYF
2024-08-13,390,388,2,0.9948717948717949,SYF
2024-08-14,390,390,0,1.0,SYF
2024-08-15,390,390,0,1.0,SYF
2024-08-16,390,382,8,0.9794871794871794,SYF
2024-08-19,390,386,4,0.9897435897435898,SYF
2024-08-20,390,386,4,0.9897435897435898,SYF
2024-08-21,390,380,10,0.9743589743589743,SYF
2024-08-22,390,381,9,0.9769230769230769,SYF
2024-08-23,390,386,4,0.9897435897435898,SYF
2024-08-26,390,378,12,0.9692307692307692,SYF
2024-08-27,390,385,5,0.9871794871794872,SYF
2024-08-28,390,390,0,1.0,SYF
2024-08-29,390,386,4,0.9897435897435898,SYF
2024-08-30,390,381,9,0.9769230769230769,SYF
2024-09-03,390,388,2,0.9948717948717949,SYF
2024-09-04,390,390,0,1.0,SYF
2024-09-05,390,390,0,1.0,SYF
2024-09-06,390,389,1,0.9974358974358974,SYF
2024-09-09,390,390,0,1.0,SYF
2024-09-10,390,390,0,1.0,SYF
2024-09-11,390,390,0,1.0,SYF
2024-09-12,390,390,0,1.0,SYF
2024-09-13,390,387,3,0.9923076923076923,SYF
2024-09-16,390,388,2,0.9948717948717949,SYF
2024-09-17,390,390,0,1.0,SYF
2024-09-18,390,390,0,1.0,SYF
2024-09-19,390,390,0,1.0,SYF
2024-09-20,390,390,0,1.0,SYF
2024-09-23,390,389,1,0.9974358974358974,SYF
2024-09-24,390,390,0,1.0,SYF
2024-09-25,390,390,0,1.0,SYF
2024-09-26,390,390,0,1.0,SYF
2024-09-27,390,389,1,0.9974358974358974,SYF
2024-09-30,390,388,2,0.9948717948717949,SYF
2024-10-01,390,388,2,0.9948717948717949,SYF
2024-10-02,390,390,0,1.0,SYF
2024-10-03,390,390,0,1.0,SYF
2024-10-04,390,390,0,1.0,SYF
2024-10-07,390,389,1,0.9974358974358974,SYF
2024-10-08,390,390,0,1.0,SYF
2024-10-09,390,389,1,0.9974358974358974,SYF
2024-10-10,390,386,4,0.9897435897435898,SYF
2024-10-11,390,389,1,0.9974358974358974,SYF
2024-10-14,390,390,0,1.0,SYF
2024-10-15,390,390,0,1.0,SYF
2024-10-16,390,390,0,1.0,SYF
2024-10-17,390,390,0,1.0,SYF
2024-10-18,390,389,1,0.9974358974358974,SYF
2024-10-21,390,390,0,1.0,SYF
2024-10-22,390,388,2,0.9948717948717949,SYF
2024-10-23,390,385,5,0.9871794871794872,SYF
2024-10-24,390,390,0,1.0,SYF
2024-10-25,390,390,0,1.0,SYF
2024-10-28,390,390,0,1.0,SYF
2024-10-29,390,390,0,1.0,SYF
2024-10-30,390,387,3,0.9923076923076923,SYF
2024-10-31,390,390,0,1.0,SYF
2024-11-01,390,390,0,1.0,SYF
2024-11-04,390,389,1,0.9974358974358974,SYF
2024-11-05,390,389,1,0.9974358974358974,SYF
2024-11-06,390,390,0,1.0,SYF
2024-11-07,390,390,0,1.0,SYF
2024-11-08,390,390,0,1.0,SYF
2024-11-11,390,390,0,1.0,SYF
2024-11-12,390,390,0,1.0,SYF
2024-11-13,390,390,0,1.0,SYF
2024-11-14,390,390,0,1.0,SYF
2024-11-15,390,388,2,0.9948717948717949,SYF
2024-11-18,390,390,0,1.0,SYF
2024-11-19,390,390,0,1.0,SYF
2024-11-20,390,390,0,1.0,SYF
2024-11-21,390,390,0,1.0,SYF
2024-11-22,390,388,2,0.9948717948717949,SYF
2024-11-25,390,389,1,0.9974358974358974,SYF
2024-11-26,390,386,4,0.9897435897435898,SYF
2024-11-27,390,384,6,0.9846153846153847,SYF
2024-11-29,210,210,0,1.0,SYF
2024-12-02,390,386,4,0.9897435897435898,SYF
2024-12-03,390,389,1,0.9974358974358974,SYF
2024-12-04,390,388,2,0.9948717948717949,SYF
2024-12-05,390,390,0,1.0,SYF
2024-12-06,390,388,2,0.9948717948717949,SYF
2024-12-09,390,390,0,1.0,SYF
2024-12-10,390,389,1,0.9974358974358974,SYF
2024-12-11,390,390,0,1.0,SYF
2024-12-12,390,390,0,1.0,SYF
2024-12-13,390,388,2,0.9948717948717949,SYF
2024-12-16,390,389,1,0.9974358974358974,SYF
2024-12-17,390,389,1,0.9974358974358974,SYF
2024-12-18,390,384,6,0.9846153846153847,SYF
2024-12-19,390,389,1,0.9974358974358974,SYF
2024-12-20,390,390,0,1.0,SYF
2024-12-23,390,388,2,0.9948717948717949,SYF
2024-12-24,210,200,10,0.9523809523809523,SYF
2024-12-26,390,373,17,0.9564102564102565,SYF
2024-12-27,390,365,25,0.9358974358974359,SYF
2024-12-30,390,388,2,0.9948717948717949,SYF
2024-12-31,390,380,10,0.9743589743589743,SYF
2025-01-02,390,380,10,0.9743589743589743,SYF
2025-01-03,390,385,5,0.9871794871794872,SYF
2025-01-06,390,388,2,0.9948717948717949,SYF
2025-01-07,390,389,1,0.9974358974358974,SYF
2025-01-08,390,390,0,1.0,SYF
2025-01-10,390,386,4,0.9897435897435898,SYF
2025-01-13,390,387,3,0.9923076923076923,SYF
2025-01-14,390,388,2,0.9948717948717949,SYF
2025-01-15,390,389,1,0.9974358974358974,SYF
2025-01-16,390,387,3,0.9923076923076923,SYF
2025-01-17,390,389,1,0.9974358974358974,SYF
2025-01-21,390,388,2,0.9948717948717949,SYF
2025-01-22,390,390,0,1.0,SYF
2025-01-23,390,389,1,0.9974358974358974,SYF
2025-01-24,390,390,0,1.0,SYF
2025-01-27,390,390,0,1.0,SYF
2025-01-28,390,390,0,1.0,SYF
2025-01-29,390,390,0,1.0,SYF
2025-01-30,390,390,0,1.0,SYF
2025-01-31,390,388,2,0.9948717948717949,SYF
2025-02-03,390,390,0,1.0,SYF
2025-02-04,390,390,0,1.0,SYF
2025-02-05,390,390,0,1.0,SYF
2025-02-06,390,388,2,0.9948717948717949,SYF
2025-02-07,390,390,0,1.0,SYF
2025-02-10,390,390,0,1.0,SYF
2025-02-11,390,390,0,1.0,SYF
2025-02-12,390,390,0,1.0,SYF
2025-02-13,390,390,0,1.0,SYF
2025-02-14,390,387,3,0.9923076923076923,SYF
2025-02-18,390,387,3,0.9923076923076923,SYF
2025-02-19,390,388,2,0.9948717948717949,SYF
2025-02-20,390,390,0,1.0,SYF
2025-02-21,390,389,1,0.9974358974358974,SYF
2025-02-24,390,390,0,1.0,SYF
2025-02-25,390,389,1,0.9974358974358974,SYF
2025-02-26,390,389,1,0.9974358974358974,SYF
2025-02-27,390,387,3,0.9923076923076923,SYF
2025-02-28,390,390,0,1.0,SYF
2025-03-03,390,390,0,1.0,SYF
2025-03-04,390,390,0,1.0,SYF
2025-03-05,390,390,0,1.0,SYF
2025-03-06,390,390,0,1.0,SYF
2025-03-07,390,390,0,1.0,SYF
2025-03-10,390,390,0,1.0,SYF
2025-03-11,390,390,0,1.0,SYF
2025-03-12,390,390,0,1.0,SYF
2025-03-13,390,390,0,1.0,SYF
2025-03-14,390,390,0,1.0,SYF
2025-03-17,390,390,0,1.0,SYF
2025-03-18,390,390,0,1.0,SYF
2025-03-19,390,388,2,0.9948717948717949,SYF
2025-03-20,390,390,0,1.0,SYF
2025-03-21,390,387,3,0.9923076923076923,SYF
2025-03-24,390,387,3,0.9923076923076923,SYF
2025-03-25,390,386,4,0.9897435897435898,SYF
2025-03-26,390,389,1,0.9974358974358974,SYF
2025-03-27,390,390,0,1.0,SYF
2025-03-28,390,389,1,0.9974358974358974,SYF
2025-03-31,390,390,0,1.0,SYF
2025-04-01,390,390,0,1.0,SYF
2025-04-02,390,389,1,0.9974358974358974,SYF
2025-04-03,390,390,0,1.0,SYF
2025-04-04,390,390,0,1.0,SYF
2025-04-07,390,390,0,1.0,SYF
2025-04-08,390,390,0,1.0,SYF
2025-04-09,390,390,0,1.0,SYF
2025-04-10,390,390,0,1.0,SYF
2025-04-11,390,390,0,1.0,SYF
2025-04-14,390,389,1,0.9974358974358974,SYF
2025-04-15,390,389,1,0.9974358974358974,SYF
2025-04-16,390,389,1,0.9974358974358974,SYF
2025-04-17,390,390,0,1.0,SYF
2025-04-21,390,390,0,1.0,SYF
2025-04-22,390,390,0,1.0,SYF
2025-04-23,390,390,0,1.0,SYF
2025-04-24,390,389,1,0.9974358974358974,SYF
2025-04-25,390,387,3,0.9923076923076923,SYF
2025-04-28,390,390,0,1.0,SYF
2025-04-29,390,384,6,0.9846153846153847,SYF
2025-04-30,390,388,2,0.9948717948717949,SYF
2025-05-01,390,390,0,1.0,SYF
2025-05-02,390,390,0,1.0,SYF
2025-05-05,390,387,3,0.9923076923076923,SYF
2025-05-06,390,387,3,0.9923076923076923,SYF
2025-05-07,390,389,1,0.9974358974358974,SYF
2025-05-08,390,390,0,1.0,SYF
2025-05-09,390,389,1,0.9974358974358974,SYF
2025-05-12,390,390,0,1.0,SYF
2025-05-13,390,390,0,1.0,SYF
2025-05-14,390,390,0,1.0,SYF
2025-05-15,390,390,0,1.0,SYF
2025-05-16,390,389,1,0.9974358974358974,SYF
2025-05-19,390,390,0,1.0,SYF
2025-05-20,390,387,3,0.9923076923076923,SYF
2025-05-21,390,390,0,1.0,SYF
2025-05-22,390,390,0,1.0,SYF
2025-05-23,390,388,2,0.9948717948717949,SYF
2025-05-27,390,387,3,0.9923076923076923,SYF
2025-05-28,390,388,2,0.9948717948717949,SYF
2025-05-29,390,385,5,0.9871794871794872,SYF
2025-05-30,390,390,0,1.0,SYF
2025-06-02,390,384,6,0.9846153846153847,SYF
2025-06-03,390,387,3,0.9923076923076923,SYF
2025-06-04,390,389,1,0.9974358974358974,SYF
2025-06-05,390,389,1,0.9974358974358974,SYF
2025-06-06,390,378,12,0.9692307692307692,SYF
2025-06-09,390,390,0,1.0,SYF
2025-06-10,390,382,8,0.9794871794871794,SYF
2025-06-11,390,390,0,1.0,SYF
2025-06-12,390,390,0,1.0,SYF
2025-06-13,390,385,5,0.9871794871794872,SYF
2025-06-16,390,388,2,0.9948717948717949,SYF
2025-06-17,390,387,3,0.9923076923076923,SYF
2025-06-18,390,387,3,0.9923076923076923,SYF
2025-06-20,390,387,3,0.9923076923076923,SYF
2025-06-23,390,390,0,1.0,SYF
2025-06-24,390,387,3,0.9923076923076923,SYF
2025-06-25,390,379,11,0.9717948717948718,SYF
2025-06-26,390,375,15,0.9615384615384616,SYF
2025-06-27,390,387,3,0.9923076923076923,SYF
2025-06-30,390,388,2,0.9948717948717949,SYF
2025-07-01,390,390,0,1.0,SYF
2025-07-02,390,389,1,0.9974358974358974,SYF
2025-07-03,210,210,0,1.0,SYF
2025-07-07,390,389,1,0.9974358974358974,SYF
2025-07-08,390,390,0,1.0,SYF
2025-07-09,390,388,2,0.9948717948717949,SYF
2025-07-10,390,390,0,1.0,SYF
2025-07-11,390,387,3,0.9923076923076923,SYF
2025-07-14,390,390,0,1.0,SYF
2025-07-15,390,388,2,0.9948717948717949,SYF
2025-07-16,390,388,2,0.9948717948717949,SYF
2025-07-17,390,388,2,0.9948717948717949,SYF
2025-07-18,390,390,0,1.0,SYF
2025-07-21,390,390,0,1.0,SYF
2025-07-22,390,390,0,1.0,SYF
2025-07-23,390,390,0,1.0,SYF
2025-07-24,390,389,1,0.9974358974358974,SYF
2025-07-25,390,386,4,0.9897435897435898,SYF
2025-07-28,390,387,3,0.9923076923076923,SYF
2025-07-29,390,390,0,1.0,SYF
2025-07-30,390,389,1,0.9974358974358974,SYF
2025-07-31,390,390,0,1.0,SYF
2025-08-01,390,390,0,1.0,SYF
2025-08-04,390,390,0,1.0,SYF
2025-08-05,390,390,0,1.0,SYF
2025-08-06,390,390,0,1.0,SYF
2025-08-07,390,389,1,0.9974358974358974,SYF
2025-08-08,390,390,0,1.0,SYF
2025-08-11,390,390,0,1.0,SYF
2025-08-12,390,389,1,0.9974358974358974,SYF
2025-08-13,390,390,0,1.0,SYF
2025-08-14,390,389,1,0.9974358974358974,SYF
2025-08-15,390,389,1,0.9974358974358974,SYF
2025-08-18,390,387,3,0.9923076923076923,SYF
2025-08-19,390,387,3,0.9923076923076923,SYF
2025-08-20,390,390,0,1.0,SYF
2025-08-21,390,390,0,1.0,SYF
2025-08-22,390,388,2,0.9948717948717949,SYF
2025-08-25,390,389,1,0.9974358974358974,SYF
2025-08-26,390,389,1,0.9974358974358974,SYF
2025-08-27,390,390,0,1.0,SYF
2025-08-28,390,389,1,0.9974358974358974,SYF
2025-08-29,390,381,9,0.9769230769230769,SYF
2025-09-02,390,390,0,1.0,SYF
2025-09-03,390,388,2,0.9948717948717949,SYF
2025-09-04,390,388,2,0.9948717948717949,SYF
2025-09-05,390,380,10,0.9743589743589743,SYF
2025-09-08,390,390,0,1.0,SYF
2025-09-09,390,390,0,1.0,SYF
2025-09-10,390,389,1,0.9974358974358974,SYF
2025-09-11,390,390,0,1.0,SYF
2025-09-12,390,388,2,0.9948717948717949,SYF
2025-09-15,390,388,2,0.9948717948717949,SYF
2025-09-16,390,390,0,1.0,SYF
2025-09-17,390,390,0,1.0,SYF
2025-09-18,390,384,6,0.9846153846153847,SYF
2025-09-19,390,390,0,1.0,SYF
2025-09-22,390,389,1,0.9974358974358974,SYF
2025-09-23,390,388,2,0.9948717948717949,SYF
2025-09-24,390,387,3,0.9923076923076923,SYF
2025-09-25,390,386,4,0.9897435897435898,SYF
2025-09-26,390,382,8,0.9794871794871794,SYF
2025-09-29,390,390,0,1.0,SYF
2025-09-30,390,390,0,1.0,SYF
2025-10-01,390,390,0,1.0,SYF
2025-10-02,390,390,0,1.0,SYF
2025-10-03,390,390,0,1.0,SYF
2025-10-06,390,389,1,0.9974358974358974,SYF
2025-10-07,390,390,0,1.0,SYF
2025-10-08,390,390,0,1.0,SYF
2025-10-09,390,390,0,1.0,SYF
2025-10-10,390,390,0,1.0,SYF
2025-10-13,390,389,1,0.9974358974358974,SYF
2025-10-14,390,390,0,1.0,SYF
2025-10-15,390,390,0,1.0,SYF
2025-10-16,390,390,0,1.0,SYF
2025-10-17,390,390,0,1.0,SYF
2025-10-20,390,388,2,0.9948717948717949,SYF
2025-10-21,390,388,2,0.9948717948717949,SYF
2025-10-22,390,390,0,1.0,SYF
2025-10-23,390,390,0,1.0,SYF
2025-10-24,390,390,0,1.0,SYF
2025-10-27,390,386,4,0.9897435897435898,SYF
2025-10-28,390,386,4,0.9897435897435898,SYF
2025-10-29,390,389,1,0.9974358974358974,SYF
2025-10-30,390,387,3,0.9923076923076923,SYF
2025-10-31,390,388,2,0.9948717948717949,SYF
2025-11-03,390,390,0,1.0,SYF
2025-11-04,390,389,1,0.9974358974358974,SYF
2025-11-05,390,390,0,1.0,SYF
2025-11-06,390,390,0,1.0,SYF
2025-11-07,390,390,0,1.0,SYF
2025-11-10,390,389,1,0.9974358974358974,SYF
2025-11-11,390,385,5,0.9871794871794872,SYF
2025-11-12,390,388,2,0.9948717948717949,SYF
2025-11-13,390,390,0,1.0,SYF
2025-11-14,390,388,2,0.9948717948717949,SYF
2025-11-17,390,389,1,0.9974358974358974,SYF
2025-11-18,390,390,0,1.0,SYF
2025-11-19,390,390,0,1.0,SYF
2025-11-20,390,390,0,1.0,SYF
2025-11-21,390,390,0,1.0,SYF
2025-11-24,390,388,2,0.9948717948717949,SYF
2025-11-25,390,385,5,0.9871794871794872,SYF
2025-11-26,390,380,10,0.9743589743589743,SYF
2025-11-28,210,198,12,0.9428571428571428,SYF
2025-12-01,390,387,3,0.9923076923076923,SYF
2025-12-02,390,387,3,0.9923076923076923,SYF
2025-12-03,390,387,3,0.9923076923076923,SYF
2025-12-04,390,386,4,0.9897435897435898,SYF
2025-12-05,390,384,6,0.9846153846153847,SYF
2025-12-08,390,377,13,0.9666666666666667,SYF
2025-12-09,390,386,4,0.9897435897435898,SYF
2025-12-10,390,385,5,0.9871794871794872,SYF
2025-12-11,390,383,7,0.982051282051282,SYF
2025-12-12,390,390,0,1.0,SYF
2025-12-15,390,381,9,0.9769230769230769,SYF
2025-12-16,390,383,7,0.982051282051282,SYF
2025-12-17,390,384,6,0.9846153846153847,SYF
2025-12-18,390,384,6,0.9846153846153847,SYF
2025-12-19,390,382,8,0.9794871794871794,SYF
2025-12-22,390,376,14,0.9641025641025641,SYF
2025-12-23,390,342,48,0.8769230769230769,SYF
2025-12-24,210,191,19,0.9095238095238095,SYF
2025-12-26,390,314,76,0.8051282051282052,SYF
2025-12-29,390,355,35,0.9102564102564102,SYF
2025-12-30,390,347,43,0.8897435897435897,SYF
2025-12-31,390,352,38,0.9025641025641026,SYF
2026-01-02,390,379,11,0.9717948717948718,SYF
2026-01-05,390,382,8,0.9794871794871794,SYF
2026-01-06,390,387,3,0.9923076923076923,SYF
2026-01-07,390,388,2,0.9948717948717949,SYF
2026-01-08,390,386,4,0.9897435897435898,SYF
2026-01-09,390,386,4,0.9897435897435898,SYF
2026-01-12,390,390,0,1.0,SYF
2026-01-13,390,390,0,1.0,SYF
2026-01-14,390,390,0,1.0,SYF
2026-01-15,390,386,4,0.9897435897435898,SYF
2026-01-16,390,389,1,0.9974358974358974,SYF
2026-01-20,390,390,0,1.0,SYF
2026-01-21,390,388,2,0.9948717948717949,SYF
2026-01-22,390,387,3,0.9923076923076923,SYF
2026-01-23,390,390,0,1.0,SYF
2026-01-26,390,390,0,1.0,SYF
2026-01-27,390,390,0,1.0,SYF
2026-01-28,390,390,0,1.0,SYF
2026-01-29,390,390,0,1.0,SYF
2026-01-30,390,390,0,1.0,SYF
2026-02-02,390,389,1,0.9974358974358974,SYF
2026-02-03,390,390,0,1.0,SYF
2026-02-04,390,390,0,1.0,SYF
2026-02-05,390,389,1,0.9974358974358974,SYF
2026-02-06,390,387,3,0.9923076923076923,SYF
2026-02-09,390,389,1,0.9974358974358974,SYF
2026-02-10,390,387,3,0.9923076923076923,SYF
2026-02-11,390,388,2,0.9948717948717949,SYF
2026-02-12,390,390,0,1.0,SYF
2026-02-13,390,390,0,1.0,SYF
2026-02-17,390,390,0,1.0,SYF
2026-02-18,390,390,0,1.0,SYF
2026-02-19,390,389,1,0.9974358974358974,SYF
2026-02-20,390,389,1,0.9974358974358974,SYF
2026-02-23,390,390,0,1.0,SYF
2026-02-24,390,390,0,1.0,SYF
2026-02-25,390,390,0,1.0,SYF
2026-02-26,390,390,0,1.0,SYF
2026-02-27,390,390,0,1.0,SYF
2026-03-02,390,390,0,1.0,SYF
2026-03-03,390,390,0,1.0,SYF
2026-03-04,390,390,0,1.0,SYF
2026-03-05,390,389,1,0.9974358974358974,SYF
2026-03-06,390,390,0,1.0,SYF
2026-03-09,390,388,2,0.9948717948717949,SYF
2026-03-10,390,390,0,1.0,SYF
2026-03-11,390,389,1,0.9974358974358974,SYF
2026-03-12,390,390,0,1.0,SYF
2026-03-13,390,390,0,1.0,SYF
2026-03-16,390,384,6,0.9846153846153847,SYF
2026-03-17,390,389,1,0.9974358974358974,SYF
2026-03-18,390,390,0,1.0,SYF
2026-03-19,390,390,0,1.0,SYF
2026-03-20,390,389,1,0.9974358974358974,SYF
2026-03-23,390,390,0,1.0,SYF
2026-03-24,390,389,1,0.9974358974358974,SYF
2026-03-25,390,390,0,1.0,SYF
2026-03-26,390,388,2,0.9948717948717949,SYF
2026-03-27,390,385,5,0.9871794871794872,SYF
2026-03-30,390,386,4,0.9897435897435898,SYF
2026-03-31,390,389,1,0.9974358974358974,SYF
2026-04-01,390,388,2,0.9948717948717949,SYF
2026-04-02,390,389,1,0.9974358974358974,SYF
2026-04-06,390,389,1,0.9974358974358974,SYF
2026-04-07,390,390,0,1.0,SYF
2026-04-08,390,388,2,0.9948717948717949,SYF
2026-04-09,390,390,0,1.0,SYF
2026-04-10,390,386,4,0.9897435897435898,SYF
2026-04-13,390,390,0,1.0,SYF
2026-04-14,390,388,2,0.9948717948717949,SYF
2026-04-15,390,384,6,0.9846153846153847,SYF
2026-04-16,390,389,1,0.9974358974358974,SYF
2026-04-17,390,390,0,1.0,SYF
2026-04-20,390,390,0,1.0,SYF
2026-04-21,390,390,0,1.0,SYF
2026-04-22,390,390,0,1.0,SYF
2026-04-23,390,390,0,1.0,SYF
2026-04-24,390,388,2,0.9948717948717949,SYF
2026-04-27,390,389,1,0.9974358974358974,SYF
2026-04-28,390,390,0,1.0,SYF
2026-04-29,390,390,0,1.0,SYF
2026-04-30,390,384,6,0.9846153846153847,SYF
2026-05-01,390,390,0,1.0,SYF
2026-05-04,390,387,3,0.9923076923076923,SYF
2026-05-05,390,389,1,0.9974358974358974,SYF
2026-05-06,390,389,1,0.9974358974358974,SYF
2026-05-07,390,390,0,1.0,SYF
2026-05-08,390,390,0,1.0,SYF
2026-05-11,390,390,0,1.0,SYF
2026-05-12,390,390,0,1.0,SYF
2026-05-13,390,389,1,0.9974358974358974,SYF
2026-05-14,390,390,0,1.0,SYF
2026-05-15,390,387,3,0.9923076923076923,SYF
2026-05-18,390,389,1,0.9974358974358974,SYF
2026-05-19,390,389,1,0.9974358974358974,SYF
2026-05-20,390,390,0,1.0,SYF
2026-05-21,390,390,0,1.0,SYF
2026-05-22,390,389,1,0.9974358974358974,SYF
2026-05-26,390,386,4,0.9897435897435898,SYF
2026-05-27,390,390,0,1.0,SYF
2026-05-28,390,390,0,1.0,SYF
2026-05-29,390,390,0,1.0,SYF
2026-06-01,390,389,1,0.9974358974358974,SYF
2026-06-02,390,389,1,0.9974358974358974,SYF
2026-06-03,390,389,1,0.9974358974358974,SYF
2026-06-04,390,388,2,0.9948717948717949,SYF
2026-06-05,390,388,2,0.9948717948717949,SYF
2026-06-08,390,387,3,0.9923076923076923,SYF
2026-06-09,390,390,0,1.0,SYF
2026-06-10,390,390,0,1.0,SYF
2026-06-11,390,390,0,1.0,SYF
2026-06-12,390,388,2,0.9948717948717949,SYF
2026-06-15,390,390,0,1.0,SYF
2026-06-16,390,389,1,0.9974358974358974,SYF
2026-06-17,390,389,1,0.9974358974358974,SYF
2026-06-18,390,389,1,0.9974358974358974,SYF
2026-06-22,390,385,5,0.9871794871794872,SYF
2026-06-23,390,382,8,0.9794871794871794,SYF
2026-06-24,390,388,2,0.9948717948717949,SYF
2026-06-25,390,388,2,0.9948717948717949,SYF
2026-06-26,390,388,2,0.9948717948717949,SYF
2026-06-29,390,386,4,0.9897435897435898,SYF
2026-06-30,390,386,4,0.9897435897435898,SYF
2026-07-01,390,388,2,0.9948717948717949,SYF
2026-07-02,390,387,3,0.9923076923076923,SYF
2026-07-06,390,381,9,0.9769230769230769,SYF
2026-07-07,390,385,5,0.9871794871794872,SYF
2026-07-08,390,390,0,1.0,SYF
2026-07-09,390,390,0,1.0,SYF
2026-07-10,390,388,2,0.9948717948717949,SYF
2026-07-13,390,390,0,1.0,SYF
2026-07-14,390,388,2,0.9948717948717949,SYF
2026-07-15,390,389,1,0.9974358974358974,SYF
2026-07-16,390,387,3,0.9923076923076923,SYF
2026-07-17,390,387,3,0.9923076923076923,SYF
2026-07-20,390,390,0,1.0,SYF
2026-07-21,390,390,0,1.0,SYF
2026-07-22,390,390,0,1.0,SYF
2026-07-23,390,389,1,0.9974358974358974,SYF
2026-07-24,390,390,0,1.0,SYF
2026-07-27,390,389,1,0.9974358974358974,SYF
2026-07-28,390,390,0,1.0,SYF
2026-07-29,390,387,3,0.9923076923076923,SYF
2026-07-30,390,382,8,0.9794871794871794,SYF
2026-07-31,390,389,1,0.9974358974358974,SYF
2026-08-03,390,388,2,0.9948717948717949,SYF
2026-08-04,390,387,3,0.9923076923076923,SYF
2026-08-05,390,387,3,0.9923076923076923,SYF
2026-08-06,390,372,18,0.9538461538461539,SYF
2026-08-07,390,375,15,0.9615384615384616,SYF
2026-08-10,390,382,8,0.9794871794871794,SYF
2026-08-11,390,380,10,0.9743589743589743,SYF
2026-08-12,390,375,15,0.9615384615384616,SYF
2026-08-13,390,383,7,0.982051282051282,SYF
2026-08-14,390,379,11,0.9717948717948718,SYF
2026-08-17,390,380,10,0.9743589743589743,SYF
2026-08-18,390,390,0,1.0,SYF
2026-08-19,390,388,2,0.9948717948717949,SYF
2026-08-20,390,390,0,1.0,SYF
2026-08-21,390,384,6,0.9846153846153847,SYF
2026-08-24,390,388,2,0.9948717948717949,SYF
2026-08-25,390,388,2,0.9948717948717949,SYF
2026-08-26,390,389,1,0.9974358974358974,SYF
2026-08-27,390,388,2,0.9948717948717949,SYF
2026-08-28,390,389,1,0.9974358974358974,SYF
2026-08-31,390,389,1,0.9974358974358974,SYF
2026-09-01,390,389,1,0.9974358974358974,SYF
2026-09-02,390,384,6,0.9846153846153847,SYF
2026-09-03,390,373,17,0.9564102564102565,SYF
2026-09-04,390,387,3,0.9923076923076923,SYF
2026-09-08,390,384,6,0.9846153846153847,SYF
2026-09-09,390,385,5,0.9871794871794872,SYF
2023-01-03,390,390,0,1.0,XLF
2023-01-04,390,390,0,1.0,XLF
2023-01-05,390,390,0,1.0,XLF
2023-01-06,390,390,0,1.0,XLF
2023-01-09,390,390,0,1.0,XLF
2023-01-10,390,390,0,1.0,XLF
2023-01-11,390,390,0,1.0,XLF
2023-01-12,390,390,0,1.0,XLF
2023-01-13,390,390,0,1.0,XLF
2023-01-17,390,390,0,1.0,XLF
2023-01-18,390,390,0,1.0,XLF
2023-01-19,390,390,0,1.0,XLF
2023-01-20,390,390,0,1.0,XLF
2023-01-23,390,390,0,1.0,XLF
2023-01-24,390,390,0,1.0,XLF
2023-01-25,390,390,0,1.0,XLF
2023-01-26,390,390,0,1.0,XLF
2023-01-27,390,390,0,1.0,XLF
2023-01-30,390,390,0,1.0,XLF
2023-01-31,390,390,0,1.0,XLF
2023-02-01,390,390,0,1.0,XLF
2023-02-02,390,390,0,1.0,XLF
2023-02-03,390,390,0,1.0,XLF
2023-02-06,390,390,0,1.0,XLF
2023-02-07,390,390,0,1.0,XLF
2023-02-08,390,390,0,1.0,XLF
2023-02-09,390,390,0,1.0,XLF
2023-02-10,390,390,0,1.0,XLF
2023-02-13,390,390,0,1.0,XLF
2023-02-14,390,390,0,1.0,XLF
2023-02-15,390,390,0,1.0,XLF
2023-02-16,390,390,0,1.0,XLF
2023-02-17,390,390,0,1.0,XLF
2023-02-21,390,390,0,1.0,XLF
2023-02-22,390,390,0,1.0,XLF
2023-02-23,390,390,0,1.0,XLF
2023-02-24,390,390,0,1.0,XLF
2023-02-27,390,390,0,1.0,XLF
2023-02-28,390,390,0,1.0,XLF
2023-03-01,390,390,0,1.0,XLF
2023-03-02,390,390,0,1.0,XLF
2023-03-03,390,390,0,1.0,XLF
2023-03-06,390,390,0,1.0,XLF
2023-03-07,390,390,0,1.0,XLF
2023-03-08,390,390,0,1.0,XLF
2023-03-09,390,390,0,1.0,XLF
2023-03-10,390,390,0,1.0,XLF
2023-03-13,390,390,0,1.0,XLF
2023-03-14,390,390,0,1.0,XLF
2023-03-15,390,390,0,1.0,XLF
2023-03-16,390,390,0,1.0,XLF
2023-03-17,390,390,0,1.0,XLF
2023-03-20,390,390,0,1.0,XLF
2023-03-21,390,390,0,1.0,XLF
2023-03-22,390,390,0,1.0,XLF
2023-03-23,390,390,0,1.0,XLF
2023-03-24,390,390,0,1.0,XLF
2023-03-27,390,390,0,1.0,XLF
2023-03-28,390,390,0,1.0,XLF
2023-03-29,390,390,0,1.0,XLF
2023-03-30,390,390,0,1.0,XLF
2023-03-31,390,390,0,1.0,XLF
2023-04-03,390,390,0,1.0,XLF
2023-04-04,390,390,0,1.0,XLF
2023-04-05,390,390,0,1.0,XLF
2023-04-06,390,390,0,1.0,XLF
2023-04-10,390,390,0,1.0,XLF
2023-04-11,390,390,0,1.0,XLF
2023-04-12,390,390,0,1.0,XLF
2023-04-13,390,390,0,1.0,XLF
2023-04-14,390,390,0,1.0,XLF
2023-04-17,390,390,0,1.0,XLF
2023-04-18,390,390,0,1.0,XLF
2023-04-19,390,390,0,1.0,XLF
2023-04-20,390,390,0,1.0,XLF
2023-04-21,390,390,0,1.0,XLF
2023-04-24,390,390,0,1.0,XLF
2023-04-25,390,390,0,1.0,XLF
2023-04-26,390,390,0,1.0,XLF
2023-04-27,390,390,0,1.0,XLF
2023-04-28,390,390,0,1.0,XLF
2023-05-01,390,390,0,1.0,XLF
2023-05-02,390,390,0,1.0,XLF
2023-05-03,390,390,0,1.0,XLF
2023-05-04,390,390,0,1.0,XLF
2023-05-05,390,390,0,1.0,XLF
2023-05-08,390,390,0,1.0,XLF
2023-05-09,390,390,0,1.0,XLF
2023-05-10,390,390,0,1.0,XLF
2023-05-11,390,390,0,1.0,XLF
2023-05-12,390,390,0,1.0,XLF
2023-05-15,390,390,0,1.0,XLF
2023-05-16,390,390,0,1.0,XLF
2023-05-17,390,390,0,1.0,XLF
2023-05-18,390,390,0,1.0,XLF
2023-05-19,390,390,0,1.0,XLF
2023-05-22,390,390,0,1.0,XLF
2023-05-23,390,390,0,1.0,XLF
2023-05-24,390,390,0,1.0,XLF
2023-05-25,390,390,0,1.0,XLF
2023-05-26,390,390,0,1.0,XLF
2023-05-30,390,390,0,1.0,XLF
2023-05-31,390,390,0,1.0,XLF
2023-06-01,390,390,0,1.0,XLF
2023-06-02,390,390,0,1.0,XLF
2023-06-05,390,386,4,0.9897435897435898,XLF
2023-06-06,390,390,0,1.0,XLF
2023-06-07,390,390,0,1.0,XLF
2023-06-08,390,390,0,1.0,XLF
2023-06-09,390,390,0,1.0,XLF
2023-06-12,390,390,0,1.0,XLF
2023-06-13,390,390,0,1.0,XLF
2023-06-14,390,390,0,1.0,XLF
2023-06-15,390,390,0,1.0,XLF
2023-06-16,390,390,0,1.0,XLF
2023-06-20,390,390,0,1.0,XLF
2023-06-21,390,390,0,1.0,XLF
2023-06-22,390,390,0,1.0,XLF
2023-06-23,390,390,0,1.0,XLF
2023-06-26,390,390,0,1.0,XLF
2023-06-27,390,390,0,1.0,XLF
2023-06-28,390,390,0,1.0,XLF
2023-06-29,390,390,0,1.0,XLF
2023-06-30,390,390,0,1.0,XLF
2023-07-03,210,210,0,1.0,XLF
2023-07-05,390,390,0,1.0,XLF
2023-07-06,390,390,0,1.0,XLF
2023-07-07,390,390,0,1.0,XLF
2023-07-10,390,390,0,1.0,XLF
2023-07-11,390,390,0,1.0,XLF
2023-07-12,390,390,0,1.0,XLF
2023-07-13,390,390,0,1.0,XLF
2023-07-14,390,390,0,1.0,XLF
2023-07-17,390,390,0,1.0,XLF
2023-07-18,390,390,0,1.0,XLF
2023-07-19,390,390,0,1.0,XLF
2023-07-20,390,390,0,1.0,XLF
2023-07-21,390,390,0,1.0,XLF
2023-07-24,390,390,0,1.0,XLF
2023-07-25,390,390,0,1.0,XLF
2023-07-26,390,390,0,1.0,XLF
2023-07-27,390,390,0,1.0,XLF
2023-07-28,390,390,0,1.0,XLF
2023-07-31,390,390,0,1.0,XLF
2023-08-01,390,390,0,1.0,XLF
2023-08-02,390,390,0,1.0,XLF
2023-08-03,390,390,0,1.0,XLF
2023-08-04,390,390,0,1.0,XLF
2023-08-07,390,390,0,1.0,XLF
2023-08-08,390,390,0,1.0,XLF
2023-08-09,390,390,0,1.0,XLF
2023-08-10,390,390,0,1.0,XLF
2023-08-11,390,390,0,1.0,XLF
2023-08-14,390,390,0,1.0,XLF
2023-08-15,390,390,0,1.0,XLF
2023-08-16,390,390,0,1.0,XLF
2023-08-17,390,390,0,1.0,XLF
2023-08-18,390,390,0,1.0,XLF
2023-08-21,390,390,0,1.0,XLF
2023-08-22,390,390,0,1.0,XLF
2023-08-23,390,390,0,1.0,XLF
2023-08-24,390,390,0,1.0,XLF
2023-08-25,390,390,0,1.0,XLF
2023-08-28,390,390,0,1.0,XLF
2023-08-29,390,390,0,1.0,XLF
2023-08-30,390,390,0,1.0,XLF
2023-08-31,390,390,0,1.0,XLF
2023-09-01,390,390,0,1.0,XLF
2023-09-05,390,390,0,1.0,XLF
2023-09-06,390,390,0,1.0,XLF
2023-09-07,390,390,0,1.0,XLF
2023-09-08,390,390,0,1.0,XLF
2023-09-11,390,390,0,1.0,XLF
2023-09-12,390,390,0,1.0,XLF
2023-09-13,390,390,0,1.0,XLF
2023-09-14,390,390,0,1.0,XLF
2023-09-15,390,390,0,1.0,XLF
2023-09-18,390,390,0,1.0,XLF
2023-09-19,390,390,0,1.0,XLF
2023-09-20,390,390,0,1.0,XLF
2023-09-21,390,390,0,1.0,XLF
2023-09-22,390,390,0,1.0,XLF
2023-09-25,390,390,0,1.0,XLF
2023-09-26,390,390,0,1.0,XLF
2023-09-27,390,390,0,1.0,XLF
2023-09-28,390,390,0,1.0,XLF
2023-09-29,390,390,0,1.0,XLF
2023-10-02,390,390,0,1.0,XLF
2023-10-03,390,390,0,1.0,XLF
2023-10-04,390,390,0,1.0,XLF
2023-10-05,390,390,0,1.0,XLF
2023-10-06,390,390,0,1.0,XLF
2023-10-09,390,390,0,1.0,XLF
2023-10-10,390,390,0,1.0,XLF
2023-10-11,390,390,0,1.0,XLF
2023-10-12,390,390,0,1.0,XLF
2023-10-13,390,390,0,1.0,XLF
2023-10-16,390,390,0,1.0,XLF
2023-10-17,390,390,0,1.0,XLF
2023-10-18,390,390,0,1.0,XLF
2023-10-19,390,390,0,1.0,XLF
2023-10-20,390,390,0,1.0,XLF
2023-10-23,390,390,0,1.0,XLF
2023-10-24,390,390,0,1.0,XLF
2023-10-25,390,390,0,1.0,XLF
2023-10-26,390,390,0,1.0,XLF
2023-10-27,390,390,0,1.0,XLF
2023-10-30,390,390,0,1.0,XLF
2023-10-31,390,390,0,1.0,XLF
2023-11-01,390,390,0,1.0,XLF
2023-11-02,390,390,0,1.0,XLF
2023-11-03,390,390,0,1.0,XLF
2023-11-06,390,390,0,1.0,XLF
2023-11-07,390,390,0,1.0,XLF
2023-11-08,390,390,0,1.0,XLF
2023-11-09,390,390,0,1.0,XLF
2023-11-10,390,390,0,1.0,XLF
2023-11-13,390,390,0,1.0,XLF
2023-11-14,390,390,0,1.0,XLF
2023-11-15,390,390,0,1.0,XLF
2023-11-16,390,390,0,1.0,XLF
2023-11-17,390,390,0,1.0,XLF
2023-11-20,390,390,0,1.0,XLF
2023-11-21,390,390,0,1.0,XLF
2023-11-22,390,390,0,1.0,XLF
2023-11-24,210,210,0,1.0,XLF
2023-11-27,390,390,0,1.0,XLF
2023-11-28,390,390,0,1.0,XLF
2023-11-29,390,390,0,1.0,XLF
2023-11-30,390,390,0,1.0,XLF
2023-12-01,390,390,0,1.0,XLF
2023-12-04,390,390,0,1.0,XLF
2023-12-05,390,390,0,1.0,XLF
2023-12-06,390,390,0,1.0,XLF
2023-12-07,390,390,0,1.0,XLF
2023-12-08,390,390,0,1.0,XLF
2023-12-11,390,390,0,1.0,XLF
2023-12-12,390,390,0,1.0,XLF
2023-12-13,390,390,0,1.0,XLF
2023-12-14,390,390,0,1.0,XLF
2023-12-15,390,390,0,1.0,XLF
2023-12-18,390,390,0,1.0,XLF
2023-12-19,390,390,0,1.0,XLF
2023-12-20,390,390,0,1.0,XLF
2023-12-21,390,390,0,1.0,XLF
2023-12-22,390,390,0,1.0,XLF
2023-12-26,390,390,0,1.0,XLF
2023-12-27,390,390,0,1.0,XLF
2023-12-28,390,390,0,1.0,XLF
2023-12-29,390,390,0,1.0,XLF
2024-01-02,390,390,0,1.0,XLF
2024-01-03,390,390,0,1.0,XLF
2024-01-04,390,390,0,1.0,XLF
2024-01-05,390,390,0,1.0,XLF
2024-01-08,390,390,0,1.0,XLF
2024-01-09,390,390,0,1.0,XLF
2024-01-10,390,390,0,1.0,XLF
2024-01-11,390,390,0,1.0,XLF
2024-01-12,390,390,0,1.0,XLF
2024-01-16,390,390,0,1.0,XLF
2024-01-17,390,390,0,1.0,XLF
2024-01-18,390,390,0,1.0,XLF
2024-01-19,390,390,0,1.0,XLF
2024-01-22,390,390,0,1.0,XLF
2024-01-23,390,390,0,1.0,XLF
2024-01-24,390,390,0,1.0,XLF
2024-01-25,390,390,0,1.0,XLF
2024-01-26,390,390,0,1.0,XLF
2024-01-29,390,390,0,1.0,XLF
2024-01-30,390,390,0,1.0,XLF
2024-01-31,390,390,0,1.0,XLF
2024-02-01,390,390,0,1.0,XLF
2024-02-02,390,390,0,1.0,XLF
2024-02-05,390,390,0,1.0,XLF
2024-02-06,390,390,0,1.0,XLF
2024-02-07,390,390,0,1.0,XLF
2024-02-08,390,390,0,1.0,XLF
2024-02-09,390,390,0,1.0,XLF
2024-02-12,390,390,0,1.0,XLF
2024-02-13,390,390,0,1.0,XLF
2024-02-14,390,390,0,1.0,XLF
2024-02-15,390,390,0,1.0,XLF
2024-02-16,390,390,0,1.0,XLF
2024-02-20,390,390,0,1.0,XLF
2024-02-21,390,390,0,1.0,XLF
2024-02-22,390,390,0,1.0,XLF
2024-02-23,390,390,0,1.0,XLF
2024-02-26,390,390,0,1.0,XLF
2024-02-27,390,390,0,1.0,XLF
2024-02-28,390,390,0,1.0,XLF
2024-02-29,390,390,0,1.0,XLF
2024-03-01,390,390,0,1.0,XLF
2024-03-04,390,390,0,1.0,XLF
2024-03-05,390,390,0,1.0,XLF
2024-03-06,390,390,0,1.0,XLF
2024-03-07,390,390,0,1.0,XLF
2024-03-08,390,390,0,1.0,XLF
2024-03-11,390,390,0,1.0,XLF
2024-03-12,390,390,0,1.0,XLF
2024-03-13,390,390,0,1.0,XLF
2024-03-14,390,390,0,1.0,XLF
2024-03-15,390,390,0,1.0,XLF
2024-03-18,390,390,0,1.0,XLF
2024-03-19,390,390,0,1.0,XLF
2024-03-20,390,390,0,1.0,XLF
2024-03-21,390,390,0,1.0,XLF
2024-03-22,390,390,0,1.0,XLF
2024-03-25,390,390,0,1.0,XLF
2024-03-26,390,390,0,1.0,XLF
2024-03-27,390,390,0,1.0,XLF
2024-03-28,390,390,0,1.0,XLF
2024-04-01,390,390,0,1.0,XLF
2024-04-02,390,390,0,1.0,XLF
2024-04-03,390,390,0,1.0,XLF
2024-04-04,390,390,0,1.0,XLF
2024-04-05,390,390,0,1.0,XLF
2024-04-08,390,390,0,1.0,XLF
2024-04-09,390,390,0,1.0,XLF
2024-04-10,390,390,0,1.0,XLF
2024-04-11,390,390,0,1.0,XLF
2024-04-12,390,390,0,1.0,XLF
2024-04-15,390,390,0,1.0,XLF
2024-04-16,390,390,0,1.0,XLF
2024-04-17,390,390,0,1.0,XLF
2024-04-18,390,390,0,1.0,XLF
2024-04-19,390,390,0,1.0,XLF
2024-04-22,390,390,0,1.0,XLF
2024-04-23,390,390,0,1.0,XLF
2024-04-24,390,390,0,1.0,XLF
2024-04-25,390,390,0,1.0,XLF
2024-04-26,390,390,0,1.0,XLF
2024-04-29,390,390,0,1.0,XLF
2024-04-30,390,390,0,1.0,XLF
2024-05-01,390,390,0,1.0,XLF
2024-05-02,390,390,0,1.0,XLF
2024-05-03,390,390,0,1.0,XLF
2024-05-06,390,390,0,1.0,XLF
2024-05-07,390,390,0,1.0,XLF
2024-05-08,390,390,0,1.0,XLF
2024-05-09,390,390,0,1.0,XLF
2024-05-10,390,390,0,1.0,XLF
2024-05-13,390,390,0,1.0,XLF
2024-05-14,390,390,0,1.0,XLF
2024-05-15,390,390,0,1.0,XLF
2024-05-16,390,390,0,1.0,XLF
2024-05-17,390,390,0,1.0,XLF
2024-05-20,390,390,0,1.0,XLF
2024-05-21,390,390,0,1.0,XLF
2024-05-22,390,390,0,1.0,XLF
2024-05-23,390,390,0,1.0,XLF
2024-05-24,390,390,0,1.0,XLF
2024-05-28,390,390,0,1.0,XLF
2024-05-29,390,390,0,1.0,XLF
2024-05-30,390,390,0,1.0,XLF
2024-05-31,390,390,0,1.0,XLF
2024-06-03,390,390,0,1.0,XLF
2024-06-04,390,390,0,1.0,XLF
2024-06-05,390,390,0,1.0,XLF
2024-06-06,390,390,0,1.0,XLF
2024-06-07,390,390,0,1.0,XLF
2024-06-10,390,390,0,1.0,XLF
2024-06-11,390,390,0,1.0,XLF
2024-06-12,390,390,0,1.0,XLF
2024-06-13,390,390,0,1.0,XLF
2024-06-14,390,390,0,1.0,XLF
2024-06-17,390,390,0,1.0,XLF
2024-06-18,390,390,0,1.0,XLF
2024-06-20,390,390,0,1.0,XLF
2024-06-21,390,390,0,1.0,XLF
2024-06-24,390,390,0,1.0,XLF
2024-06-25,390,390,0,1.0,XLF
2024-06-26,390,390,0,1.0,XLF
2024-06-27,390,390,0,1.0,XLF
2024-06-28,390,390,0,1.0,XLF
2024-07-01,390,390,0,1.0,XLF
2024-07-02,390,390,0,1.0,XLF
2024-07-03,210,210,0,1.0,XLF
2024-07-05,390,390,0,1.0,XLF
2024-07-08,390,390,0,1.0,XLF
2024-07-09,390,390,0,1.0,XLF
2024-07-10,390,390,0,1.0,XLF
2024-07-11,390,390,0,1.0,XLF
2024-07-12,390,390,0,1.0,XLF
2024-07-15,390,390,0,1.0,XLF
2024-07-16,390,390,0,1.0,XLF
2024-07-17,390,390,0,1.0,XLF
2024-07-18,390,390,0,1.0,XLF
2024-07-19,390,390,0,1.0,XLF
2024-07-22,390,390,0,1.0,XLF
2024-07-23,390,390,0,1.0,XLF
2024-07-24,390,390,0,1.0,XLF
2024-07-25,390,390,0,1.0,XLF
2024-07-26,390,390,0,1.0,XLF
2024-07-29,390,390,0,1.0,XLF
2024-07-30,390,390,0,1.0,XLF
2024-07-31,390,390,0,1.0,XLF
2024-08-01,390,390,0,1.0,XLF
2024-08-02,390,390,0,1.0,XLF
2024-08-05,390,390,0,1.0,XLF
2024-08-06,390,390,0,1.0,XLF
2024-08-07,390,390,0,1.0,XLF
2024-08-08,390,390,0,1.0,XLF
2024-08-09,390,390,0,1.0,XLF
2024-08-12,390,390,0,1.0,XLF
2024-08-13,390,390,0,1.0,XLF
2024-08-14,390,390,0,1.0,XLF
2024-08-15,390,390,0,1.0,XLF
2024-08-16,390,390,0,1.0,XLF
2024-08-19,390,390,0,1.0,XLF
2024-08-20,390,390,0,1.0,XLF
2024-08-21,390,390,0,1.0,XLF
2024-08-22,390,390,0,1.0,XLF
2024-08-23,390,390,0,1.0,XLF
2024-08-26,390,390,0,1.0,XLF
2024-08-27,390,390,0,1.0,XLF
2024-08-28,390,390,0,1.0,XLF
2024-08-29,390,390,0,1.0,XLF
2024-08-30,390,390,0,1.0,XLF
2024-09-03,390,390,0,1.0,XLF
2024-09-04,390,390,0,1.0,XLF
2024-09-05,390,390,0,1.0,XLF
2024-09-06,390,390,0,1.0,XLF
2024-09-09,390,390,0,1.0,XLF
2024-09-10,390,390,0,1.0,XLF
2024-09-11,390,390,0,1.0,XLF
2024-09-12,390,390,0,1.0,XLF
2024-09-13,390,390,0,1.0,XLF
2024-09-16,390,390,0,1.0,XLF
2024-09-17,390,390,0,1.0,XLF
2024-09-18,390,390,0,1.0,XLF
2024-09-19,390,390,0,1.0,XLF
2024-09-20,390,390,0,1.0,XLF
2024-09-23,390,390,0,1.0,XLF
2024-09-24,390,390,0,1.0,XLF
2024-09-25,390,390,0,1.0,XLF
2024-09-26,390,390,0,1.0,XLF
2024-09-27,390,390,0,1.0,XLF
2024-09-30,390,390,0,1.0,XLF
2024-10-01,390,390,0,1.0,XLF
2024-10-02,390,390,0,1.0,XLF
2024-10-03,390,390,0,1.0,XLF
2024-10-04,390,390,0,1.0,XLF
2024-10-07,390,390,0,1.0,XLF
2024-10-08,390,390,0,1.0,XLF
2024-10-09,390,390,0,1.0,XLF
2024-10-10,390,390,0,1.0,XLF
2024-10-11,390,390,0,1.0,XLF
2024-10-14,390,390,0,1.0,XLF
2024-10-15,390,390,0,1.0,XLF
2024-10-16,390,390,0,1.0,XLF
2024-10-17,390,390,0,1.0,XLF
2024-10-18,390,390,0,1.0,XLF
2024-10-21,390,390,0,1.0,XLF
2024-10-22,390,390,0,1.0,XLF
2024-10-23,390,390,0,1.0,XLF
2024-10-24,390,390,0,1.0,XLF
2024-10-25,390,390,0,1.0,XLF
2024-10-28,390,390,0,1.0,XLF
2024-10-29,390,390,0,1.0,XLF
2024-10-30,390,390,0,1.0,XLF
2024-10-31,390,390,0,1.0,XLF
2024-11-01,390,390,0,1.0,XLF
2024-11-04,390,390,0,1.0,XLF
2024-11-05,390,390,0,1.0,XLF
2024-11-06,390,390,0,1.0,XLF
2024-11-07,390,390,0,1.0,XLF
2024-11-08,390,390,0,1.0,XLF
2024-11-11,390,390,0,1.0,XLF
2024-11-12,390,390,0,1.0,XLF
2024-11-13,390,390,0,1.0,XLF
2024-11-14,390,390,0,1.0,XLF
2024-11-15,390,390,0,1.0,XLF
2024-11-18,390,390,0,1.0,XLF
2024-11-19,390,390,0,1.0,XLF
2024-11-20,390,390,0,1.0,XLF
2024-11-21,390,390,0,1.0,XLF
2024-11-22,390,390,0,1.0,XLF
2024-11-25,390,390,0,1.0,XLF
2024-11-26,390,390,0,1.0,XLF
2024-11-27,390,390,0,1.0,XLF
2024-11-29,210,210,0,1.0,XLF
2024-12-02,390,390,0,1.0,XLF
2024-12-03,390,390,0,1.0,XLF
2024-12-04,390,390,0,1.0,XLF
2024-12-05,390,390,0,1.0,XLF
2024-12-06,390,390,0,1.0,XLF
2024-12-09,390,390,0,1.0,XLF
2024-12-10,390,390,0,1.0,XLF
2024-12-11,390,390,0,1.0,XLF
2024-12-12,390,390,0,1.0,XLF
2024-12-13,390,390,0,1.0,XLF
2024-12-16,390,390,0,1.0,XLF
2024-12-17,390,390,0,1.0,XLF
2024-12-18,390,390,0,1.0,XLF
2024-12-19,390,390,0,1.0,XLF
2024-12-20,390,390,0,1.0,XLF
2024-12-23,390,390,0,1.0,XLF
2024-12-24,210,210,0,1.0,XLF
2024-12-26,390,390,0,1.0,XLF
2024-12-27,390,390,0,1.0,XLF
2024-12-30,390,390,0,1.0,XLF
2024-12-31,390,390,0,1.0,XLF
2025-01-02,390,390,0,1.0,XLF
2025-01-03,390,390,0,1.0,XLF
2025-01-06,390,390,0,1.0,XLF
2025-01-07,390,390,0,1.0,XLF
2025-01-08,390,390,0,1.0,XLF
2025-01-10,390,390,0,1.0,XLF
2025-01-13,390,390,0,1.0,XLF
2025-01-14,390,390,0,1.0,XLF
2025-01-15,390,390,0,1.0,XLF
2025-01-16,390,390,0,1.0,XLF
2025-01-17,390,390,0,1.0,XLF
2025-01-21,390,390,0,1.0,XLF
2025-01-22,390,390,0,1.0,XLF
2025-01-23,390,390,0,1.0,XLF
2025-01-24,390,390,0,1.0,XLF
2025-01-27,390,390,0,1.0,XLF
2025-01-28,390,390,0,1.0,XLF
2025-01-29,390,390,0,1.0,XLF
2025-01-30,390,390,0,1.0,XLF
2025-01-31,390,390,0,1.0,XLF
2025-02-03,390,390,0,1.0,XLF
2025-02-04,390,390,0,1.0,XLF
2025-02-05,390,390,0,1.0,XLF
2025-02-06,390,390,0,1.0,XLF
2025-02-07,390,390,0,1.0,XLF
2025-02-10,390,390,0,1.0,XLF
2025-02-11,390,390,0,1.0,XLF
2025-02-12,390,390,0,1.0,XLF
2025-02-13,390,390,0,1.0,XLF
2025-02-14,390,390,0,1.0,XLF
2025-02-18,390,390,0,1.0,XLF
2025-02-19,390,390,0,1.0,XLF
2025-02-20,390,390,0,1.0,XLF
2025-02-21,390,390,0,1.0,XLF
2025-02-24,390,390,0,1.0,XLF
2025-02-25,390,390,0,1.0,XLF
2025-02-26,390,390,0,1.0,XLF
2025-02-27,390,390,0,1.0,XLF
2025-02-28,390,390,0,1.0,XLF
2025-03-03,390,390,0,1.0,XLF
2025-03-04,390,390,0,1.0,XLF
2025-03-05,390,390,0,1.0,XLF
2025-03-06,390,390,0,1.0,XLF
2025-03-07,390,390,0,1.0,XLF
2025-03-10,390,390,0,1.0,XLF
2025-03-11,390,390,0,1.0,XLF
2025-03-12,390,390,0,1.0,XLF
2025-03-13,390,390,0,1.0,XLF
2025-03-14,390,390,0,1.0,XLF
2025-03-17,390,390,0,1.0,XLF
2025-03-18,390,390,0,1.0,XLF
2025-03-19,390,390,0,1.0,XLF
2025-03-20,390,390,0,1.0,XLF
2025-03-21,390,390,0,1.0,XLF
2025-03-24,390,390,0,1.0,XLF
2025-03-25,390,390,0,1.0,XLF
2025-03-26,390,390,0,1.0,XLF
2025-03-27,390,390,0,1.0,XLF
2025-03-28,390,390,0,1.0,XLF
2025-03-31,390,390,0,1.0,XLF
2025-04-01,390,390,0,1.0,XLF
2025-04-02,390,390,0,1.0,XLF
2025-04-03,390,390,0,1.0,XLF
2025-04-04,390,390,0,1.0,XLF
2025-04-07,390,390,0,1.0,XLF
2025-04-08,390,390,0,1.0,XLF
2025-04-09,390,390,0,1.0,XLF
2025-04-10,390,390,0,1.0,XLF
2025-04-11,390,390,0,1.0,XLF
2025-04-14,390,390,0,1.0,XLF
2025-04-15,390,390,0,1.0,XLF
2025-04-16,390,390,0,1.0,XLF
2025-04-17,390,390,0,1.0,XLF
2025-04-21,390,390,0,1.0,XLF
2025-04-22,390,390,0,1.0,XLF
2025-04-23,390,390,0,1.0,XLF
2025-04-24,390,390,0,1.0,XLF
2025-04-25,390,390,0,1.0,XLF
2025-04-28,390,390,0,1.0,XLF
2025-04-29,390,390,0,1.0,XLF
2025-04-30,390,390,0,1.0,XLF
2025-05-01,390,390,0,1.0,XLF
2025-05-02,390,390,0,1.0,XLF
2025-05-05,390,390,0,1.0,XLF
2025-05-06,390,390,0,1.0,XLF
2025-05-07,390,390,0,1.0,XLF
2025-05-08,390,390,0,1.0,XLF
2025-05-09,390,390,0,1.0,XLF
2025-05-12,390,390,0,1.0,XLF
2025-05-13,390,390,0,1.0,XLF
2025-05-14,390,390,0,1.0,XLF
2025-05-15,390,390,0,1.0,XLF
2025-05-16,390,390,0,1.0,XLF
2025-05-19,390,390,0,1.0,XLF
2025-05-20,390,390,0,1.0,XLF
2025-05-21,390,390,0,1.0,XLF
2025-05-22,390,390,0,1.0,XLF
2025-05-23,390,390,0,1.0,XLF
2025-05-27,390,390,0,1.0,XLF
2025-05-28,390,390,0,1.0,XLF
2025-05-29,390,390,0,1.0,XLF
2025-05-30,390,390,0,1.0,XLF
2025-06-02,390,390,0,1.0,XLF
2025-06-03,390,390,0,1.0,XLF
2025-06-04,390,390,0,1.0,XLF
2025-06-05,390,390,0,1.0,XLF
2025-06-06,390,390,0,1.0,XLF
2025-06-09,390,390,0,1.0,XLF
2025-06-10,390,390,0,1.0,XLF
2025-06-11,390,390,0,1.0,XLF
2025-06-12,390,390,0,1.0,XLF
2025-06-13,390,390,0,1.0,XLF
2025-06-16,390,390,0,1.0,XLF
2025-06-17,390,390,0,1.0,XLF
2025-06-18,390,390,0,1.0,XLF
2025-06-20,390,390,0,1.0,XLF
2025-06-23,390,390,0,1.0,XLF
2025-06-24,390,390,0,1.0,XLF
2025-06-25,390,390,0,1.0,XLF
2025-06-26,390,390,0,1.0,XLF
2025-06-27,390,390,0,1.0,XLF
2025-06-30,390,390,0,1.0,XLF
2025-07-01,390,390,0,1.0,XLF
2025-07-02,390,390,0,1.0,XLF
2025-07-03,210,210,0,1.0,XLF
2025-07-07,390,390,0,1.0,XLF
2025-07-08,390,390,0,1.0,XLF
2025-07-09,390,390,0,1.0,XLF
2025-07-10,390,390,0,1.0,XLF
2025-07-11,390,390,0,1.0,XLF
2025-07-14,390,390,0,1.0,XLF
2025-07-15,390,390,0,1.0,XLF
2025-07-16,390,390,0,1.0,XLF
2025-07-17,390,390,0,1.0,XLF
2025-07-18,390,390,0,1.0,XLF
2025-07-21,390,390,0,1.0,XLF
2025-07-22,390,390,0,1.0,XLF
2025-07-23,390,390,0,1.0,XLF
2025-07-24,390,390,0,1.0,XLF
2025-07-25,390,390,0,1.0,XLF
2025-07-28,390,390,0,1.0,XLF
2025-07-29,390,390,0,1.0,XLF
2025-07-30,390,390,0,1.0,XLF
2025-07-31,390,390,0,1.0,XLF
2025-08-01,390,390,0,1.0,XLF
2025-08-04,390,390,0,1.0,XLF
2025-08-05,390,390,0,1.0,XLF
2025-08-06,390,390,0,1.0,XLF
2025-08-07,390,390,0,1.0,XLF
2025-08-08,390,390,0,1.0,XLF
2025-08-11,390,390,0,1.0,XLF
2025-08-12,390,390,0,1.0,XLF
2025-08-13,390,390,0,1.0,XLF
2025-08-14,390,390,0,1.0,XLF
2025-08-15,390,390,0,1.0,XLF
2025-08-18,390,390,0,1.0,XLF
2025-08-19,390,390,0,1.0,XLF
2025-08-20,390,390,0,1.0,XLF
2025-08-21,390,390,0,1.0,XLF
2025-08-22,390,390,0,1.0,XLF
2025-08-25,390,390,0,1.0,XLF
2025-08-26,390,390,0,1.0,XLF
2025-08-27,390,390,0,1.0,XLF
2025-08-28,390,390,0,1.0,XLF
2025-08-29,390,390,0,1.0,XLF
2025-09-02,390,390,0,1.0,XLF
2025-09-03,390,390,0,1.0,XLF
2025-09-04,390,390,0,1.0,XLF
2025-09-05,390,390,0,1.0,XLF
2025-09-08,390,390,0,1.0,XLF
2025-09-09,390,390,0,1.0,XLF
2025-09-10,390,390,0,1.0,XLF
2025-09-11,390,390,0,1.0,XLF
2025-09-12,390,390,0,1.0,XLF
2025-09-15,390,390,0,1.0,XLF
2025-09-16,390,390,0,1.0,XLF
2025-09-17,390,390,0,1.0,XLF
2025-09-18,390,390,0,1.0,XLF
2025-09-19,390,390,0,1.0,XLF
2025-09-22,390,390,0,1.0,XLF
2025-09-23,390,390,0,1.0,XLF
2025-09-24,390,390,0,1.0,XLF
2025-09-25,390,390,0,1.0,XLF
2025-09-26,390,390,0,1.0,XLF
2025-09-29,390,390,0,1.0,XLF
2025-09-30,390,390,0,1.0,XLF
2025-10-01,390,390,0,1.0,XLF
2025-10-02,390,390,0,1.0,XLF
2025-10-03,390,390,0,1.0,XLF
2025-10-06,390,390,0,1.0,XLF
2025-10-07,390,390,0,1.0,XLF
2025-10-08,390,390,0,1.0,XLF
2025-10-09,390,390,0,1.0,XLF
2025-10-10,390,390,0,1.0,XLF
2025-10-13,390,390,0,1.0,XLF
2025-10-14,390,390,0,1.0,XLF
2025-10-15,390,390,0,1.0,XLF
2025-10-16,390,390,0,1.0,XLF
2025-10-17,390,390,0,1.0,XLF
2025-10-20,390,390,0,1.0,XLF
2025-10-21,390,390,0,1.0,XLF
2025-10-22,390,390,0,1.0,XLF
2025-10-23,390,390,0,1.0,XLF
2025-10-24,390,390,0,1.0,XLF
2025-10-27,390,390,0,1.0,XLF
2025-10-28,390,390,0,1.0,XLF
2025-10-29,390,390,0,1.0,XLF
2025-10-30,390,390,0,1.0,XLF
2025-10-31,390,390,0,1.0,XLF
2025-11-03,390,390,0,1.0,XLF
2025-11-04,390,390,0,1.0,XLF
2025-11-05,390,390,0,1.0,XLF
2025-11-06,390,390,0,1.0,XLF
2025-11-07,390,390,0,1.0,XLF
2025-11-10,390,390,0,1.0,XLF
2025-11-11,390,390,0,1.0,XLF
2025-11-12,390,390,0,1.0,XLF
2025-11-13,390,390,0,1.0,XLF
2025-11-14,390,390,0,1.0,XLF
2025-11-17,390,390,0,1.0,XLF
2025-11-18,390,390,0,1.0,XLF
2025-11-19,390,390,0,1.0,XLF
2025-11-20,390,390,0,1.0,XLF
2025-11-21,390,390,0,1.0,XLF
2025-11-24,390,390,0,1.0,XLF
2025-11-25,390,390,0,1.0,XLF
2025-11-26,390,390,0,1.0,XLF
2025-11-28,210,210,0,1.0,XLF
2025-12-01,390,390,0,1.0,XLF
2025-12-02,390,390,0,1.0,XLF
2025-12-03,390,390,0,1.0,XLF
2025-12-04,390,390,0,1.0,XLF
2025-12-05,390,390,0,1.0,XLF
2025-12-08,390,390,0,1.0,XLF
2025-12-09,390,390,0,1.0,XLF
2025-12-10,390,390,0,1.0,XLF
2025-12-11,390,390,0,1.0,XLF
2025-12-12,390,390,0,1.0,XLF
2025-12-15,390,390,0,1.0,XLF
2025-12-16,390,390,0,1.0,XLF
2025-12-17,390,390,0,1.0,XLF
2025-12-18,390,390,0,1.0,XLF
2025-12-19,390,390,0,1.0,XLF
2025-12-22,390,390,0,1.0,XLF
2025-12-23,390,390,0,1.0,XLF
2025-12-24,210,210,0,1.0,XLF
2025-12-26,390,390,0,1.0,XLF
2025-12-29,390,390,0,1.0,XLF
2025-12-30,390,390,0,1.0,XLF
2025-12-31,390,390,0,1.0,XLF
2026-01-02,390,390,0,1.0,XLF
2026-01-05,390,390,0,1.0,XLF
2026-01-06,390,390,0,1.0,XLF
2026-01-07,390,390,0,1.0,XLF
2026-01-08,390,390,0,1.0,XLF
2026-01-09,390,390,0,1.0,XLF
2026-01-12,390,390,0,1.0,XLF
2026-01-13,390,390,0,1.0,XLF
2026-01-14,390,390,0,1.0,XLF
2026-01-15,390,390,0,1.0,XLF
2026-01-16,390,390,0,1.0,XLF
2026-01-20,390,390,0,1.0,XLF
2026-01-21,390,390,0,1.0,XLF
2026-01-22,390,390,0,1.0,XLF
2026-01-23,390,390,0,1.0,XLF
2026-01-26,390,390,0,1.0,XLF
2026-01-27,390,390,0,1.0,XLF
2026-01-28,390,390,0,1.0,XLF
2026-01-29,390,390,0,1.0,XLF
2026-01-30,390,390,0,1.0,XLF
2026-02-02,390,390,0,1.0,XLF
2026-02-03,390,390,0,1.0,XLF
2026-02-04,390,390,0,1.0,XLF
2026-02-05,390,390,0,1.0,XLF
2026-02-06,390,390,0,1.0,XLF
2026-02-09,390,390,0,1.0,XLF
2026-02-10,390,390,0,1.0,XLF
2026-02-11,390,390,0,1.0,XLF
2026-02-12,390,390,0,1.0,XLF
2026-02-13,390,390,0,1.0,XLF
2026-02-17,390,390,0,1.0,XLF
2026-02-18,390,390,0,1.0,XLF
2026-02-19,390,390,0,1.0,XLF
2026-02-20,390,390,0,1.0,XLF
2026-02-23,390,390,0,1.0,XLF
2026-02-24,390,390,0,1.0,XLF
2026-02-25,390,390,0,1.0,XLF
2026-02-26,390,390,0,1.0,XLF
2026-02-27,390,390,0,1.0,XLF
2026-03-02,390,390,0,1.0,XLF
2026-03-03,390,390,0,1.0,XLF
2026-03-04,390,390,0,1.0,XLF
2026-03-05,390,390,0,1.0,XLF
2026-03-06,390,390,0,1.0,XLF
2026-03-09,390,390,0,1.0,XLF
2026-03-10,390,390,0,1.0,XLF
2026-03-11,390,390,0,1.0,XLF
2026-03-12,390,390,0,1.0,XLF
2026-03-13,390,390,0,1.0,XLF
2026-03-16,390,390,0,1.0,XLF
2026-03-17,390,390,0,1.0,XLF
2026-03-18,390,390,0,1.0,XLF
2026-03-19,390,390,0,1.0,XLF
2026-03-20,390,390,0,1.0,XLF
2026-03-23,390,390,0,1.0,XLF
2026-03-24,390,390,0,1.0,XLF
2026-03-25,390,390,0,1.0,XLF
2026-03-26,390,390,0,1.0,XLF
2026-03-27,390,390,0,1.0,XLF
2026-03-30,390,390,0,1.0,XLF
2026-03-31,390,390,0,1.0,XLF
2026-04-01,390,390,0,1.0,XLF
2026-04-02,390,390,0,1.0,XLF
2026-04-06,390,390,0,1.0,XLF
2026-04-07,390,390,0,1.0,XLF
2026-04-08,390,390,0,1.0,XLF
2026-04-09,390,390,0,1.0,XLF
2026-04-10,390,390,0,1.0,XLF
2026-04-13,390,390,0,1.0,XLF
2026-04-14,390,390,0,1.0,XLF
2026-04-15,390,390,0,1.0,XLF
2026-04-16,390,390,0,1.0,XLF
2026-04-17,390,390,0,1.0,XLF
2026-04-20,390,390,0,1.0,XLF
2026-04-21,390,390,0,1.0,XLF
2026-04-22,390,390,0,1.0,XLF
2026-04-23,390,390,0,1.0,XLF
2026-04-24,390,390,0,1.0,XLF
2026-04-27,390,390,0,1.0,XLF
2026-04-28,390,390,0,1.0,XLF
2026-04-29,390,390,0,1.0,XLF
2026-04-30,390,390,0,1.0,XLF
2026-05-01,390,390,0,1.0,XLF
2026-05-04,390,390,0,1.0,XLF
2026-05-05,390,390,0,1.0,XLF
2026-05-06,390,390,0,1.0,XLF
2026-05-07,390,390,0,1.0,XLF
2026-05-08,390,390,0,1.0,XLF
2026-05-11,390,390,0,1.0,XLF
2026-05-12,390,390,0,1.0,XLF
2026-05-13,390,390,0,1.0,XLF
2026-05-14,390,390,0,1.0,XLF
2026-05-15,390,390,0,1.0,XLF
2026-05-18,390,390,0,1.0,XLF
2026-05-19,390,390,0,1.0,XLF
2026-05-20,390,390,0,1.0,XLF
2026-05-21,390,390,0,1.0,XLF
2026-05-22,390,390,0,1.0,XLF
2026-05-26,390,390,0,1.0,XLF
2026-05-27,390,390,0,1.0,XLF
2026-05-28,390,390,0,1.0,XLF
2026-05-29,390,390,0,1.0,XLF
2026-06-01,390,390,0,1.0,XLF
2026-06-02,390,390,0,1.0,XLF
2026-06-03,390,390,0,1.0,XLF
2026-06-04,390,390,0,1.0,XLF
2026-06-05,390,390,0,1.0,XLF
2026-06-08,390,390,0,1.0,XLF
2026-06-09,390,390,0,1.0,XLF
2026-06-10,390,390,0,1.0,XLF
2026-06-11,390,390,0,1.0,XLF
2026-06-12,390,390,0,1.0,XLF
2026-06-15,390,390,0,1.0,XLF
2026-06-16,390,390,0,1.0,XLF
2026-06-17,390,390,0,1.0,XLF
2026-06-18,390,390,0,1.0,XLF
2026-06-22,390,390,0,1.0,XLF
2026-06-23,390,390,0,1.0,XLF
2026-06-24,390,390,0,1.0,XLF
2026-06-25,390,390,0,1.0,XLF
2026-06-26,390,390,0,1.0,XLF
2026-06-29,390,390,0,1.0,XLF
2026-06-30,390,390,0,1.0,XLF
2026-07-01,390,390,0,1.0,XLF
2026-07-02,390,390,0,1.0,XLF
2026-07-06,390,390,0,1.0,XLF
2026-07-07,390,390,0,1.0,XLF
2026-07-08,390,390,0,1.0,XLF
2026-07-09,390,390,0,1.0,XLF
2026-07-10,390,390,0,1.0,XLF
2026-07-13,390,390,0,1.0,XLF
2026-07-14,390,390,0,1.0,XLF
2026-07-15,390,390,0,1.0,XLF
2026-07-16,390,390,0,1.0,XLF
2026-07-17,390,390,0,1.0,XLF
2026-07-20,390,390,0,1.0,XLF
2026-07-21,390,390,0,1.0,XLF
2026-07-22,390,390,0,1.0,XLF
2026-07-23,390,390,0,1.0,XLF
2026-07-24,390,390,0,1.0,XLF
2026-07-27,390,390,0,1.0,XLF
2026-07-28,390,390,0,1.0,XLF
2026-07-29,390,390,0,1.0,XLF
2026-07-30,390,390,0,1.0,XLF
2026-07-31,390,390,0,1.0,XLF
2026-08-03,390,390,0,1.0,XLF
2026-08-04,390,390,0,1.0,XLF
2026-08-05,390,390,0,1.0,XLF
2026-08-06,390,390,0,1.0,XLF
2026-08-07,390,390,0,1.0,XLF
2026-08-10,390,390,0,1.0,XLF
2026-08-11,390,390,0,1.0,XLF
2026-08-12,390,390,0,1.0,XLF
2026-08-13,390,390,0,1.0,XLF
2026-08-14,390,390,0,1.0,XLF
2026-08-17,390,390,0,1.0,XLF
2026-08-18,390,390,0,1.0,XLF
2026-08-19,390,390,0,1.0,XLF
2026-08-20,390,390,0,1.0,XLF
2026-08-21,390,390,0,1.0,XLF
2026-08-24,390,390,0,1.0,XLF
2026-08-25,390,390,0,1.0,XLF
2026-08-26,390,390,0,1.0,XLF
2026-08-27,390,390,0,1.0,XLF
2026-08-28,390,390,0,1.0,XLF
2026-08-31,390,390,0,1.0,XLF
2026-09-01,390,390,0,1.0,XLF
2026-09-02,390,390,0,1.0,XLF
2026-09-03,390,390,0,1.0,XLF
2026-09-04,390,390,0,1.0,XLF
2026-09-08,390,390,0,1.0,XLF
2026-09-09,390,390,0,1.0,XLF
2023-01-03,390,390,0,1.0,SPY
2023-01-04,390,390,0,1.0,SPY
2023-01-05,390,390,0,1.0,SPY
2023-01-06,390,390,0,1.0,SPY
2023-01-09,390,390,0,1.0,SPY
2023-01-10,390,390,0,1.0,SPY
2023-01-11,390,390,0,1.0,SPY
2023-01-12,390,390,0,1.0,SPY
2023-01-13,390,390,0,1.0,SPY
2023-01-17,390,390,0,1.0,SPY
2023-01-18,390,390,0,1.0,SPY
2023-01-19,390,390,0,1.0,SPY
2023-01-20,390,390,0,1.0,SPY
2023-01-23,390,390,0,1.0,SPY
2023-01-24,390,390,0,1.0,SPY
2023-01-25,390,390,0,1.0,SPY
2023-01-26,390,390,0,1.0,SPY
2023-01-27,390,390,0,1.0,SPY
2023-01-30,390,390,0,1.0,SPY
2023-01-31,390,390,0,1.0,SPY
2023-02-01,390,390,0,1.0,SPY
2023-02-02,390,390,0,1.0,SPY
2023-02-03,390,390,0,1.0,SPY
2023-02-06,390,390,0,1.0,SPY
2023-02-07,390,390,0,1.0,SPY
2023-02-08,390,390,0,1.0,SPY
2023-02-09,390,390,0,1.0,SPY
2023-02-10,390,390,0,1.0,SPY
2023-02-13,390,390,0,1.0,SPY
2023-02-14,390,390,0,1.0,SPY
2023-02-15,390,390,0,1.0,SPY
2023-02-16,390,390,0,1.0,SPY
2023-02-17,390,390,0,1.0,SPY
2023-02-21,390,390,0,1.0,SPY
2023-02-22,390,390,0,1.0,SPY
2023-02-23,390,390,0,1.0,SPY
2023-02-24,390,390,0,1.0,SPY
2023-02-27,390,390,0,1.0,SPY
2023-02-28,390,390,0,1.0,SPY
2023-03-01,390,390,0,1.0,SPY
2023-03-02,390,390,0,1.0,SPY
2023-03-03,390,390,0,1.0,SPY
2023-03-06,390,390,0,1.0,SPY
2023-03-07,390,390,0,1.0,SPY
2023-03-08,390,390,0,1.0,SPY
2023-03-09,390,390,0,1.0,SPY
2023-03-10,390,390,0,1.0,SPY
2023-03-13,390,390,0,1.0,SPY
2023-03-14,390,390,0,1.0,SPY
2023-03-15,390,390,0,1.0,SPY
2023-03-16,390,390,0,1.0,SPY
2023-03-17,390,390,0,1.0,SPY
2023-03-20,390,390,0,1.0,SPY
2023-03-21,390,390,0,1.0,SPY
2023-03-22,390,390,0,1.0,SPY
2023-03-23,390,390,0,1.0,SPY
2023-03-24,390,390,0,1.0,SPY
2023-03-27,390,390,0,1.0,SPY
2023-03-28,390,390,0,1.0,SPY
2023-03-29,390,390,0,1.0,SPY
2023-03-30,390,390,0,1.0,SPY
2023-03-31,390,390,0,1.0,SPY
2023-04-03,390,390,0,1.0,SPY
2023-04-04,390,390,0,1.0,SPY
2023-04-05,390,390,0,1.0,SPY
2023-04-06,390,390,0,1.0,SPY
2023-04-10,390,390,0,1.0,SPY
2023-04-11,390,390,0,1.0,SPY
2023-04-12,390,390,0,1.0,SPY
2023-04-13,390,390,0,1.0,SPY
2023-04-14,390,390,0,1.0,SPY
2023-04-17,390,390,0,1.0,SPY
2023-04-18,390,390,0,1.0,SPY
2023-04-19,390,390,0,1.0,SPY
2023-04-20,390,390,0,1.0,SPY
2023-04-21,390,390,0,1.0,SPY
2023-04-24,390,390,0,1.0,SPY
2023-04-25,390,390,0,1.0,SPY
2023-04-26,390,390,0,1.0,SPY
2023-04-27,390,390,0,1.0,SPY
2023-04-28,390,390,0,1.0,SPY
2023-05-01,390,390,0,1.0,SPY
2023-05-02,390,390,0,1.0,SPY
2023-05-03,390,390,0,1.0,SPY
2023-05-04,390,390,0,1.0,SPY
2023-05-05,390,390,0,1.0,SPY
2023-05-08,390,390,0,1.0,SPY
2023-05-09,390,390,0,1.0,SPY
2023-05-10,390,390,0,1.0,SPY
2023-05-11,390,390,0,1.0,SPY
2023-05-12,390,390,0,1.0,SPY
2023-05-15,390,390,0,1.0,SPY
2023-05-16,390,390,0,1.0,SPY
2023-05-17,390,390,0,1.0,SPY
2023-05-18,390,390,0,1.0,SPY
2023-05-19,390,390,0,1.0,SPY
2023-05-22,390,390,0,1.0,SPY
2023-05-23,390,390,0,1.0,SPY
2023-05-24,390,390,0,1.0,SPY
2023-05-25,390,390,0,1.0,SPY
2023-05-26,390,390,0,1.0,SPY
2023-05-30,390,390,0,1.0,SPY
2023-05-31,390,390,0,1.0,SPY
2023-06-01,390,390,0,1.0,SPY
2023-06-02,390,390,0,1.0,SPY
2023-06-05,390,386,4,0.9897435897435898,SPY
2023-06-06,390,390,0,1.0,SPY
2023-06-07,390,390,0,1.0,SPY
2023-06-08,390,390,0,1.0,SPY
2023-06-09,390,390,0,1.0,SPY
2023-06-12,390,390,0,1.0,SPY
2023-06-13,390,390,0,1.0,SPY
2023-06-14,390,390,0,1.0,SPY
2023-06-15,390,390,0,1.0,SPY
2023-06-16,390,390,0,1.0,SPY
2023-06-20,390,390,0,1.0,SPY
2023-06-21,390,390,0,1.0,SPY
2023-06-22,390,390,0,1.0,SPY
2023-06-23,390,390,0,1.0,SPY
2023-06-26,390,390,0,1.0,SPY
2023-06-27,390,390,0,1.0,SPY
2023-06-28,390,390,0,1.0,SPY
2023-06-29,390,390,0,1.0,SPY
2023-06-30,390,390,0,1.0,SPY
2023-07-03,210,210,0,1.0,SPY
2023-07-05,390,390,0,1.0,SPY
2023-07-06,390,390,0,1.0,SPY
2023-07-07,390,390,0,1.0,SPY
2023-07-10,390,390,0,1.0,SPY
2023-07-11,390,390,0,1.0,SPY
2023-07-12,390,390,0,1.0,SPY
2023-07-13,390,390,0,1.0,SPY
2023-07-14,390,390,0,1.0,SPY
2023-07-17,390,390,0,1.0,SPY
2023-07-18,390,390,0,1.0,SPY
2023-07-19,390,390,0,1.0,SPY
2023-07-20,390,390,0,1.0,SPY
2023-07-21,390,390,0,1.0,SPY
2023-07-24,390,390,0,1.0,SPY
2023-07-25,390,390,0,1.0,SPY
2023-07-26,390,390,0,1.0,SPY
2023-07-27,390,390,0,1.0,SPY
2023-07-28,390,390,0,1.0,SPY
2023-07-31,390,390,0,1.0,SPY
2023-08-01,390,390,0,1.0,SPY
2023-08-02,390,390,0,1.0,SPY
2023-08-03,390,390,0,1.0,SPY
2023-08-04,390,390,0,1.0,SPY
2023-08-07,390,390,0,1.0,SPY
2023-08-08,390,390,0,1.0,SPY
2023-08-09,390,390,0,1.0,SPY
2023-08-10,390,390,0,1.0,SPY
2023-08-11,390,390,0,1.0,SPY
2023-08-14,390,390,0,1.0,SPY
2023-08-15,390,390,0,1.0,SPY
2023-08-16,390,390,0,1.0,SPY
2023-08-17,390,390,0,1.0,SPY
2023-08-18,390,390,0,1.0,SPY
2023-08-21,390,390,0,1.0,SPY
2023-08-22,390,390,0,1.0,SPY
2023-08-23,390,390,0,1.0,SPY
2023-08-24,390,390,0,1.0,SPY
2023-08-25,390,390,0,1.0,SPY
2023-08-28,390,390,0,1.0,SPY
2023-08-29,390,390,0,1.0,SPY
2023-08-30,390,390,0,1.0,SPY
2023-08-31,390,390,0,1.0,SPY
2023-09-01,390,390,0,1.0,SPY
2023-09-05,390,390,0,1.0,SPY
2023-09-06,390,390,0,1.0,SPY
2023-09-07,390,390,0,1.0,SPY
2023-09-08,390,390,0,1.0,SPY
2023-09-11,390,390,0,1.0,SPY
2023-09-12,390,390,0,1.0,SPY
2023-09-13,390,390,0,1.0,SPY
2023-09-14,390,390,0,1.0,SPY
2023-09-15,390,390,0,1.0,SPY
2023-09-18,390,390,0,1.0,SPY
2023-09-19,390,390,0,1.0,SPY
2023-09-20,390,390,0,1.0,SPY
2023-09-21,390,390,0,1.0,SPY
2023-09-22,390,390,0,1.0,SPY
2023-09-25,390,390,0,1.0,SPY
2023-09-26,390,390,0,1.0,SPY
2023-09-27,390,390,0,1.0,SPY
2023-09-28,390,390,0,1.0,SPY
2023-09-29,390,390,0,1.0,SPY
2023-10-02,390,390,0,1.0,SPY
2023-10-03,390,390,0,1.0,SPY
2023-10-04,390,390,0,1.0,SPY
2023-10-05,390,390,0,1.0,SPY
2023-10-06,390,390,0,1.0,SPY
2023-10-09,390,390,0,1.0,SPY
2023-10-10,390,390,0,1.0,SPY
2023-10-11,390,390,0,1.0,SPY
2023-10-12,390,390,0,1.0,SPY
2023-10-13,390,390,0,1.0,SPY
2023-10-16,390,390,0,1.0,SPY
2023-10-17,390,390,0,1.0,SPY
2023-10-18,390,390,0,1.0,SPY
2023-10-19,390,390,0,1.0,SPY
2023-10-20,390,390,0,1.0,SPY
2023-10-23,390,390,0,1.0,SPY
2023-10-24,390,390,0,1.0,SPY
2023-10-25,390,390,0,1.0,SPY
2023-10-26,390,390,0,1.0,SPY
2023-10-27,390,390,0,1.0,SPY
2023-10-30,390,390,0,1.0,SPY
2023-10-31,390,390,0,1.0,SPY
2023-11-01,390,390,0,1.0,SPY
2023-11-02,390,390,0,1.0,SPY
2023-11-03,390,390,0,1.0,SPY
2023-11-06,390,390,0,1.0,SPY
2023-11-07,390,390,0,1.0,SPY
2023-11-08,390,390,0,1.0,SPY
2023-11-09,390,390,0,1.0,SPY
2023-11-10,390,390,0,1.0,SPY
2023-11-13,390,390,0,1.0,SPY
2023-11-14,390,390,0,1.0,SPY
2023-11-15,390,390,0,1.0,SPY
2023-11-16,390,390,0,1.0,SPY
2023-11-17,390,390,0,1.0,SPY
2023-11-20,390,390,0,1.0,SPY
2023-11-21,390,390,0,1.0,SPY
2023-11-22,390,390,0,1.0,SPY
2023-11-24,210,210,0,1.0,SPY
2023-11-27,390,390,0,1.0,SPY
2023-11-28,390,390,0,1.0,SPY
2023-11-29,390,390,0,1.0,SPY
2023-11-30,390,390,0,1.0,SPY
2023-12-01,390,390,0,1.0,SPY
2023-12-04,390,390,0,1.0,SPY
2023-12-05,390,390,0,1.0,SPY
2023-12-06,390,390,0,1.0,SPY
2023-12-07,390,390,0,1.0,SPY
2023-12-08,390,390,0,1.0,SPY
2023-12-11,390,390,0,1.0,SPY
2023-12-12,390,390,0,1.0,SPY
2023-12-13,390,390,0,1.0,SPY
2023-12-14,390,390,0,1.0,SPY
2023-12-15,390,390,0,1.0,SPY
2023-12-18,390,390,0,1.0,SPY
2023-12-19,390,390,0,1.0,SPY
2023-12-20,390,390,0,1.0,SPY
2023-12-21,390,390,0,1.0,SPY
2023-12-22,390,390,0,1.0,SPY
2023-12-26,390,390,0,1.0,SPY
2023-12-27,390,390,0,1.0,SPY
2023-12-28,390,390,0,1.0,SPY
2023-12-29,390,390,0,1.0,SPY
2024-01-02,390,390,0,1.0,SPY
2024-01-03,390,390,0,1.0,SPY
2024-01-04,390,390,0,1.0,SPY
2024-01-05,390,390,0,1.0,SPY
2024-01-08,390,390,0,1.0,SPY
2024-01-09,390,390,0,1.0,SPY
2024-01-10,390,390,0,1.0,SPY
2024-01-11,390,390,0,1.0,SPY
2024-01-12,390,390,0,1.0,SPY
2024-01-16,390,390,0,1.0,SPY
2024-01-17,390,390,0,1.0,SPY
2024-01-18,390,390,0,1.0,SPY
2024-01-19,390,390,0,1.0,SPY
2024-01-22,390,390,0,1.0,SPY
2024-01-23,390,390,0,1.0,SPY
2024-01-24,390,390,0,1.0,SPY
2024-01-25,390,390,0,1.0,SPY
2024-01-26,390,390,0,1.0,SPY
2024-01-29,390,390,0,1.0,SPY
2024-01-30,390,390,0,1.0,SPY
2024-01-31,390,390,0,1.0,SPY
2024-02-01,390,390,0,1.0,SPY
2024-02-02,390,390,0,1.0,SPY
2024-02-05,390,390,0,1.0,SPY
2024-02-06,390,390,0,1.0,SPY
2024-02-07,390,390,0,1.0,SPY
2024-02-08,390,390,0,1.0,SPY
2024-02-09,390,390,0,1.0,SPY
2024-02-12,390,390,0,1.0,SPY
2024-02-13,390,390,0,1.0,SPY
2024-02-14,390,390,0,1.0,SPY
2024-02-15,390,390,0,1.0,SPY
2024-02-16,390,390,0,1.0,SPY
2024-02-20,390,390,0,1.0,SPY
2024-02-21,390,390,0,1.0,SPY
2024-02-22,390,390,0,1.0,SPY
2024-02-23,390,390,0,1.0,SPY
2024-02-26,390,390,0,1.0,SPY
2024-02-27,390,390,0,1.0,SPY
2024-02-28,390,390,0,1.0,SPY
2024-02-29,390,390,0,1.0,SPY
2024-03-01,390,390,0,1.0,SPY
2024-03-04,390,390,0,1.0,SPY
2024-03-05,390,390,0,1.0,SPY
2024-03-06,390,390,0,1.0,SPY
2024-03-07,390,390,0,1.0,SPY
2024-03-08,390,390,0,1.0,SPY
2024-03-11,390,390,0,1.0,SPY
2024-03-12,390,390,0,1.0,SPY
2024-03-13,390,390,0,1.0,SPY
2024-03-14,390,390,0,1.0,SPY
2024-03-15,390,390,0,1.0,SPY
2024-03-18,390,390,0,1.0,SPY
2024-03-19,390,390,0,1.0,SPY
2024-03-20,390,390,0,1.0,SPY
2024-03-21,390,390,0,1.0,SPY
2024-03-22,390,390,0,1.0,SPY
2024-03-25,390,390,0,1.0,SPY
2024-03-26,390,390,0,1.0,SPY
2024-03-27,390,390,0,1.0,SPY
2024-03-28,390,390,0,1.0,SPY
2024-04-01,390,390,0,1.0,SPY
2024-04-02,390,390,0,1.0,SPY
2024-04-03,390,390,0,1.0,SPY
2024-04-04,390,390,0,1.0,SPY
2024-04-05,390,390,0,1.0,SPY
2024-04-08,390,390,0,1.0,SPY
2024-04-09,390,390,0,1.0,SPY
2024-04-10,390,390,0,1.0,SPY
2024-04-11,390,390,0,1.0,SPY
2024-04-12,390,390,0,1.0,SPY
2024-04-15,390,390,0,1.0,SPY
2024-04-16,390,390,0,1.0,SPY
2024-04-17,390,390,0,1.0,SPY
2024-04-18,390,390,0,1.0,SPY
2024-04-19,390,390,0,1.0,SPY
2024-04-22,390,390,0,1.0,SPY
2024-04-23,390,390,0,1.0,SPY
2024-04-24,390,390,0,1.0,SPY
2024-04-25,390,390,0,1.0,SPY
2024-04-26,390,390,0,1.0,SPY
2024-04-29,390,390,0,1.0,SPY
2024-04-30,390,390,0,1.0,SPY
2024-05-01,390,390,0,1.0,SPY
2024-05-02,390,390,0,1.0,SPY
2024-05-03,390,390,0,1.0,SPY
2024-05-06,390,390,0,1.0,SPY
2024-05-07,390,390,0,1.0,SPY
2024-05-08,390,390,0,1.0,SPY
2024-05-09,390,390,0,1.0,SPY
2024-05-10,390,390,0,1.0,SPY
2024-05-13,390,390,0,1.0,SPY
2024-05-14,390,390,0,1.0,SPY
2024-05-15,390,390,0,1.0,SPY
2024-05-16,390,390,0,1.0,SPY
2024-05-17,390,390,0,1.0,SPY
2024-05-20,390,390,0,1.0,SPY
2024-05-21,390,390,0,1.0,SPY
2024-05-22,390,390,0,1.0,SPY
2024-05-23,390,390,0,1.0,SPY
2024-05-24,390,390,0,1.0,SPY
2024-05-28,390,390,0,1.0,SPY
2024-05-29,390,390,0,1.0,SPY
2024-05-30,390,390,0,1.0,SPY
2024-05-31,390,390,0,1.0,SPY
2024-06-03,390,390,0,1.0,SPY
2024-06-04,390,390,0,1.0,SPY
2024-06-05,390,390,0,1.0,SPY
2024-06-06,390,390,0,1.0,SPY
2024-06-07,390,390,0,1.0,SPY
2024-06-10,390,390,0,1.0,SPY
2024-06-11,390,390,0,1.0,SPY
2024-06-12,390,390,0,1.0,SPY
2024-06-13,390,390,0,1.0,SPY
2024-06-14,390,390,0,1.0,SPY
2024-06-17,390,390,0,1.0,SPY
2024-06-18,390,390,0,1.0,SPY
2024-06-20,390,390,0,1.0,SPY
2024-06-21,390,390,0,1.0,SPY
2024-06-24,390,390,0,1.0,SPY
2024-06-25,390,390,0,1.0,SPY
2024-06-26,390,390,0,1.0,SPY
2024-06-27,390,390,0,1.0,SPY
2024-06-28,390,390,0,1.0,SPY
2024-07-01,390,390,0,1.0,SPY
2024-07-02,390,390,0,1.0,SPY
2024-07-03,210,210,0,1.0,SPY
2024-07-05,390,390,0,1.0,SPY
2024-07-08,390,390,0,1.0,SPY
2024-07-09,390,390,0,1.0,SPY
2024-07-10,390,390,0,1.0,SPY
2024-07-11,390,390,0,1.0,SPY
2024-07-12,390,390,0,1.0,SPY
2024-07-15,390,390,0,1.0,SPY
2024-07-16,390,390,0,1.0,SPY
2024-07-17,390,390,0,1.0,SPY
2024-07-18,390,390,0,1.0,SPY
2024-07-19,390,390,0,1.0,SPY
2024-07-22,390,390,0,1.0,SPY
2024-07-23,390,390,0,1.0,SPY
2024-07-24,390,390,0,1.0,SPY
2024-07-25,390,390,0,1.0,SPY
2024-07-26,390,390,0,1.0,SPY
2024-07-29,390,390,0,1.0,SPY
2024-07-30,390,390,0,1.0,SPY
2024-07-31,390,390,0,1.0,SPY
2024-08-01,390,390,0,1.0,SPY
2024-08-02,390,390,0,1.0,SPY
2024-08-05,390,390,0,1.0,SPY
2024-08-06,390,390,0,1.0,SPY
2024-08-07,390,390,0,1.0,SPY
2024-08-08,390,390,0,1.0,SPY
2024-08-09,390,390,0,1.0,SPY
2024-08-12,390,390,0,1.0,SPY
2024-08-13,390,390,0,1.0,SPY
2024-08-14,390,390,0,1.0,SPY
2024-08-15,390,390,0,1.0,SPY
2024-08-16,390,390,0,1.0,SPY
2024-08-19,390,390,0,1.0,SPY
2024-08-20,390,390,0,1.0,SPY
2024-08-21,390,390,0,1.0,SPY
2024-08-22,390,390,0,1.0,SPY
2024-08-23,390,390,0,1.0,SPY
2024-08-26,390,390,0,1.0,SPY
2024-08-27,390,390,0,1.0,SPY
2024-08-28,390,390,0,1.0,SPY
2024-08-29,390,390,0,1.0,SPY
2024-08-30,390,390,0,1.0,SPY
2024-09-03,390,390,0,1.0,SPY
2024-09-04,390,390,0,1.0,SPY
2024-09-05,390,390,0,1.0,SPY
2024-09-06,390,390,0,1.0,SPY
2024-09-09,390,390,0,1.0,SPY
2024-09-10,390,390,0,1.0,SPY
2024-09-11,390,390,0,1.0,SPY
2024-09-12,390,390,0,1.0,SPY
2024-09-13,390,390,0,1.0,SPY
2024-09-16,390,390,0,1.0,SPY
2024-09-17,390,390,0,1.0,SPY
2024-09-18,390,390,0,1.0,SPY
2024-09-19,390,390,0,1.0,SPY
2024-09-20,390,390,0,1.0,SPY
2024-09-23,390,390,0,1.0,SPY
2024-09-24,390,390,0,1.0,SPY
2024-09-25,390,390,0,1.0,SPY
2024-09-26,390,390,0,1.0,SPY
2024-09-27,390,390,0,1.0,SPY
2024-09-30,390,390,0,1.0,SPY
2024-10-01,390,390,0,1.0,SPY
2024-10-02,390,390,0,1.0,SPY
2024-10-03,390,390,0,1.0,SPY
2024-10-04,390,390,0,1.0,SPY
2024-10-07,390,390,0,1.0,SPY
2024-10-08,390,390,0,1.0,SPY
2024-10-09,390,390,0,1.0,SPY
2024-10-10,390,390,0,1.0,SPY
2024-10-11,390,390,0,1.0,SPY
2024-10-14,390,390,0,1.0,SPY
2024-10-15,390,390,0,1.0,SPY
2024-10-16,390,390,0,1.0,SPY
2024-10-17,390,390,0,1.0,SPY
2024-10-18,390,390,0,1.0,SPY
2024-10-21,390,390,0,1.0,SPY
2024-10-22,390,390,0,1.0,SPY
2024-10-23,390,390,0,1.0,SPY
2024-10-24,390,390,0,1.0,SPY
2024-10-25,390,390,0,1.0,SPY
2024-10-28,390,390,0,1.0,SPY
2024-10-29,390,390,0,1.0,SPY
2024-10-30,390,390,0,1.0,SPY
2024-10-31,390,390,0,1.0,SPY
2024-11-01,390,390,0,1.0,SPY
2024-11-04,390,390,0,1.0,SPY
2024-11-05,390,390,0,1.0,SPY
2024-11-06,390,390,0,1.0,SPY
2024-11-07,390,390,0,1.0,SPY
2024-11-08,390,390,0,1.0,SPY
2024-11-11,390,390,0,1.0,SPY
2024-11-12,390,390,0,1.0,SPY
2024-11-13,390,390,0,1.0,SPY
2024-11-14,390,390,0,1.0,SPY
2024-11-15,390,390,0,1.0,SPY
2024-11-18,390,390,0,1.0,SPY
2024-11-19,390,390,0,1.0,SPY
2024-11-20,390,390,0,1.0,SPY
2024-11-21,390,390,0,1.0,SPY
2024-11-22,390,390,0,1.0,SPY
2024-11-25,390,390,0,1.0,SPY
2024-11-26,390,390,0,1.0,SPY
2024-11-27,390,390,0,1.0,SPY
2024-11-29,210,210,0,1.0,SPY
2024-12-02,390,390,0,1.0,SPY
2024-12-03,390,390,0,1.0,SPY
2024-12-04,390,390,0,1.0,SPY
2024-12-05,390,390,0,1.0,SPY
2024-12-06,390,390,0,1.0,SPY
2024-12-09,390,390,0,1.0,SPY
2024-12-10,390,390,0,1.0,SPY
2024-12-11,390,390,0,1.0,SPY
2024-12-12,390,390,0,1.0,SPY
2024-12-13,390,390,0,1.0,SPY
2024-12-16,390,390,0,1.0,SPY
2024-12-17,390,390,0,1.0,SPY
2024-12-18,390,390,0,1.0,SPY
2024-12-19,390,390,0,1.0,SPY
2024-12-20,390,390,0,1.0,SPY
2024-12-23,390,390,0,1.0,SPY
2024-12-24,210,210,0,1.0,SPY
2024-12-26,390,390,0,1.0,SPY
2024-12-27,390,390,0,1.0,SPY
2024-12-30,390,390,0,1.0,SPY
2024-12-31,390,390,0,1.0,SPY
2025-01-02,390,390,0,1.0,SPY
2025-01-03,390,390,0,1.0,SPY
2025-01-06,390,390,0,1.0,SPY
2025-01-07,390,390,0,1.0,SPY
2025-01-08,390,390,0,1.0,SPY
2025-01-10,390,390,0,1.0,SPY
2025-01-13,390,390,0,1.0,SPY
2025-01-14,390,390,0,1.0,SPY
2025-01-15,390,390,0,1.0,SPY
2025-01-16,390,390,0,1.0,SPY
2025-01-17,390,390,0,1.0,SPY
2025-01-21,390,390,0,1.0,SPY
2025-01-22,390,390,0,1.0,SPY
2025-01-23,390,390,0,1.0,SPY
2025-01-24,390,390,0,1.0,SPY
2025-01-27,390,390,0,1.0,SPY
2025-01-28,390,390,0,1.0,SPY
2025-01-29,390,390,0,1.0,SPY
2025-01-30,390,390,0,1.0,SPY
2025-01-31,390,390,0,1.0,SPY
2025-02-03,390,390,0,1.0,SPY
2025-02-04,390,390,0,1.0,SPY
2025-02-05,390,390,0,1.0,SPY
2025-02-06,390,390,0,1.0,SPY
2025-02-07,390,390,0,1.0,SPY
2025-02-10,390,390,0,1.0,SPY
2025-02-11,390,390,0,1.0,SPY
2025-02-12,390,390,0,1.0,SPY
2025-02-13,390,390,0,1.0,SPY
2025-02-14,390,390,0,1.0,SPY
2025-02-18,390,390,0,1.0,SPY
2025-02-19,390,390,0,1.0,SPY
2025-02-20,390,390,0,1.0,SPY
2025-02-21,390,390,0,1.0,SPY
2025-02-24,390,390,0,1.0,SPY
2025-02-25,390,390,0,1.0,SPY
2025-02-26,390,390,0,1.0,SPY
2025-02-27,390,390,0,1.0,SPY
2025-02-28,390,390,0,1.0,SPY
2025-03-03,390,390,0,1.0,SPY
2025-03-04,390,390,0,1.0,SPY
2025-03-05,390,390,0,1.0,SPY
2025-03-06,390,390,0,1.0,SPY
2025-03-07,390,390,0,1.0,SPY
2025-03-10,390,390,0,1.0,SPY
2025-03-11,390,390,0,1.0,SPY
2025-03-12,390,390,0,1.0,SPY
2025-03-13,390,390,0,1.0,SPY
2025-03-14,390,390,0,1.0,SPY
2025-03-17,390,390,0,1.0,SPY
2025-03-18,390,390,0,1.0,SPY
2025-03-19,390,390,0,1.0,SPY
2025-03-20,390,390,0,1.0,SPY
2025-03-21,390,390,0,1.0,SPY
2025-03-24,390,390,0,1.0,SPY
2025-03-25,390,390,0,1.0,SPY
2025-03-26,390,390,0,1.0,SPY
2025-03-27,390,390,0,1.0,SPY
2025-03-28,390,390,0,1.0,SPY
2025-03-31,390,390,0,1.0,SPY
2025-04-01,390,390,0,1.0,SPY
2025-04-02,390,390,0,1.0,SPY
2025-04-03,390,390,0,1.0,SPY
2025-04-04,390,390,0,1.0,SPY
2025-04-07,390,390,0,1.0,SPY
2025-04-08,390,390,0,1.0,SPY
2025-04-09,390,390,0,1.0,SPY
2025-04-10,390,390,0,1.0,SPY
2025-04-11,390,390,0,1.0,SPY
2025-04-14,390,390,0,1.0,SPY
2025-04-15,390,390,0,1.0,SPY
2025-04-16,390,390,0,1.0,SPY
2025-04-17,390,390,0,1.0,SPY
2025-04-21,390,390,0,1.0,SPY
2025-04-22,390,390,0,1.0,SPY
2025-04-23,390,390,0,1.0,SPY
2025-04-24,390,390,0,1.0,SPY
2025-04-25,390,390,0,1.0,SPY
2025-04-28,390,390,0,1.0,SPY
2025-04-29,390,390,0,1.0,SPY
2025-04-30,390,390,0,1.0,SPY
2025-05-01,390,390,0,1.0,SPY
2025-05-02,390,390,0,1.0,SPY
2025-05-05,390,390,0,1.0,SPY
2025-05-06,390,390,0,1.0,SPY
2025-05-07,390,390,0,1.0,SPY
2025-05-08,390,390,0,1.0,SPY
2025-05-09,390,390,0,1.0,SPY
2025-05-12,390,390,0,1.0,SPY
2025-05-13,390,390,0,1.0,SPY
2025-05-14,390,390,0,1.0,SPY
2025-05-15,390,390,0,1.0,SPY
2025-05-16,390,390,0,1.0,SPY
2025-05-19,390,390,0,1.0,SPY
2025-05-20,390,390,0,1.0,SPY
2025-05-21,390,390,0,1.0,SPY
2025-05-22,390,390,0,1.0,SPY
2025-05-23,390,390,0,1.0,SPY
2025-05-27,390,390,0,1.0,SPY
2025-05-28,390,390,0,1.0,SPY
2025-05-29,390,390,0,1.0,SPY
2025-05-30,390,390,0,1.0,SPY
2025-06-02,390,390,0,1.0,SPY
2025-06-03,390,390,0,1.0,SPY
2025-06-04,390,390,0,1.0,SPY
2025-06-05,390,390,0,1.0,SPY
2025-06-06,390,390,0,1.0,SPY
2025-06-09,390,390,0,1.0,SPY
2025-06-10,390,390,0,1.0,SPY
2025-06-11,390,390,0,1.0,SPY
2025-06-12,390,390,0,1.0,SPY
2025-06-13,390,390,0,1.0,SPY
2025-06-16,390,390,0,1.0,SPY
2025-06-17,390,390,0,1.0,SPY
2025-06-18,390,390,0,1.0,SPY
2025-06-20,390,390,0,1.0,SPY
2025-06-23,390,390,0,1.0,SPY
2025-06-24,390,390,0,1.0,SPY
2025-06-25,390,390,0,1.0,SPY
2025-06-26,390,390,0,1.0,SPY
2025-06-27,390,390,0,1.0,SPY
2025-06-30,390,390,0,1.0,SPY
2025-07-01,390,390,0,1.0,SPY
2025-07-02,390,390,0,1.0,SPY
2025-07-03,210,210,0,1.0,SPY
2025-07-07,390,390,0,1.0,SPY
2025-07-08,390,390,0,1.0,SPY
2025-07-09,390,390,0,1.0,SPY
2025-07-10,390,390,0,1.0,SPY
2025-07-11,390,390,0,1.0,SPY
2025-07-14,390,390,0,1.0,SPY
2025-07-15,390,390,0,1.0,SPY
2025-07-16,390,390,0,1.0,SPY
2025-07-17,390,390,0,1.0,SPY
2025-07-18,390,390,0,1.0,SPY
2025-07-21,390,390,0,1.0,SPY
2025-07-22,390,390,0,1.0,SPY
2025-07-23,390,390,0,1.0,SPY
2025-07-24,390,390,0,1.0,SPY
2025-07-25,390,390,0,1.0,SPY
2025-07-28,390,390,0,1.0,SPY
2025-07-29,390,390,0,1.0,SPY
2025-07-30,390,390,0,1.0,SPY
2025-07-31,390,390,0,1.0,SPY
2025-08-01,390,390,0,1.0,SPY
2025-08-04,390,390,0,1.0,SPY
2025-08-05,390,390,0,1.0,SPY
2025-08-06,390,390,0,1.0,SPY
2025-08-07,390,390,0,1.0,SPY
2025-08-08,390,390,0,1.0,SPY
2025-08-11,390,390,0,1.0,SPY
2025-08-12,390,390,0,1.0,SPY
2025-08-13,390,390,0,1.0,SPY
2025-08-14,390,390,0,1.0,SPY
2025-08-15,390,390,0,1.0,SPY
2025-08-18,390,390,0,1.0,SPY
2025-08-19,390,390,0,1.0,SPY
2025-08-20,390,390,0,1.0,SPY
2025-08-21,390,390,0,1.0,SPY
2025-08-22,390,390,0,1.0,SPY
2025-08-25,390,390,0,1.0,SPY
2025-08-26,390,390,0,1.0,SPY
2025-08-27,390,390,0,1.0,SPY
2025-08-28,390,390,0,1.0,SPY
2025-08-29,390,390,0,1.0,SPY
2025-09-02,390,390,0,1.0,SPY
2025-09-03,390,390,0,1.0,SPY
2025-09-04,390,390,0,1.0,SPY
2025-09-05,390,390,0,1.0,SPY
2025-09-08,390,390,0,1.0,SPY
2025-09-09,390,390,0,1.0,SPY
2025-09-10,390,390,0,1.0,SPY
2025-09-11,390,390,0,1.0,SPY
2025-09-12,390,390,0,1.0,SPY
2025-09-15,390,390,0,1.0,SPY
2025-09-16,390,390,0,1.0,SPY
2025-09-17,390,390,0,1.0,SPY
2025-09-18,390,390,0,1.0,SPY
2025-09-19,390,390,0,1.0,SPY
2025-09-22,390,390,0,1.0,SPY
2025-09-23,390,390,0,1.0,SPY
2025-09-24,390,390,0,1.0,SPY
2025-09-25,390,390,0,1.0,SPY
2025-09-26,390,390,0,1.0,SPY
2025-09-29,390,390,0,1.0,SPY
2025-09-30,390,390,0,1.0,SPY
2025-10-01,390,390,0,1.0,SPY
2025-10-02,390,390,0,1.0,SPY
2025-10-03,390,390,0,1.0,SPY
2025-10-06,390,390,0,1.0,SPY
2025-10-07,390,390,0,1.0,SPY
2025-10-08,390,390,0,1.0,SPY
2025-10-09,390,390,0,1.0,SPY
2025-10-10,390,390,0,1.0,SPY
2025-10-13,390,390,0,1.0,SPY
2025-10-14,390,390,0,1.0,SPY
2025-10-15,390,390,0,1.0,SPY
2025-10-16,390,390,0,1.0,SPY
2025-10-17,390,390,0,1.0,SPY
2025-10-20,390,390,0,1.0,SPY
2025-10-21,390,390,0,1.0,SPY
2025-10-22,390,390,0,1.0,SPY
2025-10-23,390,390,0,1.0,SPY
2025-10-24,390,390,0,1.0,SPY
2025-10-27,390,390,0,1.0,SPY
2025-10-28,390,390,0,1.0,SPY
2025-10-29,390,390,0,1.0,SPY
2025-10-30,390,390,0,1.0,SPY
2025-10-31,390,390,0,1.0,SPY
2025-11-03,390,390,0,1.0,SPY
2025-11-04,390,390,0,1.0,SPY
2025-11-05,390,390,0,1.0,SPY
2025-11-06,390,390,0,1.0,SPY
2025-11-07,390,390,0,1.0,SPY
2025-11-10,390,390,0,1.0,SPY
2025-11-11,390,390,0,1.0,SPY
2025-11-12,390,390,0,1.0,SPY
2025-11-13,390,390,0,1.0,SPY
2025-11-14,390,390,0,1.0,SPY
2025-11-17,390,390,0,1.0,SPY
2025-11-18,390,390,0,1.0,SPY
2025-11-19,390,390,0,1.0,SPY
2025-11-20,390,390,0,1.0,SPY
2025-11-21,390,390,0,1.0,SPY
2025-11-24,390,390,0,1.0,SPY
2025-11-25,390,390,0,1.0,SPY
2025-11-26,390,390,0,1.0,SPY
2025-11-28,210,210,0,1.0,SPY
2025-12-01,390,390,0,1.0,SPY
2025-12-02,390,390,0,1.0,SPY
2025-12-03,390,390,0,1.0,SPY
2025-12-04,390,390,0,1.0,SPY
2025-12-05,390,390,0,1.0,SPY
2025-12-08,390,390,0,1.0,SPY
2025-12-09,390,390,0,1.0,SPY
2025-12-10,390,390,0,1.0,SPY
2025-12-11,390,390,0,1.0,SPY
2025-12-12,390,390,0,1.0,SPY
2025-12-15,390,390,0,1.0,SPY
2025-12-16,390,390,0,1.0,SPY
2025-12-17,390,390,0,1.0,SPY
2025-12-18,390,390,0,1.0,SPY
2025-12-19,390,390,0,1.0,SPY
2025-12-22,390,390,0,1.0,SPY
2025-12-23,390,390,0,1.0,SPY
2025-12-24,210,210,0,1.0,SPY
2025-12-26,390,390,0,1.0,SPY
2025-12-29,390,390,0,1.0,SPY
2025-12-30,390,390,0,1.0,SPY
2025-12-31,390,390,0,1.0,SPY
2026-01-02,390,390,0,1.0,SPY
2026-01-05,390,390,0,1.0,SPY
2026-01-06,390,390,0,1.0,SPY
2026-01-07,390,390,0,1.0,SPY
2026-01-08,390,390,0,1.0,SPY
2026-01-09,390,390,0,1.0,SPY
2026-01-12,390,390,0,1.0,SPY
2026-01-13,390,390,0,1.0,SPY
2026-01-14,390,390,0,1.0,SPY
2026-01-15,390,390,0,1.0,SPY
2026-01-16,390,390,0,1.0,SPY
2026-01-20,390,390,0,1.0,SPY
2026-01-21,390,390,0,1.0,SPY
2026-01-22,390,390,0,1.0,SPY
2026-01-23,390,390,0,1.0,SPY
2026-01-26,390,390,0,1.0,SPY
2026-01-27,390,390,0,1.0,SPY
2026-01-28,390,390,0,1.0,SPY
2026-01-29,390,390,0,1.0,SPY
2026-01-30,390,390,0,1.0,SPY
2026-02-02,390,390,0,1.0,SPY
2026-02-03,390,390,0,1.0,SPY
2026-02-04,390,390,0,1.0,SPY
2026-02-05,390,390,0,1.0,SPY
2026-02-06,390,390,0,1.0,SPY
2026-02-09,390,390,0,1.0,SPY
2026-02-10,390,390,0,1.0,SPY
2026-02-11,390,390,0,1.0,SPY
2026-02-12,390,390,0,1.0,SPY
2026-02-13,390,390,0,1.0,SPY
2026-02-17,390,390,0,1.0,SPY
2026-02-18,390,390,0,1.0,SPY
2026-02-19,390,390,0,1.0,SPY
2026-02-20,390,390,0,1.0,SPY
2026-02-23,390,390,0,1.0,SPY
2026-02-24,390,390,0,1.0,SPY
2026-02-25,390,390,0,1.0,SPY
2026-02-26,390,390,0,1.0,SPY
2026-02-27,390,390,0,1.0,SPY
2026-03-02,390,390,0,1.0,SPY
2026-03-03,390,390,0,1.0,SPY
2026-03-04,390,390,0,1.0,SPY
2026-03-05,390,390,0,1.0,SPY
2026-03-06,390,390,0,1.0,SPY
2026-03-09,390,390,0,1.0,SPY
2026-03-10,390,390,0,1.0,SPY
2026-03-11,390,390,0,1.0,SPY
2026-03-12,390,390,0,1.0,SPY
2026-03-13,390,390,0,1.0,SPY
2026-03-16,390,390,0,1.0,SPY
2026-03-17,390,390,0,1.0,SPY
2026-03-18,390,390,0,1.0,SPY
2026-03-19,390,390,0,1.0,SPY
2026-03-20,390,390,0,1.0,SPY
2026-03-23,390,390,0,1.0,SPY
2026-03-24,390,390,0,1.0,SPY
2026-03-25,390,390,0,1.0,SPY
2026-03-26,390,390,0,1.0,SPY
2026-03-27,390,390,0,1.0,SPY
2026-03-30,390,390,0,1.0,SPY
2026-03-31,390,390,0,1.0,SPY
2026-04-01,390,390,0,1.0,SPY
2026-04-02,390,390,0,1.0,SPY
2026-04-06,390,390,0,1.0,SPY
2026-04-07,390,390,0,1.0,SPY
2026-04-08,390,390,0,1.0,SPY
2026-04-09,390,390,0,1.0,SPY
2026-04-10,390,390,0,1.0,SPY
2026-04-13,390,390,0,1.0,SPY
2026-04-14,390,390,0,1.0,SPY
2026-04-15,390,390,0,1.0,SPY
2026-04-16,390,390,0,1.0,SPY
2026-04-17,390,390,0,1.0,SPY
2026-04-20,390,390,0,1.0,SPY
2026-04-21,390,390,0,1.0,SPY
2026-04-22,390,390,0,1.0,SPY
2026-04-23,390,390,0,1.0,SPY
2026-04-24,390,390,0,1.0,SPY
2026-04-27,390,390,0,1.0,SPY
2026-04-28,390,390,0,1.0,SPY
2026-04-29,390,390,0,1.0,SPY
2026-04-30,390,390,0,1.0,SPY
2026-05-01,390,390,0,1.0,SPY
2026-05-04,390,390,0,1.0,SPY
2026-05-05,390,390,0,1.0,SPY
2026-05-06,390,390,0,1.0,SPY
2026-05-07,390,390,0,1.0,SPY
2026-05-08,390,390,0,1.0,SPY
2026-05-11,390,390,0,1.0,SPY
2026-05-12,390,390,0,1.0,SPY
2026-05-13,390,390,0,1.0,SPY
2026-05-14,390,390,0,1.0,SPY
2026-05-15,390,390,0,1.0,SPY
2026-05-18,390,390,0,1.0,SPY
2026-05-19,390,390,0,1.0,SPY
2026-05-20,390,390,0,1.0,SPY
2026-05-21,390,390,0,1.0,SPY
2026-05-22,390,390,0,1.0,SPY
2026-05-26,390,390,0,1.0,SPY
2026-05-27,390,390,0,1.0,SPY
2026-05-28,390,390,0,1.0,SPY
2026-05-29,390,390,0,1.0,SPY
2026-06-01,390,390,0,1.0,SPY
2026-06-02,390,390,0,1.0,SPY
2026-06-03,390,390,0,1.0,SPY
2026-06-04,390,390,0,1.0,SPY
2026-06-05,390,390,0,1.0,SPY
2026-06-08,390,390,0,1.0,SPY
2026-06-09,390,390,0,1.0,SPY
2026-06-10,390,390,0,1.0,SPY
2026-06-11,390,390,0,1.0,SPY
2026-06-12,390,390,0,1.0,SPY
2026-06-15,390,390,0,1.0,SPY
2026-06-16,390,390,0,1.0,SPY
2026-06-17,390,390,0,1.0,SPY
2026-06-18,390,390,0,1.0,SPY
2026-06-22,390,390,0,1.0,SPY
2026-06-23,390,390,0,1.0,SPY
2026-06-24,390,390,0,1.0,SPY
2026-06-25,390,390,0,1.0,SPY
2026-06-26,390,390,0,1.0,SPY
2026-06-29,390,390,0,1.0,SPY
2026-06-30,390,390,0,1.0,SPY
2026-07-01,390,390,0,1.0,SPY
2026-07-02,390,390,0,1.0,SPY
2026-07-06,390,390,0,1.0,SPY
2026-07-07,390,390,0,1.0,SPY
2026-07-08,390,390,0,1.0,SPY
2026-07-09,390,390,0,1.0,SPY
2026-07-10,390,390,0,1.0,SPY
2026-07-13,390,390,0,1.0,SPY
2026-07-14,390,390,0,1.0,SPY
2026-07-15,390,390,0,1.0,SPY
2026-07-16,390,390,0,1.0,SPY
2026-07-17,390,390,0,1.0,SPY
2026-07-20,390,390,0,1.0,SPY
2026-07-21,390,390,0,1.0,SPY
2026-07-22,390,390,0,1.0,SPY
2026-07-23,390,390,0,1.0,SPY
2026-07-24,390,390,0,1.0,SPY
2026-07-27,390,390,0,1.0,SPY
2026-07-28,390,390,0,1.0,SPY
2026-07-29,390,390,0,1.0,SPY
2026-07-30,390,390,0,1.0,SPY
2026-07-31,390,390,0,1.0,SPY
2026-08-03,390,390,0,1.0,SPY
2026-08-04,390,390,0,1.0,SPY
2026-08-05,390,390,0,1.0,SPY
2026-08-06,390,390,0,1.0,SPY
2026-08-07,390,390,0,1.0,SPY
2026-08-10,390,390,0,1.0,SPY
2026-08-11,390,390,0,1.0,SPY
2026-08-12,390,390,0,1.0,SPY
2026-08-13,390,390,0,1.0,SPY
2026-08-14,390,390,0,1.0,SPY
2026-08-17,390,390,0,1.0,SPY
2026-08-18,390,390,0,1.0,SPY
2026-08-19,390,390,0,1.0,SPY
2026-08-20,390,390,0,1.0,SPY
2026-08-21,390,390,0,1.0,SPY
2026-08-24,390,390,0,1.0,SPY
2026-08-25,390,390,0,1.0,SPY
2026-08-26,390,390,0,1.0,SPY
2026-08-27,390,390,0,1.0,SPY
2026-08-28,390,390,0,1.0,SPY
2026-08-31,390,390,0,1.0,SPY
2026-09-01,390,390,0,1.0,SPY
2026-09-02,390,390,0,1.0,SPY
2026-09-03,390,390,0,1.0,SPY
2026-09-04,390,390,0,1.0,SPY
2026-09-08,390,390,0,1.0,SPY
2026-09-09,390,390,0,1.0,SPY
